section,d,p,T,key,value
measure,5,0.001,0.75,max_largest_tree_size,2
measure,5,0.001,0.75,mean_largest_tree_size,0.083
measure,5,0.001,0.75,mean_blossom_formations,0.02
measure,5,0.001,0.75,mean_matched_blossom_shatters,0.011
measure,5,0.001,0.75,max_blossom_nesting_depth,1
measure,5,0.001,0.75,max_blossom_members,3
measure,5,0.001,0.75,max_exposed_blossom_depth,1
measure,5,0.001,0.75,max_exposed_blossom_members,3
measure,5,0.001,0.75,mean_solve_dependent_depth,0.604
measure,5,0.001,0.75,max_solve_dependent_depth,4
measure,5,0.001,0.75,mean_harvest_dependent_depth,1.271
measure,5,0.001,0.75,max_harvest_dependent_depth,4
measure,5,0.001,0.75,mean_solve_events,0.866
measure,5,0.001,0.75,harvest_share_of_critical_path,0.677867
depth,5,0.001,0.75,exposed_depth_0,0
depth,5,0.001,0.75,exposed_depth_1,9
depth,5,0.001,0.75,exposed_depth_2,0
depth,5,0.001,0.75,exposed_depth_3,0
depth,5,0.001,0.75,exposed_depth_4,0
depth,5,0.001,0.75,exposed_depth_5,0
depth,5,0.001,0.75,exposed_depth_6,0
depth,5,0.001,0.75,exposed_depth_7,0
depth,5,0.001,0.75,exposed_depth_8,0
measure,5,0.001,1,max_largest_tree_size,2
measure,5,0.001,1,mean_largest_tree_size,0.004
measure,5,0.001,1,mean_blossom_formations,0.022
measure,5,0.001,1,mean_matched_blossom_shatters,0.022
measure,5,0.001,1,max_blossom_nesting_depth,1
measure,5,0.001,1,max_blossom_members,3
measure,5,0.001,1,max_exposed_blossom_depth,0
measure,5,0.001,1,max_exposed_blossom_members,0
measure,5,0.001,1,mean_solve_dependent_depth,0.653
measure,5,0.001,1,max_solve_dependent_depth,4
measure,5,0.001,1,mean_harvest_dependent_depth,1.304
measure,5,0.001,1,max_harvest_dependent_depth,4
measure,5,0.001,1,mean_solve_events,0.944
measure,5,0.001,1,harvest_share_of_critical_path,0.666326
depth,5,0.001,1,exposed_depth_0,0
depth,5,0.001,1,exposed_depth_1,0
depth,5,0.001,1,exposed_depth_2,0
depth,5,0.001,1,exposed_depth_3,0
depth,5,0.001,1,exposed_depth_4,0
depth,5,0.001,1,exposed_depth_5,0
depth,5,0.001,1,exposed_depth_6,0
depth,5,0.001,1,exposed_depth_7,0
depth,5,0.001,1,exposed_depth_8,0
measure,5,0.001,1.5,max_largest_tree_size,1
measure,5,0.001,1.5,mean_largest_tree_size,0.001
measure,5,0.001,1.5,mean_blossom_formations,0.022
measure,5,0.001,1.5,mean_matched_blossom_shatters,0.022
measure,5,0.001,1.5,max_blossom_nesting_depth,1
measure,5,0.001,1.5,max_blossom_members,3
measure,5,0.001,1.5,max_exposed_blossom_depth,0
measure,5,0.001,1.5,max_exposed_blossom_members,0
measure,5,0.001,1.5,mean_solve_dependent_depth,0.654
measure,5,0.001,1.5,max_solve_dependent_depth,4
measure,5,0.001,1.5,mean_harvest_dependent_depth,1.305
measure,5,0.001,1.5,max_harvest_dependent_depth,4
measure,5,0.001,1.5,mean_solve_events,0.946
measure,5,0.001,1.5,harvest_share_of_critical_path,0.666156
depth,5,0.001,1.5,exposed_depth_0,0
depth,5,0.001,1.5,exposed_depth_1,0
depth,5,0.001,1.5,exposed_depth_2,0
depth,5,0.001,1.5,exposed_depth_3,0
depth,5,0.001,1.5,exposed_depth_4,0
depth,5,0.001,1.5,exposed_depth_5,0
depth,5,0.001,1.5,exposed_depth_6,0
depth,5,0.001,1.5,exposed_depth_7,0
depth,5,0.001,1.5,exposed_depth_8,0
measure,5,0.001,2,max_largest_tree_size,0
measure,5,0.001,2,mean_largest_tree_size,0
measure,5,0.001,2,mean_blossom_formations,0.022
measure,5,0.001,2,mean_matched_blossom_shatters,0.022
measure,5,0.001,2,max_blossom_nesting_depth,1
measure,5,0.001,2,max_blossom_members,3
measure,5,0.001,2,max_exposed_blossom_depth,0
measure,5,0.001,2,max_exposed_blossom_members,0
measure,5,0.001,2,mean_solve_dependent_depth,0.654
measure,5,0.001,2,max_solve_dependent_depth,4
measure,5,0.001,2,mean_harvest_dependent_depth,1.306
measure,5,0.001,2,max_harvest_dependent_depth,4
measure,5,0.001,2,mean_solve_events,0.947
measure,5,0.001,2,harvest_share_of_critical_path,0.666327
depth,5,0.001,2,exposed_depth_0,0
depth,5,0.001,2,exposed_depth_1,0
depth,5,0.001,2,exposed_depth_2,0
depth,5,0.001,2,exposed_depth_3,0
depth,5,0.001,2,exposed_depth_4,0
depth,5,0.001,2,exposed_depth_5,0
depth,5,0.001,2,exposed_depth_6,0
depth,5,0.001,2,exposed_depth_7,0
depth,5,0.001,2,exposed_depth_8,0
measure,5,0.003,0.75,max_largest_tree_size,4
measure,5,0.003,0.75,mean_largest_tree_size,0.253
measure,5,0.003,0.75,mean_blossom_formations,0.069
measure,5,0.003,0.75,mean_matched_blossom_shatters,0.046
measure,5,0.003,0.75,max_blossom_nesting_depth,2
measure,5,0.003,0.75,max_blossom_members,5
measure,5,0.003,0.75,max_exposed_blossom_depth,2
measure,5,0.003,0.75,max_exposed_blossom_members,5
measure,5,0.003,0.75,mean_solve_dependent_depth,1.274
measure,5,0.003,0.75,max_solve_dependent_depth,6
measure,5,0.003,0.75,mean_harvest_dependent_depth,2.156
measure,5,0.003,0.75,max_harvest_dependent_depth,5
measure,5,0.003,0.75,mean_solve_events,2.689
measure,5,0.003,0.75,harvest_share_of_critical_path,0.628571
depth,5,0.003,0.75,exposed_depth_0,0
depth,5,0.003,0.75,exposed_depth_1,21
depth,5,0.003,0.75,exposed_depth_2,1
depth,5,0.003,0.75,exposed_depth_3,0
depth,5,0.003,0.75,exposed_depth_4,0
depth,5,0.003,0.75,exposed_depth_5,0
depth,5,0.003,0.75,exposed_depth_6,0
depth,5,0.003,0.75,exposed_depth_7,0
depth,5,0.003,0.75,exposed_depth_8,0
measure,5,0.003,1,max_largest_tree_size,2
measure,5,0.003,1,mean_largest_tree_size,0.029
measure,5,0.003,1,mean_blossom_formations,0.076
measure,5,0.003,1,mean_matched_blossom_shatters,0.066
measure,5,0.003,1,max_blossom_nesting_depth,2
measure,5,0.003,1,max_blossom_members,5
measure,5,0.003,1,max_exposed_blossom_depth,2
measure,5,0.003,1,max_exposed_blossom_members,5
measure,5,0.003,1,mean_solve_dependent_depth,1.358
measure,5,0.003,1,max_solve_dependent_depth,6
measure,5,0.003,1,mean_harvest_dependent_depth,2.258
measure,5,0.003,1,max_harvest_dependent_depth,5
measure,5,0.003,1,mean_solve_events,2.939
measure,5,0.003,1,harvest_share_of_critical_path,0.624447
depth,5,0.003,1,exposed_depth_0,0
depth,5,0.003,1,exposed_depth_1,5
depth,5,0.003,1,exposed_depth_2,2
depth,5,0.003,1,exposed_depth_3,0
depth,5,0.003,1,exposed_depth_4,0
depth,5,0.003,1,exposed_depth_5,0
depth,5,0.003,1,exposed_depth_6,0
depth,5,0.003,1,exposed_depth_7,0
depth,5,0.003,1,exposed_depth_8,0
measure,5,0.003,1.5,max_largest_tree_size,1
measure,5,0.003,1.5,mean_largest_tree_size,0.002
measure,5,0.003,1.5,mean_blossom_formations,0.079
measure,5,0.003,1.5,mean_matched_blossom_shatters,0.075
measure,5,0.003,1.5,max_blossom_nesting_depth,2
measure,5,0.003,1.5,max_blossom_members,5
measure,5,0.003,1.5,max_exposed_blossom_depth,0
measure,5,0.003,1.5,max_exposed_blossom_members,0
measure,5,0.003,1.5,mean_solve_dependent_depth,1.372
measure,5,0.003,1.5,max_solve_dependent_depth,8
measure,5,0.003,1.5,mean_harvest_dependent_depth,2.262
measure,5,0.003,1.5,max_harvest_dependent_depth,5
measure,5,0.003,1.5,mean_solve_events,2.973
measure,5,0.003,1.5,harvest_share_of_critical_path,0.622455
depth,5,0.003,1.5,exposed_depth_0,0
depth,5,0.003,1.5,exposed_depth_1,0
depth,5,0.003,1.5,exposed_depth_2,0
depth,5,0.003,1.5,exposed_depth_3,0
depth,5,0.003,1.5,exposed_depth_4,0
depth,5,0.003,1.5,exposed_depth_5,0
depth,5,0.003,1.5,exposed_depth_6,0
depth,5,0.003,1.5,exposed_depth_7,0
depth,5,0.003,1.5,exposed_depth_8,0
measure,5,0.003,2,max_largest_tree_size,0
measure,5,0.003,2,mean_largest_tree_size,0
measure,5,0.003,2,mean_blossom_formations,0.079
measure,5,0.003,2,mean_matched_blossom_shatters,0.075
measure,5,0.003,2,max_blossom_nesting_depth,2
measure,5,0.003,2,max_blossom_members,5
measure,5,0.003,2,max_exposed_blossom_depth,0
measure,5,0.003,2,max_exposed_blossom_members,0
measure,5,0.003,2,mean_solve_dependent_depth,1.373
measure,5,0.003,2,max_solve_dependent_depth,8
measure,5,0.003,2,mean_harvest_dependent_depth,2.263
measure,5,0.003,2,max_harvest_dependent_depth,5
measure,5,0.003,2,mean_solve_events,2.977
measure,5,0.003,2,harvest_share_of_critical_path,0.622387
depth,5,0.003,2,exposed_depth_0,0
depth,5,0.003,2,exposed_depth_1,0
depth,5,0.003,2,exposed_depth_2,0
depth,5,0.003,2,exposed_depth_3,0
depth,5,0.003,2,exposed_depth_4,0
depth,5,0.003,2,exposed_depth_5,0
depth,5,0.003,2,exposed_depth_6,0
depth,5,0.003,2,exposed_depth_7,0
depth,5,0.003,2,exposed_depth_8,0
measure,5,0.005,0.75,max_largest_tree_size,4
measure,5,0.005,0.75,mean_largest_tree_size,0.429
measure,5,0.005,0.75,mean_blossom_formations,0.101
measure,5,0.005,0.75,mean_matched_blossom_shatters,0.041
measure,5,0.005,0.75,max_blossom_nesting_depth,3
measure,5,0.005,0.75,max_blossom_members,11
measure,5,0.005,0.75,max_exposed_blossom_depth,3
measure,5,0.005,0.75,max_exposed_blossom_members,11
measure,5,0.005,0.75,mean_solve_dependent_depth,1.612
measure,5,0.005,0.75,max_solve_dependent_depth,7
measure,5,0.005,0.75,mean_harvest_dependent_depth,2.935
measure,5,0.005,0.75,max_harvest_dependent_depth,5
measure,5,0.005,0.75,mean_solve_events,4.446
measure,5,0.005,0.75,harvest_share_of_critical_path,0.645481
depth,5,0.005,0.75,exposed_depth_0,0
depth,5,0.005,0.75,exposed_depth_1,54
depth,5,0.005,0.75,exposed_depth_2,0
depth,5,0.005,0.75,exposed_depth_3,1
depth,5,0.005,0.75,exposed_depth_4,0
depth,5,0.005,0.75,exposed_depth_5,0
depth,5,0.005,0.75,exposed_depth_6,0
depth,5,0.005,0.75,exposed_depth_7,0
depth,5,0.005,0.75,exposed_depth_8,0
measure,5,0.005,1,max_largest_tree_size,4
measure,5,0.005,1,mean_largest_tree_size,0.06
measure,5,0.005,1,mean_blossom_formations,0.116
measure,5,0.005,1,mean_matched_blossom_shatters,0.096
measure,5,0.005,1,max_blossom_nesting_depth,3
measure,5,0.005,1,max_blossom_members,11
measure,5,0.005,1,max_exposed_blossom_depth,2
measure,5,0.005,1,max_exposed_blossom_members,5
measure,5,0.005,1,mean_solve_dependent_depth,1.796
measure,5,0.005,1,max_solve_dependent_depth,7
measure,5,0.005,1,mean_harvest_dependent_depth,3.049
measure,5,0.005,1,max_harvest_dependent_depth,5
measure,5,0.005,1,mean_solve_events,4.888
measure,5,0.005,1,harvest_share_of_critical_path,0.629309
depth,5,0.005,1,exposed_depth_0,0
depth,5,0.005,1,exposed_depth_1,9
depth,5,0.005,1,exposed_depth_2,3
depth,5,0.005,1,exposed_depth_3,0
depth,5,0.005,1,exposed_depth_4,0
depth,5,0.005,1,exposed_depth_5,0
depth,5,0.005,1,exposed_depth_6,0
depth,5,0.005,1,exposed_depth_7,0
depth,5,0.005,1,exposed_depth_8,0
measure,5,0.005,1.5,max_largest_tree_size,2
measure,5,0.005,1.5,mean_largest_tree_size,0.007
measure,5,0.005,1.5,mean_blossom_formations,0.121
measure,5,0.005,1.5,mean_matched_blossom_shatters,0.111
measure,5,0.005,1.5,max_blossom_nesting_depth,3
measure,5,0.005,1.5,max_blossom_members,11
measure,5,0.005,1.5,max_exposed_blossom_depth,0
measure,5,0.005,1.5,max_exposed_blossom_members,0
measure,5,0.005,1.5,mean_solve_dependent_depth,1.826
measure,5,0.005,1.5,max_solve_dependent_depth,7
measure,5,0.005,1.5,mean_harvest_dependent_depth,3.054
measure,5,0.005,1.5,max_harvest_dependent_depth,5
measure,5,0.005,1.5,mean_solve_events,4.955
measure,5,0.005,1.5,harvest_share_of_critical_path,0.62582
depth,5,0.005,1.5,exposed_depth_0,0
depth,5,0.005,1.5,exposed_depth_1,0
depth,5,0.005,1.5,exposed_depth_2,0
depth,5,0.005,1.5,exposed_depth_3,0
depth,5,0.005,1.5,exposed_depth_4,0
depth,5,0.005,1.5,exposed_depth_5,0
depth,5,0.005,1.5,exposed_depth_6,0
depth,5,0.005,1.5,exposed_depth_7,0
depth,5,0.005,1.5,exposed_depth_8,0
measure,5,0.005,2,max_largest_tree_size,0
measure,5,0.005,2,mean_largest_tree_size,0
measure,5,0.005,2,mean_blossom_formations,0.124
measure,5,0.005,2,mean_matched_blossom_shatters,0.113
measure,5,0.005,2,max_blossom_nesting_depth,3
measure,5,0.005,2,max_blossom_members,11
measure,5,0.005,2,max_exposed_blossom_depth,0
measure,5,0.005,2,max_exposed_blossom_members,0
measure,5,0.005,2,mean_solve_dependent_depth,1.835
measure,5,0.005,2,max_solve_dependent_depth,7
measure,5,0.005,2,mean_harvest_dependent_depth,3.053
measure,5,0.005,2,max_harvest_dependent_depth,5
measure,5,0.005,2,mean_solve_events,4.968
measure,5,0.005,2,harvest_share_of_critical_path,0.624591
depth,5,0.005,2,exposed_depth_0,0
depth,5,0.005,2,exposed_depth_1,0
depth,5,0.005,2,exposed_depth_2,0
depth,5,0.005,2,exposed_depth_3,0
depth,5,0.005,2,exposed_depth_4,0
depth,5,0.005,2,exposed_depth_5,0
depth,5,0.005,2,exposed_depth_6,0
depth,5,0.005,2,exposed_depth_7,0
depth,5,0.005,2,exposed_depth_8,0
measure,7,0.001,0.75,max_largest_tree_size,4
measure,7,0.001,0.75,mean_largest_tree_size,0.221
measure,7,0.001,0.75,mean_blossom_formations,0.027
measure,7,0.001,0.75,mean_matched_blossom_shatters,0.011
measure,7,0.001,0.75,max_blossom_nesting_depth,2
measure,7,0.001,0.75,max_blossom_members,5
measure,7,0.001,0.75,max_exposed_blossom_depth,2
measure,7,0.001,0.75,max_exposed_blossom_members,5
measure,7,0.001,0.75,mean_solve_dependent_depth,1.025
measure,7,0.001,0.75,max_solve_dependent_depth,6
measure,7,0.001,0.75,mean_harvest_dependent_depth,2.116
measure,7,0.001,0.75,max_harvest_dependent_depth,5
measure,7,0.001,0.75,mean_solve_events,2.406
measure,7,0.001,0.75,harvest_share_of_critical_path,0.673671
depth,7,0.001,0.75,exposed_depth_0,0
depth,7,0.001,0.75,exposed_depth_1,13
depth,7,0.001,0.75,exposed_depth_2,1
depth,7,0.001,0.75,exposed_depth_3,0
depth,7,0.001,0.75,exposed_depth_4,0
depth,7,0.001,0.75,exposed_depth_5,0
depth,7,0.001,0.75,exposed_depth_6,0
depth,7,0.001,0.75,exposed_depth_7,0
depth,7,0.001,0.75,exposed_depth_8,0
measure,7,0.001,1,max_largest_tree_size,3
measure,7,0.001,1,mean_largest_tree_size,0.016
measure,7,0.001,1,mean_blossom_formations,0.029
measure,7,0.001,1,mean_matched_blossom_shatters,0.025
measure,7,0.001,1,max_blossom_nesting_depth,2
measure,7,0.001,1,max_blossom_members,5
measure,7,0.001,1,max_exposed_blossom_depth,1
measure,7,0.001,1,max_exposed_blossom_members,3
measure,7,0.001,1,mean_solve_dependent_depth,1.071
measure,7,0.001,1,max_solve_dependent_depth,6
measure,7,0.001,1,mean_harvest_dependent_depth,2.212
measure,7,0.001,1,max_harvest_dependent_depth,5
measure,7,0.001,1,mean_solve_events,2.611
measure,7,0.001,1,harvest_share_of_critical_path,0.673774
depth,7,0.001,1,exposed_depth_0,0
depth,7,0.001,1,exposed_depth_1,3
depth,7,0.001,1,exposed_depth_2,0
depth,7,0.001,1,exposed_depth_3,0
depth,7,0.001,1,exposed_depth_4,0
depth,7,0.001,1,exposed_depth_5,0
depth,7,0.001,1,exposed_depth_6,0
depth,7,0.001,1,exposed_depth_7,0
depth,7,0.001,1,exposed_depth_8,0
measure,7,0.001,1.5,max_largest_tree_size,1
measure,7,0.001,1.5,mean_largest_tree_size,0.001
measure,7,0.001,1.5,mean_blossom_formations,0.029
measure,7,0.001,1.5,mean_matched_blossom_shatters,0.027
measure,7,0.001,1.5,max_blossom_nesting_depth,1
measure,7,0.001,1.5,max_blossom_members,3
measure,7,0.001,1.5,max_exposed_blossom_depth,0
measure,7,0.001,1.5,max_exposed_blossom_members,0
measure,7,0.001,1.5,mean_solve_dependent_depth,1.076
measure,7,0.001,1.5,max_solve_dependent_depth,7
measure,7,0.001,1.5,mean_harvest_dependent_depth,2.213
measure,7,0.001,1.5,max_harvest_dependent_depth,5
measure,7,0.001,1.5,mean_solve_events,2.622
measure,7,0.001,1.5,harvest_share_of_critical_path,0.672849
depth,7,0.001,1.5,exposed_depth_0,0
depth,7,0.001,1.5,exposed_depth_1,0
depth,7,0.001,1.5,exposed_depth_2,0
depth,7,0.001,1.5,exposed_depth_3,0
depth,7,0.001,1.5,exposed_depth_4,0
depth,7,0.001,1.5,exposed_depth_5,0
depth,7,0.001,1.5,exposed_depth_6,0
depth,7,0.001,1.5,exposed_depth_7,0
depth,7,0.001,1.5,exposed_depth_8,0
measure,7,0.001,2,max_largest_tree_size,0
measure,7,0.001,2,mean_largest_tree_size,0
measure,7,0.001,2,mean_blossom_formations,0.029
measure,7,0.001,2,mean_matched_blossom_shatters,0.027
measure,7,0.001,2,max_blossom_nesting_depth,1
measure,7,0.001,2,max_blossom_members,3
measure,7,0.001,2,max_exposed_blossom_depth,0
measure,7,0.001,2,max_exposed_blossom_members,0
measure,7,0.001,2,mean_solve_dependent_depth,1.078
measure,7,0.001,2,max_solve_dependent_depth,7
measure,7,0.001,2,mean_harvest_dependent_depth,2.214
measure,7,0.001,2,max_harvest_dependent_depth,5
measure,7,0.001,2,mean_solve_events,2.624
measure,7,0.001,2,harvest_share_of_critical_path,0.672539
depth,7,0.001,2,exposed_depth_0,0
depth,7,0.001,2,exposed_depth_1,0
depth,7,0.001,2,exposed_depth_2,0
depth,7,0.001,2,exposed_depth_3,0
depth,7,0.001,2,exposed_depth_4,0
depth,7,0.001,2,exposed_depth_5,0
depth,7,0.001,2,exposed_depth_6,0
depth,7,0.001,2,exposed_depth_7,0
depth,7,0.001,2,exposed_depth_8,0
measure,7,0.003,0.75,max_largest_tree_size,5
measure,7,0.003,0.75,mean_largest_tree_size,0.589
measure,7,0.003,0.75,mean_blossom_formations,0.172
measure,7,0.003,0.75,mean_matched_blossom_shatters,0.077
measure,7,0.003,0.75,max_blossom_nesting_depth,3
measure,7,0.003,0.75,max_blossom_members,9
measure,7,0.003,0.75,max_exposed_blossom_depth,2
measure,7,0.003,0.75,max_exposed_blossom_members,7
measure,7,0.003,0.75,mean_solve_dependent_depth,1.856
measure,7,0.003,0.75,max_solve_dependent_depth,7
measure,7,0.003,0.75,mean_harvest_dependent_depth,3.972
measure,7,0.003,0.75,max_harvest_dependent_depth,6
measure,7,0.003,0.75,mean_solve_events,7.763
measure,7,0.003,0.75,harvest_share_of_critical_path,0.681537
depth,7,0.003,0.75,exposed_depth_0,0
depth,7,0.003,0.75,exposed_depth_1,72
depth,7,0.003,0.75,exposed_depth_2,5
depth,7,0.003,0.75,exposed_depth_3,0
depth,7,0.003,0.75,exposed_depth_4,0
depth,7,0.003,0.75,exposed_depth_5,0
depth,7,0.003,0.75,exposed_depth_6,0
depth,7,0.003,0.75,exposed_depth_7,0
depth,7,0.003,0.75,exposed_depth_8,0
measure,7,0.003,1,max_largest_tree_size,3
measure,7,0.003,1,mean_largest_tree_size,0.079
measure,7,0.003,1,mean_blossom_formations,0.188
measure,7,0.003,1,mean_matched_blossom_shatters,0.153
measure,7,0.003,1,max_blossom_nesting_depth,3
measure,7,0.003,1,max_blossom_members,9
measure,7,0.003,1,max_exposed_blossom_depth,3
measure,7,0.003,1,max_exposed_blossom_members,7
measure,7,0.003,1,mean_solve_dependent_depth,2.029
measure,7,0.003,1,max_solve_dependent_depth,7
measure,7,0.003,1,mean_harvest_dependent_depth,4.083
measure,7,0.003,1,max_harvest_dependent_depth,6
measure,7,0.003,1,mean_solve_events,8.398
measure,7,0.003,1,harvest_share_of_critical_path,0.66803
depth,7,0.003,1,exposed_depth_0,0
depth,7,0.003,1,exposed_depth_1,16
depth,7,0.003,1,exposed_depth_2,2
depth,7,0.003,1,exposed_depth_3,1
depth,7,0.003,1,exposed_depth_4,0
depth,7,0.003,1,exposed_depth_5,0
depth,7,0.003,1,exposed_depth_6,0
depth,7,0.003,1,exposed_depth_7,0
depth,7,0.003,1,exposed_depth_8,0
measure,7,0.003,1.5,max_largest_tree_size,2
measure,7,0.003,1.5,mean_largest_tree_size,0.003
measure,7,0.003,1.5,mean_blossom_formations,0.195
measure,7,0.003,1.5,mean_matched_blossom_shatters,0.175
measure,7,0.003,1.5,max_blossom_nesting_depth,3
measure,7,0.003,1.5,max_blossom_members,9
measure,7,0.003,1.5,max_exposed_blossom_depth,1
measure,7,0.003,1.5,max_exposed_blossom_members,3
measure,7,0.003,1.5,mean_solve_dependent_depth,2.068
measure,7,0.003,1.5,max_solve_dependent_depth,7
measure,7,0.003,1.5,mean_harvest_dependent_depth,4.085
measure,7,0.003,1.5,max_harvest_dependent_depth,6
measure,7,0.003,1.5,mean_solve_events,8.487
measure,7,0.003,1.5,harvest_share_of_critical_path,0.663904
depth,7,0.003,1.5,exposed_depth_0,0
depth,7,0.003,1.5,exposed_depth_1,1
depth,7,0.003,1.5,exposed_depth_2,0
depth,7,0.003,1.5,exposed_depth_3,0
depth,7,0.003,1.5,exposed_depth_4,0
depth,7,0.003,1.5,exposed_depth_5,0
depth,7,0.003,1.5,exposed_depth_6,0
depth,7,0.003,1.5,exposed_depth_7,0
depth,7,0.003,1.5,exposed_depth_8,0
measure,7,0.003,2,max_largest_tree_size,0
measure,7,0.003,2,mean_largest_tree_size,0
measure,7,0.003,2,mean_blossom_formations,0.196
measure,7,0.003,2,mean_matched_blossom_shatters,0.176
measure,7,0.003,2,max_blossom_nesting_depth,3
measure,7,0.003,2,max_blossom_members,9
measure,7,0.003,2,max_exposed_blossom_depth,0
measure,7,0.003,2,max_exposed_blossom_members,0
measure,7,0.003,2,mean_solve_dependent_depth,2.071
measure,7,0.003,2,max_solve_dependent_depth,7
measure,7,0.003,2,mean_harvest_dependent_depth,4.085
measure,7,0.003,2,max_harvest_dependent_depth,6
measure,7,0.003,2,mean_solve_events,8.491
measure,7,0.003,2,harvest_share_of_critical_path,0.66358
depth,7,0.003,2,exposed_depth_0,0
depth,7,0.003,2,exposed_depth_1,0
depth,7,0.003,2,exposed_depth_2,0
depth,7,0.003,2,exposed_depth_3,0
depth,7,0.003,2,exposed_depth_4,0
depth,7,0.003,2,exposed_depth_5,0
depth,7,0.003,2,exposed_depth_6,0
depth,7,0.003,2,exposed_depth_7,0
depth,7,0.003,2,exposed_depth_8,0
measure,7,0.005,0.75,max_largest_tree_size,6
measure,7,0.005,0.75,mean_largest_tree_size,0.988
measure,7,0.005,0.75,mean_blossom_formations,0.306
measure,7,0.005,0.75,mean_matched_blossom_shatters,0.133
measure,7,0.005,0.75,max_blossom_nesting_depth,3
measure,7,0.005,0.75,max_blossom_members,9
measure,7,0.005,0.75,max_exposed_blossom_depth,3
measure,7,0.005,0.75,max_exposed_blossom_members,9
measure,7,0.005,0.75,mean_solve_dependent_depth,2.54
measure,7,0.005,0.75,max_solve_dependent_depth,8
measure,7,0.005,0.75,mean_harvest_dependent_depth,4.781
measure,7,0.005,0.75,max_harvest_dependent_depth,6
measure,7,0.005,0.75,mean_solve_events,13.072
measure,7,0.005,0.75,harvest_share_of_critical_path,0.653053
depth,7,0.005,0.75,exposed_depth_0,0
depth,7,0.005,0.75,exposed_depth_1,129
depth,7,0.005,0.75,exposed_depth_2,11
depth,7,0.005,0.75,exposed_depth_3,1
depth,7,0.005,0.75,exposed_depth_4,0
depth,7,0.005,0.75,exposed_depth_5,0
depth,7,0.005,0.75,exposed_depth_6,0
depth,7,0.005,0.75,exposed_depth_7,0
depth,7,0.005,0.75,exposed_depth_8,0
measure,7,0.005,1,max_largest_tree_size,5
measure,7,0.005,1,mean_largest_tree_size,0.27
measure,7,0.005,1,mean_blossom_formations,0.381
measure,7,0.005,1,mean_matched_blossom_shatters,0.284
measure,7,0.005,1,max_blossom_nesting_depth,4
measure,7,0.005,1,max_blossom_members,9
measure,7,0.005,1,max_exposed_blossom_depth,3
measure,7,0.005,1,max_exposed_blossom_members,9
measure,7,0.005,1,mean_solve_dependent_depth,2.859
measure,7,0.005,1,max_solve_dependent_depth,10
measure,7,0.005,1,mean_harvest_dependent_depth,4.88
measure,7,0.005,1,max_harvest_dependent_depth,6
measure,7,0.005,1,mean_solve_events,14.386
measure,7,0.005,1,harvest_share_of_critical_path,0.630572
depth,7,0.005,1,exposed_depth_0,0
depth,7,0.005,1,exposed_depth_1,41
depth,7,0.005,1,exposed_depth_2,8
depth,7,0.005,1,exposed_depth_3,2
depth,7,0.005,1,exposed_depth_4,0
depth,7,0.005,1,exposed_depth_5,0
depth,7,0.005,1,exposed_depth_6,0
depth,7,0.005,1,exposed_depth_7,0
depth,7,0.005,1,exposed_depth_8,0
measure,7,0.005,1.5,max_largest_tree_size,4
measure,7,0.005,1.5,mean_largest_tree_size,0.031
measure,7,0.005,1.5,mean_blossom_formations,0.474
measure,7,0.005,1.5,mean_matched_blossom_shatters,0.365
measure,7,0.005,1.5,max_blossom_nesting_depth,5
measure,7,0.005,1.5,max_blossom_members,13
measure,7,0.005,1.5,max_exposed_blossom_depth,3
measure,7,0.005,1.5,max_exposed_blossom_members,9
measure,7,0.005,1.5,mean_solve_dependent_depth,2.988
measure,7,0.005,1.5,max_solve_dependent_depth,11
measure,7,0.005,1.5,mean_harvest_dependent_depth,4.877
measure,7,0.005,1.5,max_harvest_dependent_depth,6
measure,7,0.005,1.5,mean_solve_events,14.744
measure,7,0.005,1.5,harvest_share_of_critical_path,0.620089
depth,7,0.005,1.5,exposed_depth_0,0
depth,7,0.005,1.5,exposed_depth_1,2
depth,7,0.005,1.5,exposed_depth_2,1
depth,7,0.005,1.5,exposed_depth_3,4
depth,7,0.005,1.5,exposed_depth_4,0
depth,7,0.005,1.5,exposed_depth_5,0
depth,7,0.005,1.5,exposed_depth_6,0
depth,7,0.005,1.5,exposed_depth_7,0
depth,7,0.005,1.5,exposed_depth_8,0
measure,7,0.005,2,max_largest_tree_size,2
measure,7,0.005,2,mean_largest_tree_size,0.002
measure,7,0.005,2,mean_blossom_formations,0.485
measure,7,0.005,2,mean_matched_blossom_shatters,0.375
measure,7,0.005,2,max_blossom_nesting_depth,5
measure,7,0.005,2,max_blossom_members,13
measure,7,0.005,2,max_exposed_blossom_depth,3
measure,7,0.005,2,max_exposed_blossom_members,11
measure,7,0.005,2,mean_solve_dependent_depth,3.008
measure,7,0.005,2,max_solve_dependent_depth,11
measure,7,0.005,2,mean_harvest_dependent_depth,4.879
measure,7,0.005,2,max_harvest_dependent_depth,6
measure,7,0.005,2,mean_solve_events,14.792
measure,7,0.005,2,harvest_share_of_critical_path,0.618613
depth,7,0.005,2,exposed_depth_0,0
depth,7,0.005,2,exposed_depth_1,0
depth,7,0.005,2,exposed_depth_2,0
depth,7,0.005,2,exposed_depth_3,1
depth,7,0.005,2,exposed_depth_4,0
depth,7,0.005,2,exposed_depth_5,0
depth,7,0.005,2,exposed_depth_6,0
depth,7,0.005,2,exposed_depth_7,0
depth,7,0.005,2,exposed_depth_8,0
measure,9,0.001,0.75,max_largest_tree_size,4
measure,9,0.001,0.75,mean_largest_tree_size,0.403
measure,9,0.001,0.75,mean_blossom_formations,0.066
measure,9,0.001,0.75,mean_matched_blossom_shatters,0.02
measure,9,0.001,0.75,max_blossom_nesting_depth,2
measure,9,0.001,0.75,max_blossom_members,7
measure,9,0.001,0.75,max_exposed_blossom_depth,2
measure,9,0.001,0.75,max_exposed_blossom_members,7
measure,9,0.001,0.75,mean_solve_dependent_depth,1.335
measure,9,0.001,0.75,max_solve_dependent_depth,5
measure,9,0.001,0.75,mean_harvest_dependent_depth,3.445
measure,9,0.001,0.75,max_harvest_dependent_depth,5
measure,9,0.001,0.75,mean_solve_events,5.448
measure,9,0.001,0.75,harvest_share_of_critical_path,0.720711
depth,9,0.001,0.75,exposed_depth_0,0
depth,9,0.001,0.75,exposed_depth_1,39
depth,9,0.001,0.75,exposed_depth_2,3
depth,9,0.001,0.75,exposed_depth_3,0
depth,9,0.001,0.75,exposed_depth_4,0
depth,9,0.001,0.75,exposed_depth_5,0
depth,9,0.001,0.75,exposed_depth_6,0
depth,9,0.001,0.75,exposed_depth_7,0
depth,9,0.001,0.75,exposed_depth_8,0
measure,9,0.001,1,max_largest_tree_size,2
measure,9,0.001,1,mean_largest_tree_size,0.019
measure,9,0.001,1,mean_blossom_formations,0.07
measure,9,0.001,1,mean_matched_blossom_shatters,0.059
measure,9,0.001,1,max_blossom_nesting_depth,2
measure,9,0.001,1,max_blossom_members,7
measure,9,0.001,1,max_exposed_blossom_depth,1
measure,9,0.001,1,max_exposed_blossom_members,3
measure,9,0.001,1,mean_solve_dependent_depth,1.424
measure,9,0.001,1,max_solve_dependent_depth,6
measure,9,0.001,1,mean_harvest_dependent_depth,3.559
measure,9,0.001,1,max_harvest_dependent_depth,5
measure,9,0.001,1,mean_solve_events,5.881
measure,9,0.001,1,harvest_share_of_critical_path,0.714228
depth,9,0.001,1,exposed_depth_0,0
depth,9,0.001,1,exposed_depth_1,6
depth,9,0.001,1,exposed_depth_2,0
depth,9,0.001,1,exposed_depth_3,0
depth,9,0.001,1,exposed_depth_4,0
depth,9,0.001,1,exposed_depth_5,0
depth,9,0.001,1,exposed_depth_6,0
depth,9,0.001,1,exposed_depth_7,0
depth,9,0.001,1,exposed_depth_8,0
measure,9,0.001,1.5,max_largest_tree_size,2
measure,9,0.001,1.5,mean_largest_tree_size,0.005
measure,9,0.001,1.5,mean_blossom_formations,0.072
measure,9,0.001,1.5,mean_matched_blossom_shatters,0.066
measure,9,0.001,1.5,max_blossom_nesting_depth,2
measure,9,0.001,1.5,max_blossom_members,7
measure,9,0.001,1.5,max_exposed_blossom_depth,0
measure,9,0.001,1.5,max_exposed_blossom_members,0
measure,9,0.001,1.5,mean_solve_dependent_depth,1.433
measure,9,0.001,1.5,max_solve_dependent_depth,6
measure,9,0.001,1.5,mean_harvest_dependent_depth,3.56
measure,9,0.001,1.5,max_harvest_dependent_depth,5
measure,9,0.001,1.5,mean_solve_events,5.897
measure,9,0.001,1.5,harvest_share_of_critical_path,0.712998
depth,9,0.001,1.5,exposed_depth_0,0
depth,9,0.001,1.5,exposed_depth_1,0
depth,9,0.001,1.5,exposed_depth_2,0
depth,9,0.001,1.5,exposed_depth_3,0
depth,9,0.001,1.5,exposed_depth_4,0
depth,9,0.001,1.5,exposed_depth_5,0
depth,9,0.001,1.5,exposed_depth_6,0
depth,9,0.001,1.5,exposed_depth_7,0
depth,9,0.001,1.5,exposed_depth_8,0
measure,9,0.001,2,max_largest_tree_size,0
measure,9,0.001,2,mean_largest_tree_size,0
measure,9,0.001,2,mean_blossom_formations,0.072
measure,9,0.001,2,mean_matched_blossom_shatters,0.066
measure,9,0.001,2,max_blossom_nesting_depth,2
measure,9,0.001,2,max_blossom_members,7
measure,9,0.001,2,max_exposed_blossom_depth,0
measure,9,0.001,2,max_exposed_blossom_members,0
measure,9,0.001,2,mean_solve_dependent_depth,1.433
measure,9,0.001,2,max_solve_dependent_depth,6
measure,9,0.001,2,mean_harvest_dependent_depth,3.562
measure,9,0.001,2,max_harvest_dependent_depth,5
measure,9,0.001,2,mean_solve_events,5.901
measure,9,0.001,2,harvest_share_of_critical_path,0.713113
depth,9,0.001,2,exposed_depth_0,0
depth,9,0.001,2,exposed_depth_1,0
depth,9,0.001,2,exposed_depth_2,0
depth,9,0.001,2,exposed_depth_3,0
depth,9,0.001,2,exposed_depth_4,0
depth,9,0.001,2,exposed_depth_5,0
depth,9,0.001,2,exposed_depth_6,0
depth,9,0.001,2,exposed_depth_7,0
depth,9,0.001,2,exposed_depth_8,0
measure,9,0.003,0.75,max_largest_tree_size,6
measure,9,0.003,0.75,mean_largest_tree_size,1.005
measure,9,0.003,0.75,mean_blossom_formations,0.258
measure,9,0.003,0.75,mean_matched_blossom_shatters,0.125
measure,9,0.003,0.75,max_blossom_nesting_depth,2
measure,9,0.003,0.75,max_blossom_members,7
measure,9,0.003,0.75,max_exposed_blossom_depth,2
measure,9,0.003,0.75,max_exposed_blossom_members,7
measure,9,0.003,0.75,mean_solve_dependent_depth,2.361
measure,9,0.003,0.75,max_solve_dependent_depth,7
measure,9,0.003,0.75,mean_harvest_dependent_depth,5.303
measure,9,0.003,0.75,max_harvest_dependent_depth,6
measure,9,0.003,0.75,mean_solve_events,16.867
measure,9,0.003,0.75,harvest_share_of_critical_path,0.691936
depth,9,0.003,0.75,exposed_depth_0,0
depth,9,0.003,0.75,exposed_depth_1,104
depth,9,0.003,0.75,exposed_depth_2,7
depth,9,0.003,0.75,exposed_depth_3,0
depth,9,0.003,0.75,exposed_depth_4,0
depth,9,0.003,0.75,exposed_depth_5,0
depth,9,0.003,0.75,exposed_depth_6,0
depth,9,0.003,0.75,exposed_depth_7,0
depth,9,0.003,0.75,exposed_depth_8,0
measure,9,0.003,1,max_largest_tree_size,4
measure,9,0.003,1,mean_largest_tree_size,0.216
measure,9,0.003,1,mean_blossom_formations,0.306
measure,9,0.003,1,mean_matched_blossom_shatters,0.246
measure,9,0.003,1,max_blossom_nesting_depth,3
measure,9,0.003,1,max_blossom_members,9
measure,9,0.003,1,max_exposed_blossom_depth,3
measure,9,0.003,1,max_exposed_blossom_members,9
measure,9,0.003,1,mean_solve_dependent_depth,2.615
measure,9,0.003,1,max_solve_dependent_depth,7
measure,9,0.003,1,mean_harvest_dependent_depth,5.391
measure,9,0.003,1,max_harvest_dependent_depth,6
measure,9,0.003,1,mean_solve_events,18.214
measure,9,0.003,1,harvest_share_of_critical_path,0.67337
depth,9,0.003,1,exposed_depth_0,0
depth,9,0.003,1,exposed_depth_1,30
depth,9,0.003,1,exposed_depth_2,5
depth,9,0.003,1,exposed_depth_3,3
depth,9,0.003,1,exposed_depth_4,0
depth,9,0.003,1,exposed_depth_5,0
depth,9,0.003,1,exposed_depth_6,0
depth,9,0.003,1,exposed_depth_7,0
depth,9,0.003,1,exposed_depth_8,0
measure,9,0.003,1.5,max_largest_tree_size,4
measure,9,0.003,1.5,mean_largest_tree_size,0.032
measure,9,0.003,1.5,mean_blossom_formations,0.346
measure,9,0.003,1.5,mean_matched_blossom_shatters,0.292
measure,9,0.003,1.5,max_blossom_nesting_depth,5
measure,9,0.003,1.5,max_blossom_members,11
measure,9,0.003,1.5,max_exposed_blossom_depth,2
measure,9,0.003,1.5,max_exposed_blossom_members,7
measure,9,0.003,1.5,mean_solve_dependent_depth,2.705
measure,9,0.003,1.5,max_solve_dependent_depth,9
measure,9,0.003,1.5,mean_harvest_dependent_depth,5.395
measure,9,0.003,1.5,max_harvest_dependent_depth,6
measure,9,0.003,1.5,mean_solve_events,18.459
measure,9,0.003,1.5,harvest_share_of_critical_path,0.666049
depth,9,0.003,1.5,exposed_depth_0,0
depth,9,0.003,1.5,exposed_depth_1,10
depth,9,0.003,1.5,exposed_depth_2,4
depth,9,0.003,1.5,exposed_depth_3,0
depth,9,0.003,1.5,exposed_depth_4,0
depth,9,0.003,1.5,exposed_depth_5,0
depth,9,0.003,1.5,exposed_depth_6,0
depth,9,0.003,1.5,exposed_depth_7,0
depth,9,0.003,1.5,exposed_depth_8,0
measure,9,0.003,2,max_largest_tree_size,1
measure,9,0.003,2,mean_largest_tree_size,0.001
measure,9,0.003,2,mean_blossom_formations,0.35
measure,9,0.003,2,mean_matched_blossom_shatters,0.306
measure,9,0.003,2,max_blossom_nesting_depth,5
measure,9,0.003,2,max_blossom_members,11
measure,9,0.003,2,max_exposed_blossom_depth,3
measure,9,0.003,2,max_exposed_blossom_members,7
measure,9,0.003,2,mean_solve_dependent_depth,2.716
measure,9,0.003,2,max_solve_dependent_depth,9
measure,9,0.003,2,mean_harvest_dependent_depth,5.396
measure,9,0.003,2,max_harvest_dependent_depth,6
measure,9,0.003,2,mean_solve_events,18.496
measure,9,0.003,2,harvest_share_of_critical_path,0.665187
depth,9,0.003,2,exposed_depth_0,0
depth,9,0.003,2,exposed_depth_1,0
depth,9,0.003,2,exposed_depth_2,0
depth,9,0.003,2,exposed_depth_3,1
depth,9,0.003,2,exposed_depth_4,0
depth,9,0.003,2,exposed_depth_5,0
depth,9,0.003,2,exposed_depth_6,0
depth,9,0.003,2,exposed_depth_7,0
depth,9,0.003,2,exposed_depth_8,0
measure,9,0.005,0.75,max_largest_tree_size,8
measure,9,0.005,0.75,mean_largest_tree_size,1.574
measure,9,0.005,0.75,mean_blossom_formations,0.65
measure,9,0.005,0.75,mean_matched_blossom_shatters,0.244
measure,9,0.005,0.75,max_blossom_nesting_depth,3
measure,9,0.005,0.75,max_blossom_members,13
measure,9,0.005,0.75,max_exposed_blossom_depth,3
measure,9,0.005,0.75,max_exposed_blossom_members,13
measure,9,0.005,0.75,mean_solve_dependent_depth,3.258
measure,9,0.005,0.75,max_solve_dependent_depth,8
measure,9,0.005,0.75,mean_harvest_dependent_depth,5.995
measure,9,0.005,0.75,max_harvest_dependent_depth,7
measure,9,0.005,0.75,mean_solve_events,29.028
measure,9,0.005,0.75,harvest_share_of_critical_path,0.647898
depth,9,0.005,0.75,exposed_depth_0,0
depth,9,0.005,0.75,exposed_depth_1,272
depth,9,0.005,0.75,exposed_depth_2,27
depth,9,0.005,0.75,exposed_depth_3,3
depth,9,0.005,0.75,exposed_depth_4,0
depth,9,0.005,0.75,exposed_depth_5,0
depth,9,0.005,0.75,exposed_depth_6,0
depth,9,0.005,0.75,exposed_depth_7,0
depth,9,0.005,0.75,exposed_depth_8,0
measure,9,0.005,1,max_largest_tree_size,7
measure,9,0.005,1,mean_largest_tree_size,0.536
measure,9,0.005,1,mean_blossom_formations,0.831
measure,9,0.005,1,mean_matched_blossom_shatters,0.56
measure,9,0.005,1,max_blossom_nesting_depth,5
measure,9,0.005,1,max_blossom_members,17
measure,9,0.005,1,max_exposed_blossom_depth,4
measure,9,0.005,1,max_exposed_blossom_members,17
measure,9,0.005,1,mean_solve_dependent_depth,3.653
measure,9,0.005,1,max_solve_dependent_depth,10
measure,9,0.005,1,mean_harvest_dependent_depth,6.065
measure,9,0.005,1,max_harvest_dependent_depth,7
measure,9,0.005,1,mean_solve_events,31.682
measure,9,0.005,1,harvest_share_of_critical_path,0.6241
depth,9,0.005,1,exposed_depth_0,0
depth,9,0.005,1,exposed_depth_1,103
depth,9,0.005,1,exposed_depth_2,30
depth,9,0.005,1,exposed_depth_3,4
depth,9,0.005,1,exposed_depth_4,1
depth,9,0.005,1,exposed_depth_5,0
depth,9,0.005,1,exposed_depth_6,0
depth,9,0.005,1,exposed_depth_7,0
depth,9,0.005,1,exposed_depth_8,0
measure,9,0.005,1.5,max_largest_tree_size,8
measure,9,0.005,1.5,mean_largest_tree_size,0.091
measure,9,0.005,1.5,mean_blossom_formations,0.951
measure,9,0.005,1.5,mean_matched_blossom_shatters,0.731
measure,9,0.005,1.5,max_blossom_nesting_depth,5
measure,9,0.005,1.5,max_blossom_members,25
measure,9,0.005,1.5,max_exposed_blossom_depth,4
measure,9,0.005,1.5,max_exposed_blossom_members,13
measure,9,0.005,1.5,mean_solve_dependent_depth,3.846
measure,9,0.005,1.5,max_solve_dependent_depth,11
measure,9,0.005,1.5,mean_harvest_dependent_depth,6.061
measure,9,0.005,1.5,max_harvest_dependent_depth,7
measure,9,0.005,1.5,mean_solve_events,32.395
measure,9,0.005,1.5,harvest_share_of_critical_path,0.61179
depth,9,0.005,1.5,exposed_depth_0,0
depth,9,0.005,1.5,exposed_depth_1,6
depth,9,0.005,1.5,exposed_depth_2,6
depth,9,0.005,1.5,exposed_depth_3,3
depth,9,0.005,1.5,exposed_depth_4,2
depth,9,0.005,1.5,exposed_depth_5,0
depth,9,0.005,1.5,exposed_depth_6,0
depth,9,0.005,1.5,exposed_depth_7,0
depth,9,0.005,1.5,exposed_depth_8,0
measure,9,0.005,2,max_largest_tree_size,3
measure,9,0.005,2,mean_largest_tree_size,0.004
measure,9,0.005,2,mean_blossom_formations,0.97
measure,9,0.005,2,mean_matched_blossom_shatters,0.753
measure,9,0.005,2,max_blossom_nesting_depth,6
measure,9,0.005,2,max_blossom_members,25
measure,9,0.005,2,max_exposed_blossom_depth,6
measure,9,0.005,2,max_exposed_blossom_members,13
measure,9,0.005,2,mean_solve_dependent_depth,3.879
measure,9,0.005,2,max_solve_dependent_depth,11
measure,9,0.005,2,mean_harvest_dependent_depth,6.062
measure,9,0.005,2,max_harvest_dependent_depth,7
measure,9,0.005,2,mean_solve_events,32.494
measure,9,0.005,2,harvest_share_of_critical_path,0.609798
depth,9,0.005,2,exposed_depth_0,0
depth,9,0.005,2,exposed_depth_1,0
depth,9,0.005,2,exposed_depth_2,0
depth,9,0.005,2,exposed_depth_3,0
depth,9,0.005,2,exposed_depth_4,1
depth,9,0.005,2,exposed_depth_5,0
depth,9,0.005,2,exposed_depth_6,1
depth,9,0.005,2,exposed_depth_7,0
depth,9,0.005,2,exposed_depth_8,0
measure,11,0.001,0.75,max_largest_tree_size,5
measure,11,0.001,0.75,mean_largest_tree_size,0.56
measure,11,0.001,0.75,mean_blossom_formations,0.057
measure,11,0.001,0.75,mean_matched_blossom_shatters,0.03
measure,11,0.001,0.75,max_blossom_nesting_depth,2
measure,11,0.001,0.75,max_blossom_members,5
measure,11,0.001,0.75,max_exposed_blossom_depth,2
measure,11,0.001,0.75,max_exposed_blossom_members,5
measure,11,0.001,0.75,mean_solve_dependent_depth,1.458
measure,11,0.001,0.75,max_solve_dependent_depth,5
measure,11,0.001,0.75,mean_harvest_dependent_depth,4.562
measure,11,0.001,0.75,max_harvest_dependent_depth,6
measure,11,0.001,0.75,mean_solve_events,10.113
measure,11,0.001,0.75,harvest_share_of_critical_path,0.757807
depth,11,0.001,0.75,exposed_depth_0,0
depth,11,0.001,0.75,exposed_depth_1,24
depth,11,0.001,0.75,exposed_depth_2,1
depth,11,0.001,0.75,exposed_depth_3,0
depth,11,0.001,0.75,exposed_depth_4,0
depth,11,0.001,0.75,exposed_depth_5,0
depth,11,0.001,0.75,exposed_depth_6,0
depth,11,0.001,0.75,exposed_depth_7,0
depth,11,0.001,0.75,exposed_depth_8,0
measure,11,0.001,1,max_largest_tree_size,3
measure,11,0.001,1,mean_largest_tree_size,0.03
measure,11,0.001,1,mean_blossom_formations,0.07
measure,11,0.001,1,mean_matched_blossom_shatters,0.061
measure,11,0.001,1,max_blossom_nesting_depth,2
measure,11,0.001,1,max_blossom_members,5
measure,11,0.001,1,max_exposed_blossom_depth,2
measure,11,0.001,1,max_exposed_blossom_members,5
measure,11,0.001,1,mean_solve_dependent_depth,1.559
measure,11,0.001,1,max_solve_dependent_depth,6
measure,11,0.001,1,mean_harvest_dependent_depth,4.652
measure,11,0.001,1,max_harvest_dependent_depth,6
measure,11,0.001,1,mean_solve_events,10.749
measure,11,0.001,1,harvest_share_of_critical_path,0.748994
depth,11,0.001,1,exposed_depth_0,0
depth,11,0.001,1,exposed_depth_1,6
depth,11,0.001,1,exposed_depth_2,1
depth,11,0.001,1,exposed_depth_3,0
depth,11,0.001,1,exposed_depth_4,0
depth,11,0.001,1,exposed_depth_5,0
depth,11,0.001,1,exposed_depth_6,0
depth,11,0.001,1,exposed_depth_7,0
depth,11,0.001,1,exposed_depth_8,0
measure,11,0.001,1.5,max_largest_tree_size,3
measure,11,0.001,1.5,mean_largest_tree_size,0.009
measure,11,0.001,1.5,mean_blossom_formations,0.071
measure,11,0.001,1.5,mean_matched_blossom_shatters,0.068
measure,11,0.001,1.5,max_blossom_nesting_depth,2
measure,11,0.001,1.5,max_blossom_members,5
measure,11,0.001,1.5,max_exposed_blossom_depth,2
measure,11,0.001,1.5,max_exposed_blossom_members,5
measure,11,0.001,1.5,mean_solve_dependent_depth,1.574
measure,11,0.001,1.5,max_solve_dependent_depth,6
measure,11,0.001,1.5,mean_harvest_dependent_depth,4.653
measure,11,0.001,1.5,max_harvest_dependent_depth,6
measure,11,0.001,1.5,mean_solve_events,10.775
measure,11,0.001,1.5,harvest_share_of_critical_path,0.74723
depth,11,0.001,1.5,exposed_depth_0,0
depth,11,0.001,1.5,exposed_depth_1,0
depth,11,0.001,1.5,exposed_depth_2,1
depth,11,0.001,1.5,exposed_depth_3,0
depth,11,0.001,1.5,exposed_depth_4,0
depth,11,0.001,1.5,exposed_depth_5,0
depth,11,0.001,1.5,exposed_depth_6,0
depth,11,0.001,1.5,exposed_depth_7,0
depth,11,0.001,1.5,exposed_depth_8,0
measure,11,0.001,2,max_largest_tree_size,0
measure,11,0.001,2,mean_largest_tree_size,0
measure,11,0.001,2,mean_blossom_formations,0.072
measure,11,0.001,2,mean_matched_blossom_shatters,0.07
measure,11,0.001,2,max_blossom_nesting_depth,2
measure,11,0.001,2,max_blossom_members,5
measure,11,0.001,2,max_exposed_blossom_depth,0
measure,11,0.001,2,max_exposed_blossom_members,0
measure,11,0.001,2,mean_solve_dependent_depth,1.578
measure,11,0.001,2,max_solve_dependent_depth,6
measure,11,0.001,2,mean_harvest_dependent_depth,4.653
measure,11,0.001,2,max_harvest_dependent_depth,6
measure,11,0.001,2,mean_solve_events,10.782
measure,11,0.001,2,harvest_share_of_critical_path,0.74675
depth,11,0.001,2,exposed_depth_0,0
depth,11,0.001,2,exposed_depth_1,0
depth,11,0.001,2,exposed_depth_2,0
depth,11,0.001,2,exposed_depth_3,0
depth,11,0.001,2,exposed_depth_4,0
depth,11,0.001,2,exposed_depth_5,0
depth,11,0.001,2,exposed_depth_6,0
depth,11,0.001,2,exposed_depth_7,0
depth,11,0.001,2,exposed_depth_8,0
measure,11,0.003,0.75,max_largest_tree_size,6
measure,11,0.003,0.75,mean_largest_tree_size,1.319
measure,11,0.003,0.75,mean_blossom_formations,0.486
measure,11,0.003,0.75,mean_matched_blossom_shatters,0.221
measure,11,0.003,0.75,max_blossom_nesting_depth,3
measure,11,0.003,0.75,max_blossom_members,7
measure,11,0.003,0.75,max_exposed_blossom_depth,3
measure,11,0.003,0.75,max_exposed_blossom_members,7
measure,11,0.003,0.75,mean_solve_dependent_depth,2.945
measure,11,0.003,0.75,max_solve_dependent_depth,8
measure,11,0.003,0.75,mean_harvest_dependent_depth,6.2
measure,11,0.003,0.75,max_harvest_dependent_depth,7
measure,11,0.003,0.75,mean_solve_events,31.525
measure,11,0.003,0.75,harvest_share_of_critical_path,0.677966
depth,11,0.003,0.75,exposed_depth_0,0
depth,11,0.003,0.75,exposed_depth_1,187
depth,11,0.003,0.75,exposed_depth_2,17
depth,11,0.003,0.75,exposed_depth_3,1
depth,11,0.003,0.75,exposed_depth_4,0
depth,11,0.003,0.75,exposed_depth_5,0
depth,11,0.003,0.75,exposed_depth_6,0
depth,11,0.003,0.75,exposed_depth_7,0
depth,11,0.003,0.75,exposed_depth_8,0
measure,11,0.003,1,max_largest_tree_size,4
measure,11,0.003,1,mean_largest_tree_size,0.357
measure,11,0.003,1,mean_blossom_formations,0.583
measure,11,0.003,1,mean_matched_blossom_shatters,0.442
measure,11,0.003,1,max_blossom_nesting_depth,3
measure,11,0.003,1,max_blossom_members,7
measure,11,0.003,1,max_exposed_blossom_depth,3
measure,11,0.003,1,max_exposed_blossom_members,7
measure,11,0.003,1,mean_solve_dependent_depth,3.265
measure,11,0.003,1,max_solve_dependent_depth,10
measure,11,0.003,1,mean_harvest_dependent_depth,6.312
measure,11,0.003,1,max_harvest_dependent_depth,7
measure,11,0.003,1,mean_solve_events,33.864
measure,11,0.003,1,harvest_share_of_critical_path,0.659079
depth,11,0.003,1,exposed_depth_0,0
depth,11,0.003,1,exposed_depth_1,57
depth,11,0.003,1,exposed_depth_2,13
depth,11,0.003,1,exposed_depth_3,3
depth,11,0.003,1,exposed_depth_4,0
depth,11,0.003,1,exposed_depth_5,0
depth,11,0.003,1,exposed_depth_6,0
depth,11,0.003,1,exposed_depth_7,0
depth,11,0.003,1,exposed_depth_8,0
measure,11,0.003,1.5,max_largest_tree_size,4
measure,11,0.003,1.5,mean_largest_tree_size,0.05
measure,11,0.003,1.5,mean_blossom_formations,0.66
measure,11,0.003,1.5,mean_matched_blossom_shatters,0.542
measure,11,0.003,1.5,max_blossom_nesting_depth,4
measure,11,0.003,1.5,max_blossom_members,13
measure,11,0.003,1.5,max_exposed_blossom_depth,4
measure,11,0.003,1.5,max_exposed_blossom_members,11
measure,11,0.003,1.5,mean_solve_dependent_depth,3.371
measure,11,0.003,1.5,max_solve_dependent_depth,11
measure,11,0.003,1.5,mean_harvest_dependent_depth,6.312
measure,11,0.003,1.5,max_harvest_dependent_depth,7
measure,11,0.003,1.5,mean_solve_events,34.303
measure,11,0.003,1.5,harvest_share_of_critical_path,0.651864
depth,11,0.003,1.5,exposed_depth_0,0
depth,11,0.003,1.5,exposed_depth_1,9
depth,11,0.003,1.5,exposed_depth_2,2
depth,11,0.003,1.5,exposed_depth_3,2
depth,11,0.003,1.5,exposed_depth_4,2
depth,11,0.003,1.5,exposed_depth_5,0
depth,11,0.003,1.5,exposed_depth_6,0
depth,11,0.003,1.5,exposed_depth_7,0
depth,11,0.003,1.5,exposed_depth_8,0
measure,11,0.003,2,max_largest_tree_size,1
measure,11,0.003,2,mean_largest_tree_size,0.002
measure,11,0.003,2,mean_blossom_formations,0.674
measure,11,0.003,2,mean_matched_blossom_shatters,0.562
measure,11,0.003,2,max_blossom_nesting_depth,5
measure,11,0.003,2,max_blossom_members,13
measure,11,0.003,2,max_exposed_blossom_depth,4
measure,11,0.003,2,max_exposed_blossom_members,9
measure,11,0.003,2,mean_solve_dependent_depth,3.394
measure,11,0.003,2,max_solve_dependent_depth,11
measure,11,0.003,2,mean_harvest_dependent_depth,6.314
measure,11,0.003,2,max_harvest_dependent_depth,7
measure,11,0.003,2,mean_solve_events,34.367
measure,11,0.003,2,harvest_share_of_critical_path,0.650391
depth,11,0.003,2,exposed_depth_0,0
depth,11,0.003,2,exposed_depth_1,1
depth,11,0.003,2,exposed_depth_2,0
depth,11,0.003,2,exposed_depth_3,0
depth,11,0.003,2,exposed_depth_4,1
depth,11,0.003,2,exposed_depth_5,0
depth,11,0.003,2,exposed_depth_6,0
depth,11,0.003,2,exposed_depth_7,0
depth,11,0.003,2,exposed_depth_8,0
measure,11,0.005,0.75,max_largest_tree_size,7
measure,11,0.005,0.75,mean_largest_tree_size,1.994
measure,11,0.005,0.75,mean_blossom_formations,1.278
measure,11,0.005,0.75,mean_matched_blossom_shatters,0.468
measure,11,0.005,0.75,max_blossom_nesting_depth,4
measure,11,0.005,0.75,max_blossom_members,11
measure,11,0.005,0.75,max_exposed_blossom_depth,4
measure,11,0.005,0.75,max_exposed_blossom_members,11
measure,11,0.005,0.75,mean_solve_dependent_depth,3.906
measure,11,0.005,0.75,max_solve_dependent_depth,10
measure,11,0.005,0.75,mean_harvest_dependent_depth,6.969
measure,11,0.005,0.75,max_harvest_dependent_depth,8
measure,11,0.005,0.75,mean_solve_events,54.197
measure,11,0.005,0.75,harvest_share_of_critical_path,0.640828
depth,11,0.005,0.75,exposed_depth_0,0
depth,11,0.005,0.75,exposed_depth_1,418
depth,11,0.005,0.75,exposed_depth_2,57
depth,11,0.005,0.75,exposed_depth_3,4
depth,11,0.005,0.75,exposed_depth_4,1
depth,11,0.005,0.75,exposed_depth_5,0
depth,11,0.005,0.75,exposed_depth_6,0
depth,11,0.005,0.75,exposed_depth_7,0
depth,11,0.005,0.75,exposed_depth_8,0
measure,11,0.005,1,max_largest_tree_size,8
measure,11,0.005,1,mean_largest_tree_size,0.932
measure,11,0.005,1,mean_blossom_formations,1.661
measure,11,0.005,1,mean_matched_blossom_shatters,1.121
measure,11,0.005,1,max_blossom_nesting_depth,5
measure,11,0.005,1,max_blossom_members,13
measure,11,0.005,1,max_exposed_blossom_depth,5
measure,11,0.005,1,max_exposed_blossom_members,13
measure,11,0.005,1,mean_solve_dependent_depth,4.465
measure,11,0.005,1,max_solve_dependent_depth,12
measure,11,0.005,1,mean_harvest_dependent_depth,6.997
measure,11,0.005,1,max_harvest_dependent_depth,8
measure,11,0.005,1,mean_solve_events,59.088
measure,11,0.005,1,harvest_share_of_critical_path,0.610452
depth,11,0.005,1,exposed_depth_0,0
depth,11,0.005,1,exposed_depth_1,162
depth,11,0.005,1,exposed_depth_2,47
depth,11,0.005,1,exposed_depth_3,13
depth,11,0.005,1,exposed_depth_4,4
depth,11,0.005,1,exposed_depth_5,1
depth,11,0.005,1,exposed_depth_6,0
depth,11,0.005,1,exposed_depth_7,0
depth,11,0.005,1,exposed_depth_8,0
measure,11,0.005,1.5,max_largest_tree_size,7
measure,11,0.005,1.5,mean_largest_tree_size,0.146
measure,11,0.005,1.5,mean_blossom_formations,1.959
measure,11,0.005,1.5,mean_matched_blossom_shatters,1.475
measure,11,0.005,1.5,max_blossom_nesting_depth,8
measure,11,0.005,1.5,max_blossom_members,19
measure,11,0.005,1.5,max_exposed_blossom_depth,8
measure,11,0.005,1.5,max_exposed_blossom_members,19
measure,11,0.005,1.5,mean_solve_dependent_depth,4.716
measure,11,0.005,1.5,max_solve_dependent_depth,12
measure,11,0.005,1.5,mean_harvest_dependent_depth,6.998
measure,11,0.005,1.5,max_harvest_dependent_depth,9
measure,11,0.005,1.5,mean_solve_events,60.454
measure,11,0.005,1.5,harvest_share_of_critical_path,0.597405
depth,11,0.005,1.5,exposed_depth_0,0
depth,11,0.005,1.5,exposed_depth_1,18
depth,11,0.005,1.5,exposed_depth_2,9
depth,11,0.005,1.5,exposed_depth_3,6
depth,11,0.005,1.5,exposed_depth_4,1
depth,11,0.005,1.5,exposed_depth_5,1
depth,11,0.005,1.5,exposed_depth_6,0
depth,11,0.005,1.5,exposed_depth_7,0
depth,11,0.005,1.5,exposed_depth_8,1
measure,11,0.005,2,max_largest_tree_size,4
measure,11,0.005,2,mean_largest_tree_size,0.019
measure,11,0.005,2,mean_blossom_formations,2.012
measure,11,0.005,2,mean_matched_blossom_shatters,1.519
measure,11,0.005,2,max_blossom_nesting_depth,9
measure,11,0.005,2,max_blossom_members,21
measure,11,0.005,2,max_exposed_blossom_depth,5
measure,11,0.005,2,max_exposed_blossom_members,11
measure,11,0.005,2,mean_solve_dependent_depth,4.771
measure,11,0.005,2,max_solve_dependent_depth,12
measure,11,0.005,2,mean_harvest_dependent_depth,6.999
measure,11,0.005,2,max_harvest_dependent_depth,10
measure,11,0.005,2,mean_solve_events,60.672
measure,11,0.005,2,harvest_share_of_critical_path,0.594647
depth,11,0.005,2,exposed_depth_0,0
depth,11,0.005,2,exposed_depth_1,2
depth,11,0.005,2,exposed_depth_2,3
depth,11,0.005,2,exposed_depth_3,0
depth,11,0.005,2,exposed_depth_4,0
depth,11,0.005,2,exposed_depth_5,1
depth,11,0.005,2,exposed_depth_6,0
depth,11,0.005,2,exposed_depth_7,0
depth,11,0.005,2,exposed_depth_8,0
measure,13,0.001,0.75,max_largest_tree_size,3
measure,13,0.001,0.75,mean_largest_tree_size,0.723
measure,13,0.001,0.75,mean_blossom_formations,0.094
measure,13,0.001,0.75,mean_matched_blossom_shatters,0.036
measure,13,0.001,0.75,max_blossom_nesting_depth,2
measure,13,0.001,0.75,max_blossom_members,5
measure,13,0.001,0.75,max_exposed_blossom_depth,2
measure,13,0.001,0.75,max_exposed_blossom_members,5
measure,13,0.001,0.75,mean_solve_dependent_depth,1.677
measure,13,0.001,0.75,max_solve_dependent_depth,5
measure,13,0.001,0.75,mean_harvest_dependent_depth,5.451
measure,13,0.001,0.75,max_harvest_dependent_depth,7
measure,13,0.001,0.75,mean_solve_events,17.189
measure,13,0.001,0.75,harvest_share_of_critical_path,0.764731
depth,13,0.001,0.75,exposed_depth_0,0
depth,13,0.001,0.75,exposed_depth_1,54
depth,13,0.001,0.75,exposed_depth_2,1
depth,13,0.001,0.75,exposed_depth_3,0
depth,13,0.001,0.75,exposed_depth_4,0
depth,13,0.001,0.75,exposed_depth_5,0
depth,13,0.001,0.75,exposed_depth_6,0
depth,13,0.001,0.75,exposed_depth_7,0
depth,13,0.001,0.75,exposed_depth_8,0
measure,13,0.001,1,max_largest_tree_size,3
measure,13,0.001,1,mean_largest_tree_size,0.08
measure,13,0.001,1,mean_blossom_formations,0.102
measure,13,0.001,1,mean_matched_blossom_shatters,0.087
measure,13,0.001,1,max_blossom_nesting_depth,2
measure,13,0.001,1,max_blossom_members,5
measure,13,0.001,1,max_exposed_blossom_depth,1
measure,13,0.001,1,max_exposed_blossom_members,3
measure,13,0.001,1,mean_solve_dependent_depth,1.813
measure,13,0.001,1,max_solve_dependent_depth,5
measure,13,0.001,1,mean_harvest_dependent_depth,5.519
measure,13,0.001,1,max_harvest_dependent_depth,7
measure,13,0.001,1,mean_solve_events,18.114
measure,13,0.001,1,harvest_share_of_critical_path,0.752728
depth,13,0.001,1,exposed_depth_0,0
depth,13,0.001,1,exposed_depth_1,14
depth,13,0.001,1,exposed_depth_2,0
depth,13,0.001,1,exposed_depth_3,0
depth,13,0.001,1,exposed_depth_4,0
depth,13,0.001,1,exposed_depth_5,0
depth,13,0.001,1,exposed_depth_6,0
depth,13,0.001,1,exposed_depth_7,0
depth,13,0.001,1,exposed_depth_8,0
measure,13,0.001,1.5,max_largest_tree_size,1
measure,13,0.001,1.5,mean_largest_tree_size,0.009
measure,13,0.001,1.5,mean_blossom_formations,0.11
measure,13,0.001,1.5,mean_matched_blossom_shatters,0.107
measure,13,0.001,1.5,max_blossom_nesting_depth,2
measure,13,0.001,1.5,max_blossom_members,5
measure,13,0.001,1.5,max_exposed_blossom_depth,1
measure,13,0.001,1.5,max_exposed_blossom_members,3
measure,13,0.001,1.5,mean_solve_dependent_depth,1.838
measure,13,0.001,1.5,max_solve_dependent_depth,5
measure,13,0.001,1.5,mean_harvest_dependent_depth,5.519
measure,13,0.001,1.5,max_harvest_dependent_depth,7
measure,13,0.001,1.5,mean_solve_events,18.181
measure,13,0.001,1.5,harvest_share_of_critical_path,0.75017
depth,13,0.001,1.5,exposed_depth_0,0
depth,13,0.001,1.5,exposed_depth_1,1
depth,13,0.001,1.5,exposed_depth_2,0
depth,13,0.001,1.5,exposed_depth_3,0
depth,13,0.001,1.5,exposed_depth_4,0
depth,13,0.001,1.5,exposed_depth_5,0
depth,13,0.001,1.5,exposed_depth_6,0
depth,13,0.001,1.5,exposed_depth_7,0
depth,13,0.001,1.5,exposed_depth_8,0
measure,13,0.001,2,max_largest_tree_size,0
measure,13,0.001,2,mean_largest_tree_size,0
measure,13,0.001,2,mean_blossom_formations,0.11
measure,13,0.001,2,mean_matched_blossom_shatters,0.108
measure,13,0.001,2,max_blossom_nesting_depth,2
measure,13,0.001,2,max_blossom_members,5
measure,13,0.001,2,max_exposed_blossom_depth,0
measure,13,0.001,2,max_exposed_blossom_members,0
measure,13,0.001,2,mean_solve_dependent_depth,1.839
measure,13,0.001,2,max_solve_dependent_depth,5
measure,13,0.001,2,mean_harvest_dependent_depth,5.519
measure,13,0.001,2,max_harvest_dependent_depth,7
measure,13,0.001,2,mean_solve_events,18.191
measure,13,0.001,2,harvest_share_of_critical_path,0.750068
depth,13,0.001,2,exposed_depth_0,0
depth,13,0.001,2,exposed_depth_1,0
depth,13,0.001,2,exposed_depth_2,0
depth,13,0.001,2,exposed_depth_3,0
depth,13,0.001,2,exposed_depth_4,0
depth,13,0.001,2,exposed_depth_5,0
depth,13,0.001,2,exposed_depth_6,0
depth,13,0.001,2,exposed_depth_7,0
depth,13,0.001,2,exposed_depth_8,0
measure,13,0.003,0.75,max_largest_tree_size,5
measure,13,0.003,0.75,mean_largest_tree_size,1.517
measure,13,0.003,0.75,mean_blossom_formations,0.788
measure,13,0.003,0.75,mean_matched_blossom_shatters,0.344
measure,13,0.003,0.75,max_blossom_nesting_depth,3
measure,13,0.003,0.75,max_blossom_members,9
measure,13,0.003,0.75,max_exposed_blossom_depth,3
measure,13,0.003,0.75,max_exposed_blossom_members,9
measure,13,0.003,0.75,mean_solve_dependent_depth,3.361
measure,13,0.003,0.75,max_solve_dependent_depth,8
measure,13,0.003,0.75,mean_harvest_dependent_depth,6.99
measure,13,0.003,0.75,max_harvest_dependent_depth,8
measure,13,0.003,0.75,mean_solve_events,52.85
measure,13,0.003,0.75,harvest_share_of_critical_path,0.675297
depth,13,0.003,0.75,exposed_depth_0,0
depth,13,0.003,0.75,exposed_depth_1,296
depth,13,0.003,0.75,exposed_depth_2,21
depth,13,0.003,0.75,exposed_depth_3,2
depth,13,0.003,0.75,exposed_depth_4,0
depth,13,0.003,0.75,exposed_depth_5,0
depth,13,0.003,0.75,exposed_depth_6,0
depth,13,0.003,0.75,exposed_depth_7,0
depth,13,0.003,0.75,exposed_depth_8,0
measure,13,0.003,1,max_largest_tree_size,8
measure,13,0.003,1,mean_largest_tree_size,0.513
measure,13,0.003,1,mean_blossom_formations,0.923
measure,13,0.003,1,mean_matched_blossom_shatters,0.706
measure,13,0.003,1,max_blossom_nesting_depth,4
measure,13,0.003,1,max_blossom_members,11
measure,13,0.003,1,max_exposed_blossom_depth,4
measure,13,0.003,1,max_exposed_blossom_members,9
measure,13,0.003,1,mean_solve_dependent_depth,3.674
measure,13,0.003,1,max_solve_dependent_depth,8
measure,13,0.003,1,mean_harvest_dependent_depth,7.018
measure,13,0.003,1,max_harvest_dependent_depth,8
measure,13,0.003,1,mean_solve_events,56.397
measure,13,0.003,1,harvest_share_of_critical_path,0.656379
depth,13,0.003,1,exposed_depth_0,0
depth,13,0.003,1,exposed_depth_1,100
depth,13,0.003,1,exposed_depth_2,18
depth,13,0.003,1,exposed_depth_3,0
depth,13,0.003,1,exposed_depth_4,2
depth,13,0.003,1,exposed_depth_5,0
depth,13,0.003,1,exposed_depth_6,0
depth,13,0.003,1,exposed_depth_7,0
depth,13,0.003,1,exposed_depth_8,0
measure,13,0.003,1.5,max_largest_tree_size,4
measure,13,0.003,1.5,mean_largest_tree_size,0.075
measure,13,0.003,1.5,mean_blossom_formations,0.999
measure,13,0.003,1.5,mean_matched_blossom_shatters,0.864
measure,13,0.003,1.5,max_blossom_nesting_depth,4
measure,13,0.003,1.5,max_blossom_members,11
measure,13,0.003,1.5,max_exposed_blossom_depth,3
measure,13,0.003,1.5,max_exposed_blossom_members,9
measure,13,0.003,1.5,mean_solve_dependent_depth,3.773
measure,13,0.003,1.5,max_solve_dependent_depth,8
measure,13,0.003,1.5,mean_harvest_dependent_depth,7.016
measure,13,0.003,1.5,max_harvest_dependent_depth,8
measure,13,0.003,1.5,mean_solve_events,56.979
measure,13,0.003,1.5,harvest_share_of_critical_path,0.650292
depth,13,0.003,1.5,exposed_depth_0,0
depth,13,0.003,1.5,exposed_depth_1,14
depth,13,0.003,1.5,exposed_depth_2,6
depth,13,0.003,1.5,exposed_depth_3,2
depth,13,0.003,1.5,exposed_depth_4,0
depth,13,0.003,1.5,exposed_depth_5,0
depth,13,0.003,1.5,exposed_depth_6,0
depth,13,0.003,1.5,exposed_depth_7,0
depth,13,0.003,1.5,exposed_depth_8,0
measure,13,0.003,2,max_largest_tree_size,3
measure,13,0.003,2,mean_largest_tree_size,0.009
measure,13,0.003,2,mean_blossom_formations,1.015
measure,13,0.003,2,mean_matched_blossom_shatters,0.892
measure,13,0.003,2,max_blossom_nesting_depth,4
measure,13,0.003,2,max_blossom_members,11
measure,13,0.003,2,max_exposed_blossom_depth,2
measure,13,0.003,2,max_exposed_blossom_members,5
measure,13,0.003,2,mean_solve_dependent_depth,3.798
measure,13,0.003,2,max_solve_dependent_depth,8
measure,13,0.003,2,mean_harvest_dependent_depth,7.016
measure,13,0.003,2,max_harvest_dependent_depth,8
measure,13,0.003,2,mean_solve_events,57.088
measure,13,0.003,2,harvest_share_of_critical_path,0.648789
depth,13,0.003,2,exposed_depth_0,0
depth,13,0.003,2,exposed_depth_1,2
depth,13,0.003,2,exposed_depth_2,1
depth,13,0.003,2,exposed_depth_3,0
depth,13,0.003,2,exposed_depth_4,0
depth,13,0.003,2,exposed_depth_5,0
depth,13,0.003,2,exposed_depth_6,0
depth,13,0.003,2,exposed_depth_7,0
depth,13,0.003,2,exposed_depth_8,0
measure,13,0.005,0.75,max_largest_tree_size,6
measure,13,0.005,0.75,mean_largest_tree_size,2.354
measure,13,0.005,0.75,mean_blossom_formations,1.859
measure,13,0.005,0.75,mean_matched_blossom_shatters,0.682
measure,13,0.005,0.75,max_blossom_nesting_depth,3
measure,13,0.005,0.75,max_blossom_members,9
measure,13,0.005,0.75,max_exposed_blossom_depth,3
measure,13,0.005,0.75,max_exposed_blossom_members,9
measure,13,0.005,0.75,mean_solve_dependent_depth,4.27
measure,13,0.005,0.75,max_solve_dependent_depth,8
measure,13,0.005,0.75,mean_harvest_dependent_depth,7.878
measure,13,0.005,0.75,max_harvest_dependent_depth,8
measure,13,0.005,0.75,mean_solve_events,90.031
measure,13,0.005,0.75,harvest_share_of_critical_path,0.648502
depth,13,0.005,0.75,exposed_depth_0,0
depth,13,0.005,0.75,exposed_depth_1,525
depth,13,0.005,0.75,exposed_depth_2,85
depth,13,0.005,0.75,exposed_depth_3,9
depth,13,0.005,0.75,exposed_depth_4,0
depth,13,0.005,0.75,exposed_depth_5,0
depth,13,0.005,0.75,exposed_depth_6,0
depth,13,0.005,0.75,exposed_depth_7,0
depth,13,0.005,0.75,exposed_depth_8,0
measure,13,0.005,1,max_largest_tree_size,7
measure,13,0.005,1,mean_largest_tree_size,1.338
measure,13,0.005,1,mean_blossom_formations,2.477
measure,13,0.005,1,mean_matched_blossom_shatters,1.668
measure,13,0.005,1,max_blossom_nesting_depth,5
measure,13,0.005,1,max_blossom_members,11
measure,13,0.005,1,max_exposed_blossom_depth,4
measure,13,0.005,1,max_exposed_blossom_members,11
measure,13,0.005,1,mean_solve_dependent_depth,4.825
measure,13,0.005,1,max_solve_dependent_depth,10
measure,13,0.005,1,mean_harvest_dependent_depth,7.941
measure,13,0.005,1,max_harvest_dependent_depth,8
measure,13,0.005,1,mean_solve_events,97.691
measure,13,0.005,1,harvest_share_of_critical_path,0.622043
depth,13,0.005,1,exposed_depth_0,0
depth,13,0.005,1,exposed_depth_1,242
depth,13,0.005,1,exposed_depth_2,85
depth,13,0.005,1,exposed_depth_3,14
depth,13,0.005,1,exposed_depth_4,1
depth,13,0.005,1,exposed_depth_5,0
depth,13,0.005,1,exposed_depth_6,0
depth,13,0.005,1,exposed_depth_7,0
depth,13,0.005,1,exposed_depth_8,0
measure,13,0.005,1.5,max_largest_tree_size,7
measure,13,0.005,1.5,mean_largest_tree_size,0.31
measure,13,0.005,1.5,mean_blossom_formations,2.935
measure,13,0.005,1.5,mean_matched_blossom_shatters,2.23
measure,13,0.005,1.5,max_blossom_nesting_depth,6
measure,13,0.005,1.5,max_blossom_members,15
measure,13,0.005,1.5,max_exposed_blossom_depth,6
measure,13,0.005,1.5,max_exposed_blossom_members,15
measure,13,0.005,1.5,mean_solve_dependent_depth,5.132
measure,13,0.005,1.5,max_solve_dependent_depth,11
measure,13,0.005,1.5,mean_harvest_dependent_depth,7.943
measure,13,0.005,1.5,max_harvest_dependent_depth,8
measure,13,0.005,1.5,mean_solve_events,99.95
measure,13,0.005,1.5,harvest_share_of_critical_path,0.607495
depth,13,0.005,1.5,exposed_depth_0,0
depth,13,0.005,1.5,exposed_depth_1,38
depth,13,0.005,1.5,exposed_depth_2,18
depth,13,0.005,1.5,exposed_depth_3,7
depth,13,0.005,1.5,exposed_depth_4,4
depth,13,0.005,1.5,exposed_depth_5,2
depth,13,0.005,1.5,exposed_depth_6,1
depth,13,0.005,1.5,exposed_depth_7,0
depth,13,0.005,1.5,exposed_depth_8,0
measure,13,0.005,2,max_largest_tree_size,6
measure,13,0.005,2,mean_largest_tree_size,0.025
measure,13,0.005,2,mean_blossom_formations,3.063
measure,13,0.005,2,mean_matched_blossom_shatters,2.331
measure,13,0.005,2,max_blossom_nesting_depth,8
measure,13,0.005,2,max_blossom_members,23
measure,13,0.005,2,max_exposed_blossom_depth,8
measure,13,0.005,2,max_exposed_blossom_members,23
measure,13,0.005,2,mean_solve_dependent_depth,5.225
measure,13,0.005,2,max_solve_dependent_depth,12
measure,13,0.005,2,mean_harvest_dependent_depth,7.939
measure,13,0.005,2,max_harvest_dependent_depth,9
measure,13,0.005,2,mean_solve_events,100.447
measure,13,0.005,2,harvest_share_of_critical_path,0.603084
depth,13,0.005,2,exposed_depth_0,0
depth,13,0.005,2,exposed_depth_1,1
depth,13,0.005,2,exposed_depth_2,3
depth,13,0.005,2,exposed_depth_3,1
depth,13,0.005,2,exposed_depth_4,1
depth,13,0.005,2,exposed_depth_5,0
depth,13,0.005,2,exposed_depth_6,0
depth,13,0.005,2,exposed_depth_7,0
depth,13,0.005,2,exposed_depth_8,1
ab,5,0.001,0.75,harvest_ns_legacy,178.95
ab,5,0.001,0.75,harvest_ns_direct,219.942
ab,5,0.001,0.75,harvest_speedup,0.813624
ab,5,0.001,0.75,frac_harvest_legacy,0.22773
ab,5,0.001,0.75,frac_harvest_direct,0.180447
ab,5,0.001,0.75,mean_total_ns_legacy,785.799
ab,5,0.001,0.75,mean_total_ns_direct,1218.88
ab,5,0.001,0.75,frac_harvest_enumerate,0.124549
ab,5,0.001,0.75,frac_harvest_base_descent,0.102774
ab,5,0.001,0.75,frac_harvest_shatter,0.123129
ab,5,0.001,0.75,frac_harvest_reduce,0.0810341
ab,5,0.001,1,harvest_ns_legacy,167.972
ab,5,0.001,1,harvest_ns_direct,123.404
ab,5,0.001,1,harvest_speedup,1.36116
ab,5,0.001,1,frac_harvest_legacy,0.187287
ab,5,0.001,1,frac_harvest_direct,0.146131
ab,5,0.001,1,mean_total_ns_legacy,896.869
ab,5,0.001,1,mean_total_ns_direct,844.473
ab,5,0.001,1,frac_harvest_enumerate,0.116896
ab,5,0.001,1,frac_harvest_base_descent,0.0839396
ab,5,0.001,1,frac_harvest_shatter,0.1383
ab,5,0.001,1,frac_harvest_reduce,0.0831768
ab,5,0.001,1.5,harvest_ns_legacy,169.133
ab,5,0.001,1.5,harvest_ns_direct,124.046
ab,5,0.001,1.5,harvest_speedup,1.36347
ab,5,0.001,1.5,frac_harvest_legacy,0.152708
ab,5,0.001,1.5,frac_harvest_direct,0.118243
ab,5,0.001,1.5,mean_total_ns_legacy,1107.56
ab,5,0.001,1.5,mean_total_ns_direct,1049.08
ab,5,0.001,1.5,frac_harvest_enumerate,0.115565
ab,5,0.001,1.5,frac_harvest_base_descent,0.0825255
ab,5,0.001,1.5,frac_harvest_shatter,0.140133
ab,5,0.001,1.5,frac_harvest_reduce,0.0839999
ab,5,0.001,2,harvest_ns_legacy,167.841
ab,5,0.001,2,harvest_ns_direct,122.491
ab,5,0.001,2,harvest_speedup,1.37023
ab,5,0.001,2,frac_harvest_legacy,0.131196
ab,5,0.001,2,frac_harvest_direct,0.102073
ab,5,0.001,2,mean_total_ns_legacy,1279.31
ab,5,0.001,2,mean_total_ns_direct,1200.03
ab,5,0.001,2,frac_harvest_enumerate,0.112212
ab,5,0.001,2,frac_harvest_base_descent,0.0819285
ab,5,0.001,2,frac_harvest_shatter,0.140909
ab,5,0.001,2,frac_harvest_reduce,0.0845054
ab,5,0.003,0.75,harvest_ns_legacy,404.692
ab,5,0.003,0.75,harvest_ns_direct,234.791
ab,5,0.003,0.75,harvest_speedup,1.72363
ab,5,0.003,0.75,frac_harvest_legacy,0.226096
ab,5,0.003,0.75,frac_harvest_direct,0.142359
ab,5,0.003,0.75,mean_total_ns_legacy,1789.91
ab,5,0.003,0.75,mean_total_ns_direct,1649.29
ab,5,0.003,0.75,frac_harvest_enumerate,0.17014
ab,5,0.003,0.75,frac_harvest_base_descent,0.125748
ab,5,0.003,0.75,frac_harvest_shatter,0.181281
ab,5,0.003,0.75,frac_harvest_reduce,0.0647374
ab,5,0.003,1,harvest_ns_legacy,355.955
ab,5,0.003,1,harvest_ns_direct,196.364
ab,5,0.003,1,harvest_speedup,1.81273
ab,5,0.003,1,frac_harvest_legacy,0.166793
ab,5,0.003,1,frac_harvest_direct,0.102057
ab,5,0.003,1,mean_total_ns_legacy,2134.12
ab,5,0.003,1,mean_total_ns_direct,1924.06
ab,5,0.003,1,frac_harvest_enumerate,0.156452
ab,5,0.003,1,frac_harvest_base_descent,0.0787322
ab,5,0.003,1,frac_harvest_shatter,0.220483
ab,5,0.003,1,frac_harvest_reduce,0.0679038
ab,5,0.003,1.5,harvest_ns_legacy,362.813
ab,5,0.003,1.5,harvest_ns_direct,191.637
ab,5,0.003,1.5,harvest_speedup,1.89323
ab,5,0.003,1.5,frac_harvest_legacy,0.126541
ab,5,0.003,1.5,frac_harvest_direct,0.0722294
ab,5,0.003,1.5,mean_total_ns_legacy,2867.16
ab,5,0.003,1.5,mean_total_ns_direct,2653.17
ab,5,0.003,1.5,frac_harvest_enumerate,0.1543
ab,5,0.003,1.5,frac_harvest_base_descent,0.0676559
ab,5,0.003,1.5,frac_harvest_shatter,0.228752
ab,5,0.003,1.5,frac_harvest_reduce,0.0670806
ab,5,0.003,2,harvest_ns_legacy,360.053
ab,5,0.003,2,harvest_ns_direct,204.256
ab,5,0.003,2,harvest_speedup,1.76275
ab,5,0.003,2,frac_harvest_legacy,0.1008
ab,5,0.003,2,frac_harvest_direct,0.0608012
ab,5,0.003,2,mean_total_ns_legacy,3571.94
ab,5,0.003,2,mean_total_ns_direct,3359.41
ab,5,0.003,2,frac_harvest_enumerate,0.149808
ab,5,0.003,2,frac_harvest_base_descent,0.0659857
ab,5,0.003,2,frac_harvest_shatter,0.23608
ab,5,0.003,2,frac_harvest_reduce,0.0693831
ab,5,0.005,0.75,harvest_ns_legacy,740.773
ab,5,0.005,0.75,harvest_ns_direct,331.222
ab,5,0.005,0.75,harvest_speedup,2.23648
ab,5,0.005,0.75,frac_harvest_legacy,0.223834
ab,5,0.005,0.75,frac_harvest_direct,0.133116
ab,5,0.005,0.75,mean_total_ns_legacy,3309.48
ab,5,0.005,0.75,mean_total_ns_direct,2488.21
ab,5,0.005,0.75,frac_harvest_enumerate,0.196981
ab,5,0.005,0.75,frac_harvest_base_descent,0.145187
ab,5,0.005,0.75,frac_harvest_shatter,0.214927
ab,5,0.005,0.75,frac_harvest_reduce,0.0574972
ab,5,0.005,1,harvest_ns_legacy,540.03
ab,5,0.005,1,harvest_ns_direct,263.9
ab,5,0.005,1,harvest_speedup,2.04634
ab,5,0.005,1,frac_harvest_legacy,0.159663
ab,5,0.005,1,frac_harvest_direct,0.0861127
ab,5,0.005,1,mean_total_ns_legacy,3382.32
ab,5,0.005,1,mean_total_ns_direct,3064.59
ab,5,0.005,1,frac_harvest_enumerate,0.183886
ab,5,0.005,1,frac_harvest_base_descent,0.0746114
ab,5,0.005,1,frac_harvest_shatter,0.276599
ab,5,0.005,1,frac_harvest_reduce,0.0586003
ab,5,0.005,1.5,harvest_ns_legacy,518.173
ab,5,0.005,1.5,harvest_ns_direct,258.812
ab,5,0.005,1.5,harvest_speedup,2.00212
ab,5,0.005,1.5,frac_harvest_legacy,0.106314
ab,5,0.005,1.5,frac_harvest_direct,0.0579512
ab,5,0.005,1.5,mean_total_ns_legacy,4873.98
ab,5,0.005,1.5,mean_total_ns_direct,4466.03
ab,5,0.005,1.5,frac_harvest_enumerate,0.180786
ab,5,0.005,1.5,frac_harvest_base_descent,0.0572456
ab,5,0.005,1.5,frac_harvest_shatter,0.287181
ab,5,0.005,1.5,frac_harvest_reduce,0.0571015
ab,5,0.005,2,harvest_ns_legacy,539.356
ab,5,0.005,2,harvest_ns_direct,256.657
ab,5,0.005,2,harvest_speedup,2.10147
ab,5,0.005,2,frac_harvest_legacy,0.0865263
ab,5,0.005,2,frac_harvest_direct,0.0437448
ab,5,0.005,2,mean_total_ns_legacy,6233.43
ab,5,0.005,2,mean_total_ns_direct,5867.15
ab,5,0.005,2,frac_harvest_enumerate,0.176511
ab,5,0.005,2,frac_harvest_base_descent,0.056726
ab,5,0.005,2,frac_harvest_shatter,0.293884
ab,5,0.005,2,frac_harvest_reduce,0.0585443
ab,7,0.001,0.75,harvest_ns_legacy,382.255
ab,7,0.001,0.75,harvest_ns_direct,231.476
ab,7,0.001,0.75,harvest_speedup,1.65138
ab,7,0.001,0.75,frac_harvest_legacy,0.236691
ab,7,0.001,0.75,frac_harvest_direct,0.157549
ab,7,0.001,0.75,mean_total_ns_legacy,1615
ab,7,0.001,0.75,mean_total_ns_direct,1469.23
ab,7,0.001,0.75,frac_harvest_enumerate,0.160466
ab,7,0.001,0.75,frac_harvest_base_descent,0.112354
ab,7,0.001,0.75,frac_harvest_shatter,0.180835
ab,7,0.001,0.75,frac_harvest_reduce,0.0691741
ab,7,0.001,1,harvest_ns_legacy,337.6
ab,7,0.001,1,harvest_ns_direct,190.057
ab,7,0.001,1,harvest_speedup,1.77631
ab,7,0.001,1,frac_harvest_legacy,0.172959
ab,7,0.001,1,frac_harvest_direct,0.104676
ab,7,0.001,1,mean_total_ns_legacy,1951.9
ab,7,0.001,1,mean_total_ns_direct,1815.67
ab,7,0.001,1,frac_harvest_enumerate,0.152913
ab,7,0.001,1,frac_harvest_base_descent,0.0739966
ab,7,0.001,1,frac_harvest_shatter,0.216961
ab,7,0.001,1,frac_harvest_reduce,0.0696145
ab,7,0.001,1.5,harvest_ns_legacy,337.35
ab,7,0.001,1.5,harvest_ns_direct,186.56
ab,7,0.001,1.5,harvest_speedup,1.80827
ab,7,0.001,1.5,frac_harvest_legacy,0.120241
ab,7,0.001,1.5,frac_harvest_direct,0.0698206
ab,7,0.001,1.5,mean_total_ns_legacy,2805.61
ab,7,0.001,1.5,mean_total_ns_direct,2671.99
ab,7,0.001,1.5,frac_harvest_enumerate,0.15915
ab,7,0.001,1.5,frac_harvest_base_descent,0.0695234
ab,7,0.001,1.5,frac_harvest_shatter,0.218462
ab,7,0.001,1.5,frac_harvest_reduce,0.0695123
ab,7,0.001,2,harvest_ns_legacy,350.022
ab,7,0.001,2,harvest_ns_direct,190.335
ab,7,0.001,2,harvest_speedup,1.83898
ab,7,0.001,2,frac_harvest_legacy,0.0876761
ab,7,0.001,2,frac_harvest_direct,0.0491802
ab,7,0.001,2,mean_total_ns_legacy,3992.22
ab,7,0.001,2,mean_total_ns_direct,3870.15
ab,7,0.001,2,frac_harvest_enumerate,0.145048
ab,7,0.001,2,frac_harvest_base_descent,0.0681736
ab,7,0.001,2,frac_harvest_shatter,0.226782
ab,7,0.001,2,frac_harvest_reduce,0.0698898
ab,7,0.003,0.75,harvest_ns_legacy,1146.09
ab,7,0.003,0.75,harvest_ns_direct,576.436
ab,7,0.003,0.75,harvest_speedup,1.98823
ab,7,0.003,0.75,frac_harvest_legacy,0.2416
ab,7,0.003,0.75,frac_harvest_direct,0.137714
ab,7,0.003,0.75,mean_total_ns_legacy,4743.75
ab,7,0.003,0.75,mean_total_ns_direct,4185.74
ab,7,0.003,0.75,frac_harvest_enumerate,0.218314
ab,7,0.003,0.75,frac_harvest_base_descent,0.141805
ab,7,0.003,0.75,frac_harvest_shatter,0.296165
ab,7,0.003,0.75,frac_harvest_reduce,0.0424703
ab,7,0.003,1,harvest_ns_legacy,1003.55
ab,7,0.003,1,harvest_ns_direct,454.895
ab,7,0.003,1,harvest_speedup,2.20611
ab,7,0.003,1,frac_harvest_legacy,0.169338
ab,7,0.003,1,frac_harvest_direct,0.0871356
ab,7,0.003,1,mean_total_ns_legacy,5926.29
ab,7,0.003,1,mean_total_ns_direct,5220.54
ab,7,0.003,1,frac_harvest_enumerate,0.202857
ab,7,0.003,1,frac_harvest_base_descent,0.0646305
ab,7,0.003,1,frac_harvest_shatter,0.390986
ab,7,0.003,1,frac_harvest_reduce,0.0425507
ab,7,0.003,1.5,harvest_ns_legacy,986.109
ab,7,0.003,1.5,harvest_ns_direct,442.062
ab,7,0.003,1.5,harvest_speedup,2.2307
ab,7,0.003,1.5,frac_harvest_legacy,0.10655
ab,7,0.003,1.5,frac_harvest_direct,0.0513993
ab,7,0.003,1.5,mean_total_ns_legacy,9254.93
ab,7,0.003,1.5,mean_total_ns_direct,8600.55
ab,7,0.003,1.5,frac_harvest_enumerate,0.198112
ab,7,0.003,1.5,frac_harvest_base_descent,0.0429652
ab,7,0.003,1.5,frac_harvest_shatter,0.419406
ab,7,0.003,1.5,frac_harvest_reduce,0.0420697
ab,7,0.003,2,harvest_ns_legacy,997.938
ab,7,0.003,2,harvest_ns_direct,451.76
ab,7,0.003,2,harvest_speedup,2.209
ab,7,0.003,2,frac_harvest_legacy,0.0728695
ab,7,0.003,2,frac_harvest_direct,0.0346636
ab,7,0.003,2,mean_total_ns_legacy,13694.9
ab,7,0.003,2,mean_total_ns_direct,13032.7
ab,7,0.003,2,frac_harvest_enumerate,0.190843
ab,7,0.003,2,frac_harvest_base_descent,0.0404241
ab,7,0.003,2,frac_harvest_shatter,0.426289
ab,7,0.003,2,frac_harvest_reduce,0.041448
ab,7,0.005,0.75,harvest_ns_legacy,1820.93
ab,7,0.005,0.75,harvest_ns_direct,928.063
ab,7,0.005,0.75,harvest_speedup,1.96208
ab,7,0.005,0.75,frac_harvest_legacy,0.231322
ab,7,0.005,0.75,frac_harvest_direct,0.135782
ab,7,0.005,0.75,mean_total_ns_legacy,7871.86
ab,7,0.005,0.75,mean_total_ns_direct,6834.97
ab,7,0.005,0.75,frac_harvest_enumerate,0.235608
ab,7,0.005,0.75,frac_harvest_base_descent,0.156661
ab,7,0.005,0.75,frac_harvest_shatter,0.350103
ab,7,0.005,0.75,frac_harvest_reduce,0.0336562
ab,7,0.005,1,harvest_ns_legacy,1591.25
ab,7,0.005,1,harvest_ns_direct,742.237
ab,7,0.005,1,harvest_speedup,2.14386
ab,7,0.005,1,frac_harvest_legacy,0.160728
ab,7,0.005,1,frac_harvest_direct,0.0824681
ab,7,0.005,1,mean_total_ns_legacy,9900.3
ab,7,0.005,1,mean_total_ns_direct,9000.29
ab,7,0.005,1,frac_harvest_enumerate,0.21901
ab,7,0.005,1,frac_harvest_base_descent,0.0672442
ab,7,0.005,1,frac_harvest_shatter,0.467837
ab,7,0.005,1,frac_harvest_reduce,0.0298737
ab,7,0.005,1.5,harvest_ns_legacy,1623.59
ab,7,0.005,1.5,harvest_ns_direct,714.72
ab,7,0.005,1.5,harvest_speedup,2.27164
ab,7,0.005,1.5,frac_harvest_legacy,0.101496
ab,7,0.005,1.5,frac_harvest_direct,0.0475624
ab,7,0.005,1.5,mean_total_ns_legacy,15996.6
ab,7,0.005,1.5,mean_total_ns_direct,15027
ab,7,0.005,1.5,frac_harvest_enumerate,0.210846
ab,7,0.005,1.5,frac_harvest_base_descent,0.0374002
ab,7,0.005,1.5,frac_harvest_shatter,0.517285
ab,7,0.005,1.5,frac_harvest_reduce,0.0284705
ab,7,0.005,2,harvest_ns_legacy,1723.89
ab,7,0.005,2,harvest_ns_direct,749.275
ab,7,0.005,2,harvest_speedup,2.30075
ab,7,0.005,2,frac_harvest_legacy,0.0701461
ab,7,0.005,2,frac_harvest_direct,0.0315834
ab,7,0.005,2,mean_total_ns_legacy,24575.7
ab,7,0.005,2,mean_total_ns_direct,23723.7
ab,7,0.005,2,frac_harvest_enumerate,0.204677
ab,7,0.005,2,frac_harvest_base_descent,0.029489
ab,7,0.005,2,frac_harvest_shatter,0.528345
ab,7,0.005,2,frac_harvest_reduce,0.0276904
ab,9,0.001,0.75,harvest_ns_legacy,819.193
ab,9,0.001,0.75,harvest_ns_direct,406.862
ab,9,0.001,0.75,harvest_speedup,2.01344
ab,9,0.001,0.75,frac_harvest_legacy,0.255409
ab,9,0.001,0.75,frac_harvest_direct,0.14621
ab,9,0.001,0.75,mean_total_ns_legacy,3207.38
ab,9,0.001,0.75,mean_total_ns_direct,2782.72
ab,9,0.001,0.75,frac_harvest_enumerate,0.186073
ab,9,0.001,0.75,frac_harvest_base_descent,0.126039
ab,9,0.001,0.75,frac_harvest_shatter,0.26357
ab,9,0.001,0.75,frac_harvest_reduce,0.0497842
ab,9,0.001,1,harvest_ns_legacy,698.659
ab,9,0.001,1,harvest_ns_direct,320.49
ab,9,0.001,1,harvest_speedup,2.17997
ab,9,0.001,1,frac_harvest_legacy,0.175087
ab,9,0.001,1,frac_harvest_direct,0.090568
ab,9,0.001,1,mean_total_ns_legacy,3990.35
ab,9,0.001,1,mean_total_ns_direct,3538.67
ab,9,0.001,1,frac_harvest_enumerate,0.172845
ab,9,0.001,1,frac_harvest_base_descent,0.0579031
ab,9,0.001,1,frac_harvest_shatter,0.325886
ab,9,0.001,1,frac_harvest_reduce,0.0497542
ab,9,0.001,1.5,harvest_ns_legacy,730.209
ab,9,0.001,1.5,harvest_ns_direct,315.792
ab,9,0.001,1.5,harvest_speedup,2.31231
ab,9,0.001,1.5,frac_harvest_legacy,0.11796
ab,9,0.001,1.5,frac_harvest_direct,0.0554828
ab,9,0.001,1.5,mean_total_ns_legacy,6190.31
ab,9,0.001,1.5,mean_total_ns_direct,5691.71
ab,9,0.001,1.5,frac_harvest_enumerate,0.207702
ab,9,0.001,1.5,frac_harvest_base_descent,0.0511787
ab,9,0.001,1.5,frac_harvest_shatter,0.335167
ab,9,0.001,1.5,frac_harvest_reduce,0.0498209
ab,9,0.001,2,harvest_ns_legacy,752.623
ab,9,0.001,2,harvest_ns_direct,337.396
ab,9,0.001,2,harvest_speedup,2.23068
ab,9,0.001,2,frac_harvest_legacy,0.0801657
ab,9,0.001,2,frac_harvest_direct,0.0379957
ab,9,0.001,2,mean_total_ns_legacy,9388.34
ab,9,0.001,2,mean_total_ns_direct,8879.85
ab,9,0.001,2,frac_harvest_enumerate,0.176479
ab,9,0.001,2,frac_harvest_base_descent,0.0491198
ab,9,0.001,2,frac_harvest_shatter,0.35603
ab,9,0.001,2,frac_harvest_reduce,0.0509486
ab,9,0.003,0.75,harvest_ns_legacy,2432.13
ab,9,0.003,0.75,harvest_ns_direct,1159.69
ab,9,0.003,0.75,harvest_speedup,2.09723
ab,9,0.003,0.75,frac_harvest_legacy,0.25436
ab,9,0.003,0.75,frac_harvest_direct,0.139503
ab,9,0.003,0.75,mean_total_ns_legacy,9561.77
ab,9,0.003,0.75,mean_total_ns_direct,8313.03
ab,9,0.003,0.75,frac_harvest_enumerate,0.233217
ab,9,0.003,0.75,frac_harvest_base_descent,0.13827
ab,9,0.003,0.75,frac_harvest_shatter,0.402104
ab,9,0.003,0.75,frac_harvest_reduce,0.0296724
ab,9,0.003,1,harvest_ns_legacy,2193.28
ab,9,0.003,1,harvest_ns_direct,990.302
ab,9,0.003,1,harvest_speedup,2.21476
ab,9,0.003,1,frac_harvest_legacy,0.178862
ab,9,0.003,1,frac_harvest_direct,0.0892956
ab,9,0.003,1,mean_total_ns_legacy,12262.4
ab,9,0.003,1,mean_total_ns_direct,11090.1
ab,9,0.003,1,frac_harvest_enumerate,0.221333
ab,9,0.003,1,frac_harvest_base_descent,0.0535631
ab,9,0.003,1,frac_harvest_shatter,0.518154
ab,9,0.003,1,frac_harvest_reduce,0.0244149
ab,9,0.003,1.5,harvest_ns_legacy,2203.92
ab,9,0.003,1.5,harvest_ns_direct,948.761
ab,9,0.003,1.5,harvest_speedup,2.32294
ab,9,0.003,1.5,frac_harvest_legacy,0.110344
ab,9,0.003,1.5,frac_harvest_direct,0.0508965
ab,9,0.003,1.5,mean_total_ns_legacy,19973.2
ab,9,0.003,1.5,mean_total_ns_direct,18641
ab,9,0.003,1.5,frac_harvest_enumerate,0.215514
ab,9,0.003,1.5,frac_harvest_base_descent,0.0310223
ab,9,0.003,1.5,frac_harvest_shatter,0.561737
ab,9,0.003,1.5,frac_harvest_reduce,0.0228889
ab,9,0.003,2,harvest_ns_legacy,2199.37
ab,9,0.003,2,harvest_ns_direct,948.1
ab,9,0.003,2,harvest_speedup,2.31977
ab,9,0.003,2,frac_harvest_legacy,0.0698209
ab,9,0.003,2,frac_harvest_direct,0.0310792
ab,9,0.003,2,mean_total_ns_legacy,31500.2
ab,9,0.003,2,mean_total_ns_direct,30505.9
ab,9,0.003,2,frac_harvest_enumerate,0.212153
ab,9,0.003,2,frac_harvest_base_descent,0.0230834
ab,9,0.003,2,frac_harvest_shatter,0.572449
ab,9,0.003,2,frac_harvest_reduce,0.0225658
ab,9,0.005,0.75,harvest_ns_legacy,4175.43
ab,9,0.005,0.75,harvest_ns_direct,1979.17
ab,9,0.005,0.75,harvest_speedup,2.10969
ab,9,0.005,0.75,frac_harvest_legacy,0.248461
ab,9,0.005,0.75,frac_harvest_direct,0.136208
ab,9,0.005,0.75,mean_total_ns_legacy,16805.2
ab,9,0.005,0.75,mean_total_ns_direct,14530.5
ab,9,0.005,0.75,frac_harvest_enumerate,0.254133
ab,9,0.005,0.75,frac_harvest_base_descent,0.172982
ab,9,0.005,0.75,frac_harvest_shatter,0.413332
ab,9,0.005,0.75,frac_harvest_reduce,0.0249198
ab,9,0.005,1,harvest_ns_legacy,3617.3
ab,9,0.005,1,harvest_ns_direct,1662.91
ab,9,0.005,1,harvest_speedup,2.17528
ab,9,0.005,1,frac_harvest_legacy,0.165385
ab,9,0.005,1,frac_harvest_direct,0.0837049
ab,9,0.005,1,mean_total_ns_legacy,21872
ab,9,0.005,1,mean_total_ns_direct,19866.3
ab,9,0.005,1,frac_harvest_enumerate,0.239673
ab,9,0.005,1,frac_harvest_base_descent,0.0671359
ab,9,0.005,1,frac_harvest_shatter,0.548472
ab,9,0.005,1,frac_harvest_reduce,0.0177123
ab,9,0.005,1.5,harvest_ns_legacy,3601.67
ab,9,0.005,1.5,harvest_ns_direct,1564.84
ab,9,0.005,1.5,harvest_speedup,2.30163
ab,9,0.005,1.5,frac_harvest_legacy,0.0960982
ab,9,0.005,1.5,frac_harvest_direct,0.044238
ab,9,0.005,1.5,mean_total_ns_legacy,37479.1
ab,9,0.005,1.5,mean_total_ns_direct,35373.1
ab,9,0.005,1.5,frac_harvest_enumerate,0.231187
ab,9,0.005,1.5,frac_harvest_base_descent,0.0244626
ab,9,0.005,1.5,frac_harvest_shatter,0.619478
ab,9,0.005,1.5,frac_harvest_reduce,0.0157772
ab,9,0.005,2,harvest_ns_legacy,3827.18
ab,9,0.005,2,harvest_ns_direct,1598.36
ab,9,0.005,2,harvest_speedup,2.39444
ab,9,0.005,2,frac_harvest_legacy,0.063415
ab,9,0.005,2,frac_harvest_direct,0.027454
ab,9,0.005,2,mean_total_ns_legacy,60351.3
ab,9,0.005,2,mean_total_ns_direct,58219.5
ab,9,0.005,2,frac_harvest_enumerate,0.229003
ab,9,0.005,2,frac_harvest_base_descent,0.0254087
ab,9,0.005,2,frac_harvest_shatter,0.620505
ab,9,0.005,2,frac_harvest_reduce,0.0144643
ab,11,0.001,0.75,harvest_ns_legacy,1547.95
ab,11,0.001,0.75,harvest_ns_direct,699.066
ab,11,0.001,0.75,harvest_speedup,2.21431
ab,11,0.001,0.75,frac_harvest_legacy,0.271684
ab,11,0.001,0.75,frac_harvest_direct,0.144566
ab,11,0.001,0.75,mean_total_ns_legacy,5697.6
ab,11,0.001,0.75,mean_total_ns_direct,4835.63
ab,11,0.001,0.75,frac_harvest_enumerate,0.200178
ab,11,0.001,0.75,frac_harvest_base_descent,0.106359
ab,11,0.001,0.75,frac_harvest_shatter,0.379992
ab,11,0.001,0.75,frac_harvest_reduce,0.0357127
ab,11,0.001,1,harvest_ns_legacy,1328.73
ab,11,0.001,1,harvest_ns_direct,580.65
ab,11,0.001,1,harvest_speedup,2.28835
ab,11,0.001,1,frac_harvest_legacy,0.191448
ab,11,0.001,1,frac_harvest_direct,0.0932206
ab,11,0.001,1,mean_total_ns_legacy,6940.45
ab,11,0.001,1,mean_total_ns_direct,6228.77
ab,11,0.001,1,frac_harvest_enumerate,0.189453
ab,11,0.001,1,frac_harvest_base_descent,0.0421862
ab,11,0.001,1,frac_harvest_shatter,0.476681
ab,11,0.001,1,frac_harvest_reduce,0.0334273
ab,11,0.001,1.5,harvest_ns_legacy,1344.88
ab,11,0.001,1.5,harvest_ns_direct,570.983
ab,11,0.001,1.5,harvest_speedup,2.35537
ab,11,0.001,1.5,frac_harvest_legacy,0.121966
ab,11,0.001,1.5,frac_harvest_direct,0.0558041
ab,11,0.001,1.5,mean_total_ns_legacy,11026.6
ab,11,0.001,1.5,mean_total_ns_direct,10231.9
ab,11,0.001,1.5,frac_harvest_enumerate,0.193428
ab,11,0.001,1.5,frac_harvest_base_descent,0.036858
ab,11,0.001,1.5,frac_harvest_shatter,0.49288
ab,11,0.001,1.5,frac_harvest_reduce,0.0336577
ab,11,0.001,2,harvest_ns_legacy,1368.63
ab,11,0.001,2,harvest_ns_direct,591.797
ab,11,0.001,2,harvest_speedup,2.31267
ab,11,0.001,2,frac_harvest_legacy,0.073177
ab,11,0.001,2,frac_harvest_direct,0.0339279
ab,11,0.001,2,mean_total_ns_legacy,18703.1
ab,11,0.001,2,mean_total_ns_direct,17442.8
ab,11,0.001,2,frac_harvest_enumerate,0.178885
ab,11,0.001,2,frac_harvest_base_descent,0.0312576
ab,11,0.001,2,frac_harvest_shatter,0.525705
ab,11,0.001,2,frac_harvest_reduce,0.0321125
ab,11,0.003,0.75,harvest_ns_legacy,4623.63
ab,11,0.003,0.75,harvest_ns_direct,2133.24
ab,11,0.003,0.75,harvest_speedup,2.16742
ab,11,0.003,0.75,frac_harvest_legacy,0.258843
ab,11,0.003,0.75,frac_harvest_direct,0.139681
ab,11,0.003,0.75,mean_total_ns_legacy,17862.7
ab,11,0.003,0.75,mean_total_ns_direct,15272.2
ab,11,0.003,0.75,frac_harvest_enumerate,0.245661
ab,11,0.003,0.75,frac_harvest_base_descent,0.146188
ab,11,0.003,0.75,frac_harvest_shatter,0.460694
ab,11,0.003,0.75,frac_harvest_reduce,0.0231953
ab,11,0.003,1,harvest_ns_legacy,4165.16
ab,11,0.003,1,harvest_ns_direct,1835.05
ab,11,0.003,1,harvest_speedup,2.26978
ab,11,0.003,1,frac_harvest_legacy,0.181409
ab,11,0.003,1,frac_harvest_direct,0.0850481
ab,11,0.003,1,mean_total_ns_legacy,22960.1
ab,11,0.003,1,mean_total_ns_direct,21576.6
ab,11,0.003,1,frac_harvest_enumerate,0.236441
ab,11,0.003,1,frac_harvest_base_descent,0.0468818
ab,11,0.003,1,frac_harvest_shatter,0.580032
ab,11,0.003,1,frac_harvest_reduce,0.0160338
ab,11,0.003,1.5,harvest_ns_legacy,4301.02
ab,11,0.003,1.5,harvest_ns_direct,1786.6
ab,11,0.003,1.5,harvest_speedup,2.40738
ab,11,0.003,1.5,frac_harvest_legacy,0.110112
ab,11,0.003,1.5,frac_harvest_direct,0.0490506
ab,11,0.003,1.5,mean_total_ns_legacy,39060.4
ab,11,0.003,1.5,mean_total_ns_direct,36423.6
ab,11,0.003,1.5,frac_harvest_enumerate,0.230775
ab,11,0.003,1.5,frac_harvest_base_descent,0.0215067
ab,11,0.003,1.5,frac_harvest_shatter,0.63318
ab,11,0.003,1.5,frac_harvest_reduce,0.0140477
ab,11,0.003,2,harvest_ns_legacy,4565.46
ab,11,0.003,2,harvest_ns_direct,1811.53
ab,11,0.003,2,harvest_speedup,2.52022
ab,11,0.003,2,frac_harvest_legacy,0.0692167
ab,11,0.003,2,frac_harvest_direct,0.0292599
ab,11,0.003,2,mean_total_ns_legacy,65958.9
ab,11,0.003,2,mean_total_ns_direct,61911.7
ab,11,0.003,2,frac_harvest_enumerate,0.227246
ab,11,0.003,2,frac_harvest_base_descent,0.0144671
ab,11,0.003,2,frac_harvest_shatter,0.644856
ab,11,0.003,2,frac_harvest_reduce,0.0129437
ab,11,0.005,0.75,harvest_ns_legacy,7852.85
ab,11,0.005,0.75,harvest_ns_direct,3702.65
ab,11,0.005,0.75,harvest_speedup,2.12087
ab,11,0.005,0.75,frac_harvest_legacy,0.247081
ab,11,0.005,0.75,frac_harvest_direct,0.134324
ab,11,0.005,0.75,mean_total_ns_legacy,31782.5
ab,11,0.005,0.75,mean_total_ns_direct,27565
ab,11,0.005,0.75,frac_harvest_enumerate,0.265493
ab,11,0.005,0.75,frac_harvest_base_descent,0.169704
ab,11,0.005,0.75,frac_harvest_shatter,0.456567
ab,11,0.005,0.75,frac_harvest_reduce,0.0227654
ab,11,0.005,1,harvest_ns_legacy,7227.08
ab,11,0.005,1,harvest_ns_direct,3197.6
ab,11,0.005,1,harvest_speedup,2.26016
ab,11,0.005,1,frac_harvest_legacy,0.170944
ab,11,0.005,1,frac_harvest_direct,0.0844382
ab,11,0.005,1,mean_total_ns_legacy,42277.4
ab,11,0.005,1,mean_total_ns_direct,37869.1
ab,11,0.005,1,frac_harvest_enumerate,0.250862
ab,11,0.005,1,frac_harvest_base_descent,0.0655646
ab,11,0.005,1,frac_harvest_shatter,0.587832
ab,11,0.005,1,frac_harvest_reduce,0.0119782
ab,11,0.005,1.5,harvest_ns_legacy,7275.71
ab,11,0.005,1.5,harvest_ns_direct,3058.68
ab,11,0.005,1.5,harvest_speedup,2.37871
ab,11,0.005,1.5,frac_harvest_legacy,0.0971355
ab,11,0.005,1.5,frac_harvest_direct,0.0434649
ab,11,0.005,1.5,mean_total_ns_legacy,74902.7
ab,11,0.005,1.5,mean_total_ns_direct,70371.3
ab,11,0.005,1.5,frac_harvest_enumerate,0.25018
ab,11,0.005,1.5,frac_harvest_base_descent,0.0208828
ab,11,0.005,1.5,frac_harvest_shatter,0.653854
ab,11,0.005,1.5,frac_harvest_reduce,0.00944851
ab,11,0.005,2,harvest_ns_legacy,7725.01
ab,11,0.005,2,harvest_ns_direct,3052.32
ab,11,0.005,2,harvest_speedup,2.53086
ab,11,0.005,2,frac_harvest_legacy,0.0613186
ab,11,0.005,2,frac_harvest_direct,0.0254269
ab,11,0.005,2,mean_total_ns_legacy,125981
ab,11,0.005,2,mean_total_ns_direct,120043
ab,11,0.005,2,frac_harvest_enumerate,0.241196
ab,11,0.005,2,frac_harvest_base_descent,0.0109286
ab,11,0.005,2,frac_harvest_shatter,0.672516
ab,11,0.005,2,frac_harvest_reduce,0.00812114
ab,13,0.001,0.75,harvest_ns_legacy,2485.85
ab,13,0.001,0.75,harvest_ns_direct,1139.06
ab,13,0.001,0.75,harvest_speedup,2.18237
ab,13,0.001,0.75,frac_harvest_legacy,0.264867
ab,13,0.001,0.75,frac_harvest_direct,0.140863
ab,13,0.001,0.75,mean_total_ns_legacy,9385.31
ab,13,0.001,0.75,mean_total_ns_direct,8086.3
ab,13,0.001,0.75,frac_harvest_enumerate,0.217968
ab,13,0.001,0.75,frac_harvest_base_descent,0.101535
ab,13,0.001,0.75,frac_harvest_shatter,0.452478
ab,13,0.001,0.75,frac_harvest_reduce,0.0271292
ab,13,0.001,1,harvest_ns_legacy,2310.96
ab,13,0.001,1,harvest_ns_direct,1012.73
ab,13,0.001,1,harvest_speedup,2.28192
ab,13,0.001,1,frac_harvest_legacy,0.193036
ab,13,0.001,1,frac_harvest_direct,0.0946617
ab,13,0.001,1,mean_total_ns_legacy,11971.7
ab,13,0.001,1,mean_total_ns_direct,10698.4
ab,13,0.001,1,frac_harvest_enumerate,0.203161
ab,13,0.001,1,frac_harvest_base_descent,0.0340428
ab,13,0.001,1,frac_harvest_shatter,0.556645
ab,13,0.001,1,frac_harvest_reduce,0.0229334
ab,13,0.001,1.5,harvest_ns_legacy,2417.08
ab,13,0.001,1.5,harvest_ns_direct,981.185
ab,13,0.001,1.5,harvest_speedup,2.46343
ab,13,0.001,1.5,frac_harvest_legacy,0.122121
ab,13,0.001,1.5,frac_harvest_direct,0.0541042
ab,13,0.001,1.5,mean_total_ns_legacy,19792.5
ab,13,0.001,1.5,mean_total_ns_direct,18135.1
ab,13,0.001,1.5,frac_harvest_enumerate,0.212708
ab,13,0.001,1.5,frac_harvest_base_descent,0.0249903
ab,13,0.001,1.5,frac_harvest_shatter,0.578062
ab,13,0.001,1.5,frac_harvest_reduce,0.0217898
ab,13,0.001,2,harvest_ns_legacy,2526.96
ab,13,0.001,2,harvest_ns_direct,1011.38
ab,13,0.001,2,harvest_speedup,2.49854
ab,13,0.001,2,frac_harvest_legacy,0.0769349
ab,13,0.001,2,frac_harvest_direct,0.0326942
ab,13,0.001,2,mean_total_ns_legacy,32845.4
ab,13,0.001,2,mean_total_ns_direct,30934.4
ab,13,0.001,2,frac_harvest_enumerate,0.220753
ab,13,0.001,2,frac_harvest_base_descent,0.0295363
ab,13,0.001,2,frac_harvest_shatter,0.566079
ab,13,0.001,2,frac_harvest_reduce,0.0206796
ab,13,0.003,0.75,harvest_ns_legacy,8107.4
ab,13,0.003,0.75,harvest_ns_direct,3549.25
ab,13,0.003,0.75,harvest_speedup,2.28426
ab,13,0.003,0.75,frac_harvest_legacy,0.252934
ab,13,0.003,0.75,frac_harvest_direct,0.133849
ab,13,0.003,0.75,mean_total_ns_legacy,32053.4
ab,13,0.003,0.75,mean_total_ns_direct,26516.8
ab,13,0.003,0.75,frac_harvest_enumerate,0.251124
ab,13,0.003,0.75,frac_harvest_base_descent,0.130825
ab,13,0.003,0.75,frac_harvest_shatter,0.50868
ab,13,0.003,0.75,frac_harvest_reduce,0.0201191
ab,13,0.003,1,harvest_ns_legacy,7276.39
ab,13,0.003,1,harvest_ns_direct,3183.63
ab,13,0.003,1,harvest_speedup,2.28556
ab,13,0.003,1,frac_harvest_legacy,0.177864
ab,13,0.003,1,frac_harvest_direct,0.0863137
ab,13,0.003,1,mean_total_ns_legacy,40909.7
ab,13,0.003,1,mean_total_ns_direct,36884.4
ab,13,0.003,1,frac_harvest_enumerate,0.238354
ab,13,0.003,1,frac_harvest_base_descent,0.0423454
ab,13,0.003,1,frac_harvest_shatter,0.630755
ab,13,0.003,1,frac_harvest_reduce,0.0112667
ab,13,0.003,1.5,harvest_ns_legacy,8071.62
ab,13,0.003,1.5,harvest_ns_direct,3309.78
ab,13,0.003,1.5,harvest_speedup,2.43872
ab,13,0.003,1.5,frac_harvest_legacy,0.106821
ab,13,0.003,1.5,frac_harvest_direct,0.0469989
ab,13,0.003,1.5,mean_total_ns_legacy,75562
ab,13,0.003,1.5,mean_total_ns_direct,70422.5
ab,13,0.003,1.5,frac_harvest_enumerate,0.238881
ab,13,0.003,1.5,frac_harvest_base_descent,0.0184254
ab,13,0.003,1.5,frac_harvest_shatter,0.668877
ab,13,0.003,1.5,frac_harvest_reduce,0.00947105
ab,13,0.003,2,harvest_ns_legacy,8332.02
ab,13,0.003,2,harvest_ns_direct,3377.84
ab,13,0.003,2,harvest_speedup,2.46667
ab,13,0.003,2,frac_harvest_legacy,0.0676637
ab,13,0.003,2,frac_harvest_direct,0.0276403
ab,13,0.003,2,mean_total_ns_legacy,123139
ab,13,0.003,2,mean_total_ns_direct,122207
ab,13,0.003,2,frac_harvest_enumerate,0.23589
ab,13,0.003,2,frac_harvest_base_descent,0.00916415
ab,13,0.003,2,frac_harvest_shatter,0.683392
ab,13,0.003,2,frac_harvest_reduce,0.00802247
ab,13,0.005,0.75,harvest_ns_legacy,15288.2
ab,13,0.005,0.75,harvest_ns_direct,6729.95
ab,13,0.005,0.75,harvest_speedup,2.27166
ab,13,0.005,0.75,frac_harvest_legacy,0.251146
ab,13,0.005,0.75,frac_harvest_direct,0.125479
ab,13,0.005,0.75,mean_total_ns_legacy,60873.6
ab,13,0.005,0.75,mean_total_ns_direct,53634
ab,13,0.005,0.75,frac_harvest_enumerate,0.262935
ab,13,0.005,0.75,frac_harvest_base_descent,0.163072
ab,13,0.005,0.75,frac_harvest_shatter,0.487515
ab,13,0.005,0.75,frac_harvest_reduce,0.022265
ab,13,0.005,1,harvest_ns_legacy,12892.9
ab,13,0.005,1,harvest_ns_direct,5831.38
ab,13,0.005,1,harvest_speedup,2.21096
ab,13,0.005,1,frac_harvest_legacy,0.167614
ab,13,0.005,1,frac_harvest_direct,0.0794472
ab,13,0.005,1,mean_total_ns_legacy,76920.5
ab,13,0.005,1,mean_total_ns_direct,73399.5
ab,13,0.005,1,frac_harvest_enumerate,0.250527
ab,13,0.005,1,frac_harvest_base_descent,0.0613599
ab,13,0.005,1,frac_harvest_shatter,0.622034
ab,13,0.005,1,frac_harvest_reduce,0.00879293
ab,13,0.005,1.5,harvest_ns_legacy,13721.9
ab,13,0.005,1.5,harvest_ns_direct,5557.84
ab,13,0.005,1.5,harvest_speedup,2.46893
ab,13,0.005,1.5,frac_harvest_legacy,0.0971837
ab,13,0.005,1.5,frac_harvest_direct,0.0416229
ab,13,0.005,1.5,mean_total_ns_legacy,141196
ab,13,0.005,1.5,mean_total_ns_direct,133528
ab,13,0.005,1.5,frac_harvest_enumerate,0.229057
ab,13,0.005,1.5,frac_harvest_base_descent,0.0277745
ab,13,0.005,1.5,frac_harvest_shatter,0.696121
ab,13,0.005,1.5,frac_harvest_reduce,0.00654623
ab,13,0.005,2,harvest_ns_legacy,13890
ab,13,0.005,2,harvest_ns_direct,5751.96
ab,13,0.005,2,harvest_speedup,2.41482
ab,13,0.005,2,frac_harvest_legacy,0.0583459
ab,13,0.005,2,frac_harvest_direct,0.0258405
ab,13,0.005,2,mean_total_ns_legacy,238063
ab,13,0.005,2,mean_total_ns_direct,222595
ab,13,0.005,2,frac_harvest_enumerate,0.21739
ab,13,0.005,2,frac_harvest_base_descent,0.00688047
ab,13,0.005,2,frac_harvest_shatter,0.735308
ab,13,0.005,2,frac_harvest_reduce,0.00445947
split,5,0.001,0.75,interior_obs_nonzero,0
split,5,0.001,0.75,cycles_examined,1
split,5,0.001,0.75,cycles_with_nonzero_obs,0
split,5,0.001,0.75,splittable_matches,1
split,5,0.001,0.75,shots_with_matched_blossoms,1
split,5,0.001,0.75,e1_obs_differed,0
split,5,0.001,0.75,e1_rate,0
split,5,0.001,0.75,e2_weight_differed,0
split,5,0.001,0.75,max_nesting_depth,1
split,5,0.001,1,interior_obs_nonzero,0
split,5,0.001,1,cycles_examined,1
split,5,0.001,1,cycles_with_nonzero_obs,0
split,5,0.001,1,splittable_matches,1
split,5,0.001,1,shots_with_matched_blossoms,1
split,5,0.001,1,e1_obs_differed,0
split,5,0.001,1,e1_rate,0
split,5,0.001,1,e2_weight_differed,0
split,5,0.001,1,max_nesting_depth,1
split,5,0.001,1.5,interior_obs_nonzero,0
split,5,0.001,1.5,cycles_examined,1
split,5,0.001,1.5,cycles_with_nonzero_obs,0
split,5,0.001,1.5,splittable_matches,1
split,5,0.001,1.5,shots_with_matched_blossoms,1
split,5,0.001,1.5,e1_obs_differed,0
split,5,0.001,1.5,e1_rate,0
split,5,0.001,1.5,e2_weight_differed,0
split,5,0.001,1.5,max_nesting_depth,1
split,5,0.001,2,interior_obs_nonzero,0
split,5,0.001,2,cycles_examined,1
split,5,0.001,2,cycles_with_nonzero_obs,0
split,5,0.001,2,splittable_matches,1
split,5,0.001,2,shots_with_matched_blossoms,1
split,5,0.001,2,e1_obs_differed,0
split,5,0.001,2,e1_rate,0
split,5,0.001,2,e2_weight_differed,0
split,5,0.001,2,max_nesting_depth,1
split,5,0.003,0.75,interior_obs_nonzero,0
split,5,0.003,0.75,cycles_examined,12
split,5,0.003,0.75,cycles_with_nonzero_obs,0
split,5,0.003,0.75,splittable_matches,12
split,5,0.003,0.75,shots_with_matched_blossoms,12
split,5,0.003,0.75,e1_obs_differed,0
split,5,0.003,0.75,e1_rate,0
split,5,0.003,0.75,e2_weight_differed,0
split,5,0.003,0.75,max_nesting_depth,1
split,5,0.003,1,interior_obs_nonzero,0
split,5,0.003,1,cycles_examined,17
split,5,0.003,1,cycles_with_nonzero_obs,0
split,5,0.003,1,splittable_matches,16
split,5,0.003,1,shots_with_matched_blossoms,15
split,5,0.003,1,e1_obs_differed,0
split,5,0.003,1,e1_rate,0
split,5,0.003,1,e2_weight_differed,0
split,5,0.003,1,max_nesting_depth,2
split,5,0.003,1.5,interior_obs_nonzero,0
split,5,0.003,1.5,cycles_examined,21
split,5,0.003,1.5,cycles_with_nonzero_obs,0
split,5,0.003,1.5,splittable_matches,19
split,5,0.003,1.5,shots_with_matched_blossoms,18
split,5,0.003,1.5,e1_obs_differed,0
split,5,0.003,1.5,e1_rate,0
split,5,0.003,1.5,e2_weight_differed,0
split,5,0.003,1.5,max_nesting_depth,2
split,5,0.003,2,interior_obs_nonzero,0
split,5,0.003,2,cycles_examined,21
split,5,0.003,2,cycles_with_nonzero_obs,0
split,5,0.003,2,splittable_matches,19
split,5,0.003,2,shots_with_matched_blossoms,18
split,5,0.003,2,e1_obs_differed,0
split,5,0.003,2,e1_rate,0
split,5,0.003,2,e2_weight_differed,0
split,5,0.003,2,max_nesting_depth,2
split,5,0.005,0.75,interior_obs_nonzero,1
split,5,0.005,0.75,cycles_examined,23
split,5,0.005,0.75,cycles_with_nonzero_obs,0
split,5,0.005,0.75,splittable_matches,20
split,5,0.005,0.75,shots_with_matched_blossoms,19
split,5,0.005,0.75,e1_obs_differed,1
split,5,0.005,0.75,e1_rate,0.05
split,5,0.005,0.75,e2_weight_differed,0
split,5,0.005,0.75,max_nesting_depth,2
split,5,0.005,1,interior_obs_nonzero,1
split,5,0.005,1,cycles_examined,40
split,5,0.005,1,cycles_with_nonzero_obs,0
split,5,0.005,1,splittable_matches,37
split,5,0.005,1,shots_with_matched_blossoms,34
split,5,0.005,1,e1_obs_differed,1
split,5,0.005,1,e1_rate,0.027027
split,5,0.005,1,e2_weight_differed,0
split,5,0.005,1,max_nesting_depth,2
split,5,0.005,1.5,interior_obs_nonzero,1
split,5,0.005,1.5,cycles_examined,47
split,5,0.005,1.5,cycles_with_nonzero_obs,0
split,5,0.005,1.5,splittable_matches,43
split,5,0.005,1.5,shots_with_matched_blossoms,40
split,5,0.005,1.5,e1_obs_differed,1
split,5,0.005,1.5,e1_rate,0.0232558
split,5,0.005,1.5,e2_weight_differed,0
split,5,0.005,1.5,max_nesting_depth,2
split,5,0.005,2,interior_obs_nonzero,1
split,5,0.005,2,cycles_examined,47
split,5,0.005,2,cycles_with_nonzero_obs,0
split,5,0.005,2,splittable_matches,43
split,5,0.005,2,shots_with_matched_blossoms,40
split,5,0.005,2,e1_obs_differed,1
split,5,0.005,2,e1_rate,0.0232558
split,5,0.005,2,e2_weight_differed,0
split,5,0.005,2,max_nesting_depth,2
split,7,0.001,0.75,interior_obs_nonzero,0
split,7,0.001,0.75,cycles_examined,1
split,7,0.001,0.75,cycles_with_nonzero_obs,0
split,7,0.001,0.75,splittable_matches,1
split,7,0.001,0.75,shots_with_matched_blossoms,1
split,7,0.001,0.75,e1_obs_differed,0
split,7,0.001,0.75,e1_rate,0
split,7,0.001,0.75,e2_weight_differed,0
split,7,0.001,0.75,max_nesting_depth,1
split,7,0.001,1,interior_obs_nonzero,0
split,7,0.001,1,cycles_examined,2
split,7,0.001,1,cycles_with_nonzero_obs,0
split,7,0.001,1,splittable_matches,2
split,7,0.001,1,shots_with_matched_blossoms,2
split,7,0.001,1,e1_obs_differed,0
split,7,0.001,1,e1_rate,0
split,7,0.001,1,e2_weight_differed,0
split,7,0.001,1,max_nesting_depth,1
split,7,0.001,1.5,interior_obs_nonzero,0
split,7,0.001,1.5,cycles_examined,3
split,7,0.001,1.5,cycles_with_nonzero_obs,0
split,7,0.001,1.5,splittable_matches,3
split,7,0.001,1.5,shots_with_matched_blossoms,3
split,7,0.001,1.5,e1_obs_differed,0
split,7,0.001,1.5,e1_rate,0
split,7,0.001,1.5,e2_weight_differed,0
split,7,0.001,1.5,max_nesting_depth,1
split,7,0.001,2,interior_obs_nonzero,0
split,7,0.001,2,cycles_examined,3
split,7,0.001,2,cycles_with_nonzero_obs,0
split,7,0.001,2,splittable_matches,3
split,7,0.001,2,shots_with_matched_blossoms,3
split,7,0.001,2,e1_obs_differed,0
split,7,0.001,2,e1_rate,0
split,7,0.001,2,e2_weight_differed,0
split,7,0.001,2,max_nesting_depth,1
split,7,0.003,0.75,interior_obs_nonzero,0
split,7,0.003,0.75,cycles_examined,35
split,7,0.003,0.75,cycles_with_nonzero_obs,0
split,7,0.003,0.75,splittable_matches,29
split,7,0.003,0.75,shots_with_matched_blossoms,29
split,7,0.003,0.75,e1_obs_differed,0
split,7,0.003,0.75,e1_rate,0
split,7,0.003,0.75,e2_weight_differed,0
split,7,0.003,0.75,max_nesting_depth,3
split,7,0.003,1,interior_obs_nonzero,1
split,7,0.003,1,cycles_examined,56
split,7,0.003,1,cycles_with_nonzero_obs,0
split,7,0.003,1,splittable_matches,47
split,7,0.003,1,shots_with_matched_blossoms,45
split,7,0.003,1,e1_obs_differed,0
split,7,0.003,1,e1_rate,0
split,7,0.003,1,e2_weight_differed,0
split,7,0.003,1,max_nesting_depth,3
split,7,0.003,1.5,interior_obs_nonzero,1
split,7,0.003,1.5,cycles_examined,65
split,7,0.003,1.5,cycles_with_nonzero_obs,0
split,7,0.003,1.5,splittable_matches,55
split,7,0.003,1.5,shots_with_matched_blossoms,53
split,7,0.003,1.5,e1_obs_differed,0
split,7,0.003,1.5,e1_rate,0
split,7,0.003,1.5,e2_weight_differed,0
split,7,0.003,1.5,max_nesting_depth,3
split,7,0.003,2,interior_obs_nonzero,1
split,7,0.003,2,cycles_examined,67
split,7,0.003,2,cycles_with_nonzero_obs,0
split,7,0.003,2,splittable_matches,56
split,7,0.003,2,shots_with_matched_blossoms,53
split,7,0.003,2,e1_obs_differed,0
split,7,0.003,2,e1_rate,0
split,7,0.003,2,e2_weight_differed,0
split,7,0.003,2,max_nesting_depth,3
split,7,0.005,0.75,interior_obs_nonzero,1
split,7,0.005,0.75,cycles_examined,68
split,7,0.005,0.75,cycles_with_nonzero_obs,0
split,7,0.005,0.75,splittable_matches,65
split,7,0.005,0.75,shots_with_matched_blossoms,63
split,7,0.005,0.75,e1_obs_differed,2
split,7,0.005,0.75,e1_rate,0.0307692
split,7,0.005,0.75,e2_weight_differed,0
split,7,0.005,0.75,max_nesting_depth,2
split,7,0.005,1,interior_obs_nonzero,0
split,7,0.005,1,cycles_examined,145
split,7,0.005,1,cycles_with_nonzero_obs,0
split,7,0.005,1,splittable_matches,129
split,7,0.005,1,shots_with_matched_blossoms,118
split,7,0.005,1,e1_obs_differed,1
split,7,0.005,1,e1_rate,0.00775194
split,7,0.005,1,e2_weight_differed,0
split,7,0.005,1,max_nesting_depth,4
split,7,0.005,1.5,interior_obs_nonzero,0
split,7,0.005,1.5,cycles_examined,218
split,7,0.005,1.5,cycles_with_nonzero_obs,0
split,7,0.005,1.5,splittable_matches,177
split,7,0.005,1.5,shots_with_matched_blossoms,153
split,7,0.005,1.5,e1_obs_differed,2
split,7,0.005,1.5,e1_rate,0.0112994
split,7,0.005,1.5,e2_weight_differed,0
split,7,0.005,1.5,max_nesting_depth,5
split,7,0.005,2,interior_obs_nonzero,0
split,7,0.005,2,cycles_examined,230
split,7,0.005,2,cycles_with_nonzero_obs,0
split,7,0.005,2,splittable_matches,182
split,7,0.005,2,shots_with_matched_blossoms,158
split,7,0.005,2,e1_obs_differed,2
split,7,0.005,2,e1_rate,0.010989
split,7,0.005,2,e2_weight_differed,0
split,7,0.005,2,max_nesting_depth,5
split,9,0.001,0.75,interior_obs_nonzero,0
split,9,0.001,0.75,cycles_examined,7
split,9,0.001,0.75,cycles_with_nonzero_obs,0
split,9,0.001,0.75,splittable_matches,7
split,9,0.001,0.75,shots_with_matched_blossoms,7
split,9,0.001,0.75,e1_obs_differed,0
split,9,0.001,0.75,e1_rate,0
split,9,0.001,0.75,e2_weight_differed,0
split,9,0.001,0.75,max_nesting_depth,1
split,9,0.001,1,interior_obs_nonzero,0
split,9,0.001,1,cycles_examined,9
split,9,0.001,1,cycles_with_nonzero_obs,0
split,9,0.001,1,splittable_matches,9
split,9,0.001,1,shots_with_matched_blossoms,9
split,9,0.001,1,e1_obs_differed,0
split,9,0.001,1,e1_rate,0
split,9,0.001,1,e2_weight_differed,0
split,9,0.001,1,max_nesting_depth,1
split,9,0.001,1.5,interior_obs_nonzero,0
split,9,0.001,1.5,cycles_examined,10
split,9,0.001,1.5,cycles_with_nonzero_obs,0
split,9,0.001,1.5,splittable_matches,10
split,9,0.001,1.5,shots_with_matched_blossoms,10
split,9,0.001,1.5,e1_obs_differed,0
split,9,0.001,1.5,e1_rate,0
split,9,0.001,1.5,e2_weight_differed,0
split,9,0.001,1.5,max_nesting_depth,1
split,9,0.001,2,interior_obs_nonzero,0
split,9,0.001,2,cycles_examined,10
split,9,0.001,2,cycles_with_nonzero_obs,0
split,9,0.001,2,splittable_matches,10
split,9,0.001,2,shots_with_matched_blossoms,10
split,9,0.001,2,e1_obs_differed,0
split,9,0.001,2,e1_rate,0
split,9,0.001,2,e2_weight_differed,0
split,9,0.001,2,max_nesting_depth,1
split,9,0.003,0.75,interior_obs_nonzero,2
split,9,0.003,0.75,cycles_examined,60
split,9,0.003,0.75,cycles_with_nonzero_obs,0
split,9,0.003,0.75,splittable_matches,58
split,9,0.003,0.75,shots_with_matched_blossoms,57
split,9,0.003,0.75,e1_obs_differed,1
split,9,0.003,0.75,e1_rate,0.0172414
split,9,0.003,0.75,e2_weight_differed,0
split,9,0.003,0.75,max_nesting_depth,2
split,9,0.003,1,interior_obs_nonzero,4
split,9,0.003,1,cycles_examined,98
split,9,0.003,1,cycles_with_nonzero_obs,0
split,9,0.003,1,splittable_matches,93
split,9,0.003,1,shots_with_matched_blossoms,89
split,9,0.003,1,e1_obs_differed,3
split,9,0.003,1,e1_rate,0.0322581
split,9,0.003,1,e2_weight_differed,0
split,9,0.003,1,max_nesting_depth,2
split,9,0.003,1.5,interior_obs_nonzero,2
split,9,0.003,1.5,cycles_examined,136
split,9,0.003,1.5,cycles_with_nonzero_obs,0
split,9,0.003,1.5,splittable_matches,119
split,9,0.003,1.5,shots_with_matched_blossoms,114
split,9,0.003,1.5,e1_obs_differed,3
split,9,0.003,1.5,e1_rate,0.0252101
split,9,0.003,1.5,e2_weight_differed,0
split,9,0.003,1.5,max_nesting_depth,4
split,9,0.003,2,interior_obs_nonzero,2
split,9,0.003,2,cycles_examined,145
split,9,0.003,2,cycles_with_nonzero_obs,0
split,9,0.003,2,splittable_matches,125
split,9,0.003,2,shots_with_matched_blossoms,120
split,9,0.003,2,e1_obs_differed,3
split,9,0.003,2,e1_rate,0.024
split,9,0.003,2,e2_weight_differed,0
split,9,0.003,2,max_nesting_depth,4
split,9,0.005,0.75,interior_obs_nonzero,4
split,9,0.005,0.75,cycles_examined,150
split,9,0.005,0.75,cycles_with_nonzero_obs,0
split,9,0.005,0.75,splittable_matches,139
split,9,0.005,0.75,shots_with_matched_blossoms,128
split,9,0.005,0.75,e1_obs_differed,4
split,9,0.005,0.75,e1_rate,0.028777
split,9,0.005,0.75,e2_weight_differed,0
split,9,0.005,0.75,max_nesting_depth,2
split,9,0.005,1,interior_obs_nonzero,4
split,9,0.005,1,cycles_examined,332
split,9,0.005,1,cycles_with_nonzero_obs,0
split,9,0.005,1,splittable_matches,292
split,9,0.005,1,shots_with_matched_blossoms,243
split,9,0.005,1,e1_obs_differed,6
split,9,0.005,1,e1_rate,0.0205479
split,9,0.005,1,e2_weight_differed,0
split,9,0.005,1,max_nesting_depth,3
split,9,0.005,1.5,interior_obs_nonzero,4
split,9,0.005,1.5,cycles_examined,494
split,9,0.005,1.5,cycles_with_nonzero_obs,0
split,9,0.005,1.5,splittable_matches,397
split,9,0.005,1.5,shots_with_matched_blossoms,315
split,9,0.005,1.5,e1_obs_differed,9
split,9,0.005,1.5,e1_rate,0.02267
split,9,0.005,1.5,e2_weight_differed,0
split,9,0.005,1.5,max_nesting_depth,5
split,9,0.005,2,interior_obs_nonzero,4
split,9,0.005,2,cycles_examined,521
split,9,0.005,2,cycles_with_nonzero_obs,0
split,9,0.005,2,splittable_matches,411
split,9,0.005,2,shots_with_matched_blossoms,322
split,9,0.005,2,e1_obs_differed,9
split,9,0.005,2,e1_rate,0.0218978
split,9,0.005,2,e2_weight_differed,0
split,9,0.005,2,max_nesting_depth,5
split,11,0.001,0.75,interior_obs_nonzero,0
split,11,0.001,0.75,cycles_examined,11
split,11,0.001,0.75,cycles_with_nonzero_obs,0
split,11,0.001,0.75,splittable_matches,11
split,11,0.001,0.75,shots_with_matched_blossoms,11
split,11,0.001,0.75,e1_obs_differed,0
split,11,0.001,0.75,e1_rate,0
split,11,0.001,0.75,e2_weight_differed,0
split,11,0.001,0.75,max_nesting_depth,1
split,11,0.001,1,interior_obs_nonzero,0
split,11,0.001,1,cycles_examined,18
split,11,0.001,1,cycles_with_nonzero_obs,0
split,11,0.001,1,splittable_matches,18
split,11,0.001,1,shots_with_matched_blossoms,18
split,11,0.001,1,e1_obs_differed,0
split,11,0.001,1,e1_rate,0
split,11,0.001,1,e2_weight_differed,0
split,11,0.001,1,max_nesting_depth,1
split,11,0.001,1.5,interior_obs_nonzero,0
split,11,0.001,1.5,cycles_examined,19
split,11,0.001,1.5,cycles_with_nonzero_obs,0
split,11,0.001,1.5,splittable_matches,19
split,11,0.001,1.5,shots_with_matched_blossoms,19
split,11,0.001,1.5,e1_obs_differed,0
split,11,0.001,1.5,e1_rate,0
split,11,0.001,1.5,e2_weight_differed,0
split,11,0.001,1.5,max_nesting_depth,1
split,11,0.001,2,interior_obs_nonzero,0
split,11,0.001,2,cycles_examined,19
split,11,0.001,2,cycles_with_nonzero_obs,0
split,11,0.001,2,splittable_matches,19
split,11,0.001,2,shots_with_matched_blossoms,19
split,11,0.001,2,e1_obs_differed,0
split,11,0.001,2,e1_rate,0
split,11,0.001,2,e2_weight_differed,0
split,11,0.001,2,max_nesting_depth,1
split,11,0.003,0.75,interior_obs_nonzero,1
split,11,0.003,0.75,cycles_examined,121
split,11,0.003,0.75,cycles_with_nonzero_obs,0
split,11,0.003,0.75,splittable_matches,114
split,11,0.003,0.75,shots_with_matched_blossoms,104
split,11,0.003,0.75,e1_obs_differed,1
split,11,0.003,0.75,e1_rate,0.00877193
split,11,0.003,0.75,e2_weight_differed,0
split,11,0.003,0.75,max_nesting_depth,2
split,11,0.003,1,interior_obs_nonzero,4
split,11,0.003,1,cycles_examined,219
split,11,0.003,1,cycles_with_nonzero_obs,0
split,11,0.003,1,splittable_matches,202
split,11,0.003,1,shots_with_matched_blossoms,175
split,11,0.003,1,e1_obs_differed,6
split,11,0.003,1,e1_rate,0.029703
split,11,0.003,1,e2_weight_differed,0
split,11,0.003,1,max_nesting_depth,2
split,11,0.003,1.5,interior_obs_nonzero,4
split,11,0.003,1.5,cycles_examined,320
split,11,0.003,1.5,cycles_with_nonzero_obs,0
split,11,0.003,1.5,splittable_matches,274
split,11,0.003,1.5,shots_with_matched_blossoms,231
split,11,0.003,1.5,e1_obs_differed,9
split,11,0.003,1.5,e1_rate,0.0328467
split,11,0.003,1.5,e2_weight_differed,0
split,11,0.003,1.5,max_nesting_depth,4
split,11,0.003,2,interior_obs_nonzero,4
split,11,0.003,2,cycles_examined,336
split,11,0.003,2,cycles_with_nonzero_obs,0
split,11,0.003,2,splittable_matches,283
split,11,0.003,2,shots_with_matched_blossoms,237
split,11,0.003,2,e1_obs_differed,9
split,11,0.003,2,e1_rate,0.0318021
split,11,0.003,2,e2_weight_differed,0
split,11,0.003,2,max_nesting_depth,5
split,11,0.005,0.75,interior_obs_nonzero,1
split,11,0.005,0.75,cycles_examined,307
split,11,0.005,0.75,cycles_with_nonzero_obs,0
split,11,0.005,0.75,splittable_matches,269
split,11,0.005,0.75,shots_with_matched_blossoms,230
split,11,0.005,0.75,e1_obs_differed,1
split,11,0.005,0.75,e1_rate,0.00371747
split,11,0.005,0.75,e2_weight_differed,0
split,11,0.005,0.75,max_nesting_depth,3
split,11,0.005,1,interior_obs_nonzero,3
split,11,0.005,1,cycles_examined,749
split,11,0.005,1,cycles_with_nonzero_obs,0
split,11,0.005,1,splittable_matches,618
split,11,0.005,1,shots_with_matched_blossoms,445
split,11,0.005,1,e1_obs_differed,3
split,11,0.005,1,e1_rate,0.00485437
split,11,0.005,1,e2_weight_differed,0
split,11,0.005,1,max_nesting_depth,4
split,11,0.005,1.5,interior_obs_nonzero,3
split,11,0.005,1.5,cycles_examined,1101
split,11,0.005,1.5,cycles_with_nonzero_obs,0
split,11,0.005,1.5,splittable_matches,822
split,11,0.005,1.5,shots_with_matched_blossoms,537
split,11,0.005,1.5,e1_obs_differed,5
split,11,0.005,1.5,e1_rate,0.00608273
split,11,0.005,1.5,e2_weight_differed,0
split,11,0.005,1.5,max_nesting_depth,6
split,11,0.005,2,interior_obs_nonzero,3
split,11,0.005,2,cycles_examined,1161
split,11,0.005,2,cycles_with_nonzero_obs,0
split,11,0.005,2,splittable_matches,849
split,11,0.005,2,shots_with_matched_blossoms,548
split,11,0.005,2,e1_obs_differed,5
split,11,0.005,2,e1_rate,0.00588928
split,11,0.005,2,e2_weight_differed,0
split,11,0.005,2,max_nesting_depth,9
split,13,0.001,0.75,interior_obs_nonzero,0
split,13,0.001,0.75,cycles_examined,18
split,13,0.001,0.75,cycles_with_nonzero_obs,0
split,13,0.001,0.75,splittable_matches,18
split,13,0.001,0.75,shots_with_matched_blossoms,18
split,13,0.001,0.75,e1_obs_differed,0
split,13,0.001,0.75,e1_rate,0
split,13,0.001,0.75,e2_weight_differed,0
split,13,0.001,0.75,max_nesting_depth,1
split,13,0.001,1,interior_obs_nonzero,0
split,13,0.001,1,cycles_examined,26
split,13,0.001,1,cycles_with_nonzero_obs,0
split,13,0.001,1,splittable_matches,24
split,13,0.001,1,shots_with_matched_blossoms,24
split,13,0.001,1,e1_obs_differed,1
split,13,0.001,1,e1_rate,0.0416667
split,13,0.001,1,e2_weight_differed,0
split,13,0.001,1,max_nesting_depth,2
split,13,0.001,1.5,interior_obs_nonzero,0
split,13,0.001,1.5,cycles_examined,29
split,13,0.001,1.5,cycles_with_nonzero_obs,0
split,13,0.001,1.5,splittable_matches,27
split,13,0.001,1.5,shots_with_matched_blossoms,27
split,13,0.001,1.5,e1_obs_differed,1
split,13,0.001,1.5,e1_rate,0.037037
split,13,0.001,1.5,e2_weight_differed,0
split,13,0.001,1.5,max_nesting_depth,2
split,13,0.001,2,interior_obs_nonzero,0
split,13,0.001,2,cycles_examined,29
split,13,0.001,2,cycles_with_nonzero_obs,0
split,13,0.001,2,splittable_matches,27
split,13,0.001,2,shots_with_matched_blossoms,27
split,13,0.001,2,e1_obs_differed,1
split,13,0.001,2,e1_rate,0.037037
split,13,0.001,2,e2_weight_differed,0
split,13,0.001,2,max_nesting_depth,2
split,13,0.003,0.75,interior_obs_nonzero,2
split,13,0.003,0.75,cycles_examined,213
split,13,0.003,0.75,cycles_with_nonzero_obs,0
split,13,0.003,0.75,splittable_matches,199
split,13,0.003,0.75,shots_with_matched_blossoms,179
split,13,0.003,0.75,e1_obs_differed,4
split,13,0.003,0.75,e1_rate,0.0201005
split,13,0.003,0.75,e2_weight_differed,0
split,13,0.003,0.75,max_nesting_depth,2
split,13,0.003,1,interior_obs_nonzero,3
split,13,0.003,1,cycles_examined,393
split,13,0.003,1,cycles_with_nonzero_obs,0
split,13,0.003,1,splittable_matches,354
split,13,0.003,1,shots_with_matched_blossoms,289
split,13,0.003,1,e1_obs_differed,6
split,13,0.003,1,e1_rate,0.0169492
split,13,0.003,1,e2_weight_differed,0
split,13,0.003,1,max_nesting_depth,3
split,13,0.003,1.5,interior_obs_nonzero,3
split,13,0.003,1.5,cycles_examined,509
split,13,0.003,1.5,cycles_with_nonzero_obs,0
split,13,0.003,1.5,splittable_matches,442
split,13,0.003,1.5,shots_with_matched_blossoms,339
split,13,0.003,1.5,e1_obs_differed,6
split,13,0.003,1.5,e1_rate,0.0135747
split,13,0.003,1.5,e2_weight_differed,0
split,13,0.003,1.5,max_nesting_depth,3
split,13,0.003,2,interior_obs_nonzero,3
split,13,0.003,2,cycles_examined,528
split,13,0.003,2,cycles_with_nonzero_obs,0
split,13,0.003,2,splittable_matches,453
split,13,0.003,2,shots_with_matched_blossoms,345
split,13,0.003,2,e1_obs_differed,7
split,13,0.003,2,e1_rate,0.0154525
split,13,0.003,2,e2_weight_differed,0
split,13,0.003,2,max_nesting_depth,3
split,13,0.005,0.75,interior_obs_nonzero,1
split,13,0.005,0.75,cycles_examined,505
split,13,0.005,0.75,cycles_with_nonzero_obs,0
split,13,0.005,0.75,splittable_matches,457
split,13,0.005,0.75,shots_with_matched_blossoms,372
split,13,0.005,0.75,e1_obs_differed,2
split,13,0.005,0.75,e1_rate,0.00437637
split,13,0.005,0.75,e2_weight_differed,0
split,13,0.005,0.75,max_nesting_depth,3
split,13,0.005,1,interior_obs_nonzero,4
split,13,0.005,1,cycles_examined,1244
split,13,0.005,1,cycles_with_nonzero_obs,1
split,13,0.005,1,splittable_matches,1044
split,13,0.005,1,shots_with_matched_blossoms,635
split,13,0.005,1,e1_obs_differed,9
split,13,0.005,1,e1_rate,0.00862069
split,13,0.005,1,e2_weight_differed,0
split,13,0.005,1,max_nesting_depth,5
split,13,0.005,1.5,interior_obs_nonzero,4
split,13,0.005,1.5,cycles_examined,1855
split,13,0.005,1.5,cycles_with_nonzero_obs,1
split,13,0.005,1.5,splittable_matches,1429
split,13,0.005,1.5,shots_with_matched_blossoms,730
split,13,0.005,1.5,e1_obs_differed,8
split,13,0.005,1.5,e1_rate,0.00559832
split,13,0.005,1.5,e2_weight_differed,0
split,13,0.005,1.5,max_nesting_depth,5
split,13,0.005,2,interior_obs_nonzero,4
split,13,0.005,2,cycles_examined,1975
split,13,0.005,2,cycles_with_nonzero_obs,1
split,13,0.005,2,splittable_matches,1480
split,13,0.005,2,shots_with_matched_blossoms,742
split,13,0.005,2,e1_obs_differed,8
split,13,0.005,2,e1_rate,0.00540541
split,13,0.005,2,e2_weight_differed,0
split,13,0.005,2,max_nesting_depth,7
