section,d,p,T,key,value
ball,5,0,0,nodes,120
ball,5,0,0,entries,10942
ball,5,0,0,bytes_total,281392
ball,5,0,0,bytes_targets,43768
ball,5,0,0,bytes_weights,43768
ball,5,0,0,bytes_masks,98504
ball,5,0,0,bytes_words,91864
ball,5,0,0,bytes_offsets,2888
ball,5,0,0,mean_ball_size,91.1833
ball,5,0,0,max_ball_size,116
ball,5,0,0,mean_ball_word_len,2
ball,5,0,0,ambiguous_mask_pairs,0
ball,5,0,0,compile_wall_seconds,0.00183312
ball,7,0,0,nodes,336
ball,7,0,0,entries,40386
ball,7,0,0,bytes_total,1.02988e+06
ball,7,0,0,bytes_targets,161544
ball,7,0,0,bytes_weights,161544
ball,7,0,0,bytes_masks,347904
ball,7,0,0,bytes_words,349136
ball,7,0,0,bytes_offsets,8072
ball,7,0,0,mean_ball_size,120.196
ball,7,0,0,max_ball_size,177
ball,7,0,0,mean_ball_word_len,5.45833
ball,7,0,0,ambiguous_mask_pairs,0
ball,7,0,0,compile_wall_seconds,0.00487397
ball,9,0,0,nodes,720
ball,9,0,0,entries,97314
ball,9,0,0,bytes_total,2.48662e+06
ball,9,0,0,bytes_targets,389256
ball,9,0,0,bytes_weights,389256
ball,9,0,0,bytes_masks,817624
ball,9,0,0,bytes_words,869600
ball,9,0,0,bytes_offsets,17288
ball,9,0,0,mean_ball_size,135.158
ball,9,0,0,max_ball_size,218
ball,9,0,0,mean_ball_word_len,9.54167
ball,9,0,0,ambiguous_mask_pairs,0
ball,9,0,0,compile_wall_seconds,0.012415
ball,11,0,0,nodes,1320
ball,11,0,0,entries,193018
ball,11,0,0,bytes_total,4.97676e+06
ball,11,0,0,bytes_targets,772072
ball,11,0,0,bytes_weights,772072
ball,11,0,0,bytes_masks,1.59922e+06
ball,11,0,0,bytes_words,1.79511e+06
ball,11,0,0,bytes_offsets,31688
ball,11,0,0,mean_ball_size,146.226
ball,11,0,0,max_ball_size,233
ball,11,0,0,mean_ball_word_len,14.8432
ball,11,0,0,ambiguous_mask_pairs,0
ball,11,0,0,compile_wall_seconds,0.025532
ball,13,0,0,nodes,2184
ball,13,0,0,entries,338250
ball,13,0,0,bytes_total,8.84274e+06
ball,13,0,0,bytes_targets,1.353e+06
ball,13,0,0,bytes_weights,1.353e+06
ball,13,0,0,bytes_masks,2.77921e+06
ball,13,0,0,bytes_words,3.29419e+06
ball,13,0,0,bytes_offsets,52424
ball,13,0,0,mean_ball_size,154.876
ball,13,0,0,max_ball_size,234
ball,13,0,0,mean_ball_word_len,21.4428
ball,13,0,0,ambiguous_mask_pairs,0
ball,13,0,0,compile_wall_seconds,0.0426567
ball,15,0,0,nodes,3360
ball,15,0,0,entries,543762
ball,15,0,0,bytes_total,1.44603e+07
ball,15,0,0,bytes_targets,2.17505e+06
ball,15,0,0,bytes_weights,2.17505e+06
ball,15,0,0,bytes_masks,4.444e+06
ball,15,0,0,bytes_words,5.56878e+06
ball,15,0,0,bytes_offsets,80648
ball,15,0,0,mean_ball_size,161.834
ball,15,0,0,max_ball_size,234
ball,15,0,0,mean_ball_word_len,29.225
ball,15,0,0,ambiguous_mask_pairs,0
ball,15,0,0,compile_wall_seconds,0.0545004
ball,17,0,0,nodes,4896
ball,17,0,0,entries,820306
ball,17,0,0,bytes_total,2.22532e+07
ball,17,0,0,bytes_targets,3.28122e+06
ball,17,0,0,bytes_weights,3.28122e+06
ball,17,0,0,bytes_masks,6.67999e+06
ball,17,0,0,bytes_words,8.86881e+06
ball,17,0,0,bytes_offsets,117512
ball,17,0,0,mean_ball_size,167.546
ball,17,0,0,max_ball_size,234
ball,17,0,0,mean_ball_word_len,38.2557
ball,17,0,0,ambiguous_mask_pairs,0
ball,17,0,0,compile_wall_seconds,0.0799534
ball,23,0,0,nodes,12144
ball,23,0,0,entries,2.18365e+06
ball,23,0,0,bytes_total,6.37293e+07
ball,23,0,0,bytes_targets,8.7346e+06
ball,23,0,0,bytes_weights,8.7346e+06
ball,23,0,0,bytes_masks,1.76792e+07
ball,23,0,0,bytes_words,2.82287e+07
ball,23,0,0,bytes_offsets,291464
ball,23,0,0,mean_ball_size,179.813
ball,23,0,0,max_ball_size,234
ball,23,0,0,mean_ball_word_len,72.833
ball,23,0,0,ambiguous_mask_pairs,0
ball,23,0,0,compile_wall_seconds,0.212805
ball,29,0,0,nodes,24360
ball,29,0,0,entries,4.57335e+06
ball,29,0,0,bytes_total,1.45787e+08
ball,29,0,0,bytes_targets,1.82934e+07
ball,29,0,0,bytes_weights,1.82934e+07
ball,29,0,0,bytes_masks,3.69295e+07
ball,29,0,0,bytes_words,7.15642e+07
ball,29,0,0,bytes_offsets,584648
ball,29,0,0,mean_ball_size,187.74
ball,29,0,0,max_ball_size,234
ball,29,0,0,mean_ball_word_len,118.654
ball,29,0,0,ambiguous_mask_pairs,0
ball,29,0,0,compile_wall_seconds,0.484164
profile,5,0.0001,1.5,mean_total_ns,399.625
profile,5,0.0001,1.5,mean_g_reference_ns,141.72
profile,5,0.0001,1.5,speedup_vs_m1,0.354632
profile,5,0.0001,1.5,mean_stock_ns,64.956
profile,5,0.0001,1.5,p50_total_ns,341
profile,5,0.0001,1.5,p99_total_ns,1482
profile,5,0.0001,1.5,p999_total_ns,5611
profile,5,0.0001,1.5,mean_h_nodes,0.1505
profile,5,0.0001,1.5,mean_h_edges,0.107
profile,5,0.0001,1.5,mean_degree,1.42193
profile,5,0.0001,1.5,max_degree,5
profile,5,0.0001,1.5,frac_intersect,0.0807808
profile,5,0.0001,1.5,frac_h_build,0.0647308
profile,5,0.0001,1.5,frac_mwpm_build,0.0983711
profile,5,0.0001,1.5,frac_blossom_on_h,0.135481
profile,5,0.0001,1.5,frac_harvest,0.223968
profile,5,0.0001,1.5,residual_density,0
profile,5,0.0001,1.5,q,0
profile,5,0.0001,1.5,residual_tie_rate,0
profile,5,0.0001,1.5,pairing_tie_rate,0
profile,5,0.0001,1.5,mean_restarts,0
profile,5,0.0001,1.5,isect_mode_bitset,1
profile,5,0.0001,1.5,isect_bytes,8.5505
profile,5,0.0001,1.5,isect_scan_bytes,2.408
profile,5,0.0001,1.5,isect_hit_bytes,6.1425
profile,5,0.0001,1.5,isect_bytes_other_mode,66.416
profile,5,0.0001,1.5,isect_bytes_per_defect,56.814
profile,5,0.0001,1.5,isect_scan_bytes_per_defect,16
profile,5,0.0001,1.5,isect_hit_bytes_per_defect,40.814
profile,5,0.0001,1.5,isect_bytes_other_mode_per_defect,441.302
profile,5,0.0001,1.5,max_isect_bytes,517
profile,5,0.0001,1.5,max_isect_scan_bytes,80
profile,5,0.0001,1.5,max_isect_hit_bytes,437
profile,5,0.0001,1.5,max_isect_bytes_other_mode,2232
profile,5,0.0001,1.5,p99_isect_bytes,212
profile,5,0.0001,1.5,p999_isect_bytes,340
profile,5,0.0001,1.5,hbld_edges_written,0.203
profile,5,0.0001,1.5,max_hbld_edges_written,14
profile,5,0.0001,1.5,p99_hbld_edges_written,5
profile,5,0.0001,1.5,p999_hbld_edges_written,10
profile,5,0.0001,1.5,h_max_degree,5
profile,5,0.0001,1.5,mwpm_init_elements,0.606
profile,5,0.0001,1.5,mwpm_init_node_elements,0.296
profile,5,0.0001,1.5,mwpm_init_edge_elements,0.31
profile,5,0.0001,1.5,max_mwpm_init_elements,29
profile,5,0.0001,1.5,p99_mwpm_init_elements,12
profile,5,0.0001,1.5,p999_mwpm_init_elements,20
profile,5,0.0001,2,mean_total_ns,395.405
profile,5,0.0001,2,mean_g_reference_ns,134.325
profile,5,0.0001,2,speedup_vs_m1,0.339715
profile,5,0.0001,2,mean_stock_ns,64.956
profile,5,0.0001,2,p50_total_ns,341
profile,5,0.0001,2,p99_total_ns,1303
profile,5,0.0001,2,p999_total_ns,5831
profile,5,0.0001,2,mean_h_nodes,0.1505
profile,5,0.0001,2,mean_h_edges,0.1185
profile,5,0.0001,2,mean_degree,1.57475
profile,5,0.0001,2,max_degree,5
profile,5,0.0001,2,frac_intersect,0.0765
profile,5,0.0001,2,frac_h_build,0.0647172
profile,5,0.0001,2,frac_mwpm_build,0.0893008
profile,5,0.0001,2,frac_blossom_on_h,0.141748
profile,5,0.0001,2,frac_harvest,0.225555
profile,5,0.0001,2,residual_density,0
profile,5,0.0001,2,q,0
profile,5,0.0001,2,residual_tie_rate,0
profile,5,0.0001,2,pairing_tie_rate,0
profile,5,0.0001,2,mean_restarts,0
profile,5,0.0001,2,isect_mode_bitset,1
profile,5,0.0001,2,isect_bytes,9.7245
profile,5,0.0001,2,isect_scan_bytes,2.408
profile,5,0.0001,2,isect_hit_bytes,7.3165
profile,5,0.0001,2,isect_bytes_other_mode,110.3
profile,5,0.0001,2,isect_bytes_per_defect,64.6146
profile,5,0.0001,2,isect_scan_bytes_per_defect,16
profile,5,0.0001,2,isect_hit_bytes_per_defect,48.6146
profile,5,0.0001,2,isect_bytes_other_mode_per_defect,732.89
profile,5,0.0001,2,max_isect_bytes,537
profile,5,0.0001,2,max_isect_scan_bytes,80
profile,5,0.0001,2,max_isect_hit_bytes,457
profile,5,0.0001,2,max_isect_bytes_other_mode,3464
profile,5,0.0001,2,p99_isect_bytes,223
profile,5,0.0001,2,p999_isect_bytes,364
profile,5,0.0001,2,hbld_edges_written,0.269
profile,5,0.0001,2,max_hbld_edges_written,15
profile,5,0.0001,2,p99_hbld_edges_written,6
profile,5,0.0001,2,p999_hbld_edges_written,10
profile,5,0.0001,2,h_max_degree,5
profile,5,0.0001,2,mwpm_init_elements,0.6835
profile,5,0.0001,2,mwpm_init_node_elements,0.296
profile,5,0.0001,2,mwpm_init_edge_elements,0.3875
profile,5,0.0001,2,max_mwpm_init_elements,30
profile,5,0.0001,2,p99_mwpm_init_elements,12
profile,5,0.0001,2,p999_mwpm_init_elements,20
profile,5,0.0003,1.5,mean_total_ns,490.031
profile,5,0.0003,1.5,mean_g_reference_ns,214.273
profile,5,0.0003,1.5,speedup_vs_m1,0.437264
profile,5,0.0003,1.5,mean_stock_ns,135.863
profile,5,0.0003,1.5,p50_total_ns,341
profile,5,0.0003,1.5,p99_total_ns,2084
profile,5,0.0003,1.5,p999_total_ns,6822
profile,5,0.0003,1.5,mean_h_nodes,0.4665
profile,5,0.0003,1.5,mean_h_edges,0.351
profile,5,0.0003,1.5,mean_degree,1.50482
profile,5,0.0003,1.5,max_degree,7
profile,5,0.0003,1.5,frac_intersect,0.0998039
profile,5,0.0003,1.5,frac_h_build,0.0561373
profile,5,0.0003,1.5,frac_mwpm_build,0.112553
profile,5,0.0003,1.5,frac_blossom_on_h,0.199969
profile,5,0.0003,1.5,frac_harvest,0.195211
profile,5,0.0003,1.5,residual_density,0
profile,5,0.0003,1.5,q,0
profile,5,0.0003,1.5,residual_tie_rate,0
profile,5,0.0003,1.5,pairing_tie_rate,0
profile,5,0.0003,1.5,mean_restarts,0
profile,5,0.0003,1.5,isect_mode_bitset,1
profile,5,0.0003,1.5,isect_bytes,27.2285
profile,5,0.0003,1.5,isect_scan_bytes,7.464
profile,5,0.0003,1.5,isect_hit_bytes,19.7645
profile,5,0.0003,1.5,isect_bytes_other_mode,204.848
profile,5,0.0003,1.5,isect_bytes_per_defect,58.3676
profile,5,0.0003,1.5,isect_scan_bytes_per_defect,16
profile,5,0.0003,1.5,isect_hit_bytes_per_defect,42.3676
profile,5,0.0003,1.5,isect_bytes_other_mode_per_defect,439.117
profile,5,0.0003,1.5,max_isect_bytes,907
profile,5,0.0003,1.5,max_isect_scan_bytes,112
profile,5,0.0003,1.5,max_isect_hit_bytes,795
profile,5,0.0003,1.5,max_isect_bytes_other_mode,3464
profile,5,0.0003,1.5,p99_isect_bytes,348
profile,5,0.0003,1.5,p999_isect_bytes,622
profile,5,0.0003,1.5,hbld_edges_written,0.636
profile,5,0.0003,1.5,max_hbld_edges_written,24
profile,5,0.0003,1.5,p99_hbld_edges_written,9
profile,5,0.0003,1.5,p999_hbld_edges_written,16
profile,5,0.0003,1.5,h_max_degree,7
profile,5,0.0003,1.5,mwpm_init_elements,1.855
profile,5,0.0003,1.5,mwpm_init_node_elements,0.868
profile,5,0.0003,1.5,mwpm_init_edge_elements,0.987
profile,5,0.0003,1.5,max_mwpm_init_elements,50
profile,5,0.0003,1.5,p99_mwpm_init_elements,20
profile,5,0.0003,1.5,p999_mwpm_init_elements,33
profile,5,0.0003,2,mean_total_ns,473.121
profile,5,0.0003,2,mean_g_reference_ns,215.266
profile,5,0.0003,2,speedup_vs_m1,0.45499
profile,5,0.0003,2,mean_stock_ns,135.863
profile,5,0.0003,2,p50_total_ns,341
profile,5,0.0003,2,p99_total_ns,2014
profile,5,0.0003,2,p999_total_ns,8567
profile,5,0.0003,2,mean_h_nodes,0.4665
profile,5,0.0003,2,mean_h_edges,0.4185
profile,5,0.0003,2,mean_degree,1.79421
profile,5,0.0003,2,max_degree,7
profile,5,0.0003,2,frac_intersect,0.0829133
profile,5,0.0003,2,frac_h_build,0.0562752
profile,5,0.0003,2,frac_mwpm_build,0.107929
profile,5,0.0003,2,frac_blossom_on_h,0.20278
profile,5,0.0003,2,frac_harvest,0.201241
profile,5,0.0003,2,residual_density,0
profile,5,0.0003,2,q,0
profile,5,0.0003,2,residual_tie_rate,0
profile,5,0.0003,2,pairing_tie_rate,0
profile,5,0.0003,2,mean_restarts,0
profile,5,0.0003,2,isect_mode_bitset,1
profile,5,0.0003,2,isect_bytes,31.6385
profile,5,0.0003,2,isect_scan_bytes,7.464
profile,5,0.0003,2,isect_hit_bytes,24.1745
profile,5,0.0003,2,isect_bytes_other_mode,343.912
profile,5,0.0003,2,isect_bytes_per_defect,67.821
profile,5,0.0003,2,isect_scan_bytes_per_defect,16
profile,5,0.0003,2,isect_hit_bytes_per_defect,51.821
profile,5,0.0003,2,isect_bytes_other_mode_per_defect,737.218
profile,5,0.0003,2,max_isect_bytes,979
profile,5,0.0003,2,max_isect_scan_bytes,112
profile,5,0.0003,2,max_isect_hit_bytes,867
profile,5,0.0003,2,max_isect_bytes_other_mode,5808
profile,5,0.0003,2,p99_isect_bytes,364
profile,5,0.0003,2,p999_isect_bytes,702
profile,5,0.0003,2,hbld_edges_written,0.885
profile,5,0.0003,2,max_hbld_edges_written,28
profile,5,0.0003,2,p99_hbld_edges_written,10
profile,5,0.0003,2,p999_hbld_edges_written,21
profile,5,0.0003,2,h_max_degree,7
profile,5,0.0003,2,mwpm_init_elements,2.1715
profile,5,0.0003,2,mwpm_init_node_elements,0.868
profile,5,0.0003,2,mwpm_init_edge_elements,1.3035
profile,5,0.0003,2,max_mwpm_init_elements,56
profile,5,0.0003,2,p99_mwpm_init_elements,20
profile,5,0.0003,2,p999_mwpm_init_elements,42
profile,5,0.0005,1.5,mean_total_ns,598.979
profile,5,0.0005,1.5,mean_g_reference_ns,288.399
profile,5,0.0005,1.5,speedup_vs_m1,0.481484
profile,5,0.0005,1.5,mean_stock_ns,221.29
profile,5,0.0005,1.5,p50_total_ns,361
profile,5,0.0005,1.5,p99_total_ns,2785
profile,5,0.0005,1.5,p999_total_ns,7815
profile,5,0.0005,1.5,mean_h_nodes,0.8285
profile,5,0.0005,1.5,mean_h_edges,0.703
profile,5,0.0005,1.5,mean_degree,1.69704
profile,5,0.0005,1.5,max_degree,8
profile,5,0.0005,1.5,frac_intersect,0.101833
profile,5,0.0005,1.5,frac_h_build,0.0502798
profile,5,0.0005,1.5,frac_mwpm_build,0.11179
profile,5,0.0005,1.5,frac_blossom_on_h,0.259401
profile,5,0.0005,1.5,frac_harvest,0.177993
profile,5,0.0005,1.5,residual_density,0
profile,5,0.0005,1.5,q,0
profile,5,0.0005,1.5,residual_tie_rate,0
profile,5,0.0005,1.5,pairing_tie_rate,0
profile,5,0.0005,1.5,mean_restarts,0
profile,5,0.0005,1.5,isect_mode_bitset,1
profile,5,0.0005,1.5,isect_bytes,51.4105
profile,5,0.0005,1.5,isect_scan_bytes,13.256
profile,5,0.0005,1.5,isect_hit_bytes,38.1545
profile,5,0.0005,1.5,isect_bytes_other_mode,368.244
profile,5,0.0005,1.5,isect_bytes_per_defect,62.0525
profile,5,0.0005,1.5,isect_scan_bytes_per_defect,16
profile,5,0.0005,1.5,isect_hit_bytes_per_defect,46.0525
profile,5,0.0005,1.5,isect_bytes_other_mode_per_defect,444.471
profile,5,0.0005,1.5,max_isect_bytes,1072
profile,5,0.0005,1.5,max_isect_scan_bytes,144
profile,5,0.0005,1.5,max_isect_hit_bytes,944
profile,5,0.0005,1.5,max_isect_bytes_other_mode,4136
profile,5,0.0005,1.5,p99_isect_bytes,526
profile,5,0.0005,1.5,p999_isect_bytes,1057
profile,5,0.0005,1.5,hbld_edges_written,1.1815
profile,5,0.0005,1.5,max_hbld_edges_written,27
profile,5,0.0005,1.5,p99_hbld_edges_written,13
profile,5,0.0005,1.5,p999_hbld_edges_written,24
profile,5,0.0005,1.5,h_max_degree,8
profile,5,0.0005,1.5,mwpm_init_elements,3.3515
profile,5,0.0005,1.5,mwpm_init_node_elements,1.467
profile,5,0.0005,1.5,mwpm_init_edge_elements,1.8845
profile,5,0.0005,1.5,max_mwpm_init_elements,56
profile,5,0.0005,1.5,p99_mwpm_init_elements,28
profile,5,0.0005,1.5,p999_mwpm_init_elements,52
profile,5,0.0005,2,mean_total_ns,759.22
profile,5,0.0005,2,mean_g_reference_ns,374.432
profile,5,0.0005,2,speedup_vs_m1,0.49318
profile,5,0.0005,2,mean_stock_ns,221.29
profile,5,0.0005,2,p50_total_ns,391
profile,5,0.0005,2,p99_total_ns,4308
profile,5,0.0005,2,p999_total_ns,15289
profile,5,0.0005,2,mean_h_nodes,0.8285
profile,5,0.0005,2,mean_h_edges,0.881
profile,5,0.0005,2,mean_degree,2.12674
profile,5,0.0005,2,max_degree,9
profile,5,0.0005,2,frac_intersect,0.0858006
profile,5,0.0005,2,frac_h_build,0.048677
profile,5,0.0005,2,frac_mwpm_build,0.122
profile,5,0.0005,2,frac_blossom_on_h,0.252915
profile,5,0.0005,2,frac_harvest,0.187034
profile,5,0.0005,2,residual_density,0
profile,5,0.0005,2,q,0
profile,5,0.0005,2,residual_tie_rate,0
profile,5,0.0005,2,pairing_tie_rate,0
profile,5,0.0005,2,mean_restarts,0
profile,5,0.0005,2,isect_mode_bitset,1
profile,5,0.0005,2,isect_bytes,60.7345
profile,5,0.0005,2,isect_scan_bytes,13.256
profile,5,0.0005,2,isect_hit_bytes,47.4785
profile,5,0.0005,2,isect_bytes_other_mode,615.02
profile,5,0.0005,2,isect_bytes_per_defect,73.3066
profile,5,0.0005,2,isect_scan_bytes_per_defect,16
profile,5,0.0005,2,isect_hit_bytes_per_defect,57.3066
profile,5,0.0005,2,isect_bytes_other_mode_per_defect,742.33
profile,5,0.0005,2,max_isect_bytes,1433
profile,5,0.0005,2,max_isect_scan_bytes,144
profile,5,0.0005,2,max_isect_hit_bytes,1289
profile,5,0.0005,2,max_isect_bytes_other_mode,6792
profile,5,0.0005,2,p99_isect_bytes,670
profile,5,0.0005,2,p999_isect_bytes,1232
profile,5,0.0005,2,hbld_edges_written,1.7095
profile,5,0.0005,2,max_hbld_edges_written,41
profile,5,0.0005,2,p99_hbld_edges_written,20
profile,5,0.0005,2,p999_hbld_edges_written,36
profile,5,0.0005,2,h_max_degree,9
profile,5,0.0005,2,mwpm_init_elements,4.0575
profile,5,0.0005,2,mwpm_init_node_elements,1.467
profile,5,0.0005,2,mwpm_init_edge_elements,2.5905
profile,5,0.0005,2,max_mwpm_init_elements,82
profile,5,0.0005,2,p99_mwpm_init_elements,40
profile,5,0.0005,2,p999_mwpm_init_elements,72
profile,5,0.001,1.5,mean_total_ns,857.712
profile,5,0.001,1.5,mean_g_reference_ns,515.913
profile,5,0.001,1.5,speedup_vs_m1,0.6015
profile,5,0.001,1.5,mean_stock_ns,432.26
profile,5,0.001,1.5,p50_total_ns,591
profile,5,0.001,1.5,p99_total_ns,3757
profile,5,0.001,1.5,p999_total_ns,7284
profile,5,0.001,1.5,mean_h_nodes,1.671
profile,5,0.001,1.5,mean_h_edges,1.731
profile,5,0.001,1.5,mean_degree,2.07181
profile,5,0.001,1.5,max_degree,10
profile,5,0.001,1.5,frac_intersect,0.120149
profile,5,0.001,1.5,frac_h_build,0.0429136
profile,5,0.001,1.5,frac_mwpm_build,0.127465
profile,5,0.001,1.5,frac_blossom_on_h,0.336125
profile,5,0.001,1.5,frac_harvest,0.149385
profile,5,0.001,1.5,residual_density,0.000598444
profile,5,0.001,1.5,q,0.001
profile,5,0.001,1.5,residual_tie_rate,0
profile,5,0.001,1.5,pairing_tie_rate,0
profile,5,0.001,1.5,mean_restarts,0
profile,5,0.001,1.5,isect_mode_bitset,1
profile,5,0.001,1.5,isect_bytes,116.995
profile,5,0.001,1.5,isect_scan_bytes,26.736
profile,5,0.001,1.5,isect_hit_bytes,90.259
profile,5,0.001,1.5,isect_bytes_other_mode,752.124
profile,5,0.001,1.5,isect_bytes_per_defect,70.015
profile,5,0.001,1.5,isect_scan_bytes_per_defect,16
profile,5,0.001,1.5,isect_hit_bytes_per_defect,54.015
profile,5,0.001,1.5,isect_bytes_other_mode_per_defect,450.104
profile,5,0.001,1.5,max_isect_bytes,1595
profile,5,0.001,1.5,max_isect_scan_bytes,176
profile,5,0.001,1.5,max_isect_hit_bytes,1419
profile,5,0.001,1.5,max_isect_bytes_other_mode,5136
profile,5,0.001,1.5,p99_isect_bytes,904
profile,5,0.001,1.5,p999_isect_bytes,1391
profile,5,0.001,1.5,hbld_edges_written,2.694
profile,5,0.001,1.5,max_hbld_edges_written,39
profile,5,0.001,1.5,p99_hbld_edges_written,21
profile,5,0.001,1.5,p999_hbld_edges_written,30
profile,5,0.001,1.5,h_max_degree,10
profile,5,0.001,1.5,mwpm_init_elements,7.138
profile,5,0.001,1.5,mwpm_init_node_elements,2.713
profile,5,0.001,1.5,mwpm_init_edge_elements,4.425
profile,5,0.001,1.5,max_mwpm_init_elements,84
profile,5,0.001,1.5,p99_mwpm_init_elements,46
profile,5,0.001,1.5,p999_mwpm_init_elements,67
profile,5,0.001,2,mean_total_ns,855.154
profile,5,0.001,2,mean_g_reference_ns,535.463
profile,5,0.001,2,speedup_vs_m1,0.62616
profile,5,0.001,2,mean_stock_ns,432.26
profile,5,0.001,2,p50_total_ns,592
profile,5,0.001,2,p99_total_ns,3818
profile,5,0.001,2,p999_total_ns,9008
profile,5,0.001,2,mean_h_nodes,1.671
profile,5,0.001,2,mean_h_edges,2.281
profile,5,0.001,2,mean_degree,2.7301
profile,5,0.001,2,max_degree,11
profile,5,0.001,2,frac_intersect,0.10149
profile,5,0.001,2,frac_h_build,0.0443628
profile,5,0.001,2,frac_mwpm_build,0.139469
profile,5,0.001,2,frac_blossom_on_h,0.337442
profile,5,0.001,2,frac_harvest,0.149798
profile,5,0.001,2,residual_density,0
profile,5,0.001,2,q,0
profile,5,0.001,2,residual_tie_rate,0
profile,5,0.001,2,pairing_tie_rate,0
profile,5,0.001,2,mean_restarts,0
profile,5,0.001,2,isect_mode_bitset,1
profile,5,0.001,2,isect_bytes,139.057
profile,5,0.001,2,isect_scan_bytes,26.736
profile,5,0.001,2,isect_hit_bytes,112.321
profile,5,0.001,2,isect_bytes_other_mode,1257.77
profile,5,0.001,2,isect_bytes_per_defect,83.2178
profile,5,0.001,2,isect_scan_bytes_per_defect,16
profile,5,0.001,2,isect_hit_bytes_per_defect,67.2178
profile,5,0.001,2,isect_bytes_other_mode_per_defect,752.704
profile,5,0.001,2,max_isect_bytes,1887
profile,5,0.001,2,max_isect_scan_bytes,176
profile,5,0.001,2,max_isect_hit_bytes,1711
profile,5,0.001,2,max_isect_bytes_other_mode,8424
profile,5,0.001,2,p99_isect_bytes,1080
profile,5,0.001,2,p999_isect_bytes,1763
profile,5,0.001,2,hbld_edges_written,3.952
profile,5,0.001,2,max_hbld_edges_written,57
profile,5,0.001,2,p99_hbld_edges_written,31
profile,5,0.001,2,p999_hbld_edges_written,51
profile,5,0.001,2,h_max_degree,11
profile,5,0.001,2,mwpm_init_elements,8.946
profile,5,0.001,2,mwpm_init_node_elements,2.713
profile,5,0.001,2,mwpm_init_edge_elements,6.233
profile,5,0.001,2,max_mwpm_init_elements,114
profile,5,0.001,2,p99_mwpm_init_elements,62
profile,5,0.001,2,p999_mwpm_init_elements,102
profile,7,0.0001,1.5,mean_total_ns,530.554
profile,7,0.0001,1.5,mean_g_reference_ns,225.552
profile,7,0.0001,1.5,speedup_vs_m1,0.425125
profile,7,0.0001,1.5,mean_stock_ns,138.75
profile,7,0.0001,1.5,p50_total_ns,361
profile,7,0.0001,1.5,p99_total_ns,2264
profile,7,0.0001,1.5,p999_total_ns,7554
profile,7,0.0001,1.5,mean_h_nodes,0.4745
profile,7,0.0001,1.5,mean_h_edges,0.303
profile,7,0.0001,1.5,mean_degree,1.27713
profile,7,0.0001,1.5,max_degree,5
profile,7,0.0001,1.5,frac_intersect,0.119281
profile,7,0.0001,1.5,frac_h_build,0.0546071
profile,7,0.0001,1.5,frac_mwpm_build,0.106716
profile,7,0.0001,1.5,frac_blossom_on_h,0.187742
profile,7,0.0001,1.5,frac_harvest,0.191897
profile,7,0.0001,1.5,residual_density,0
profile,7,0.0001,1.5,q,0
profile,7,0.0001,1.5,residual_tie_rate,0
profile,7,0.0001,1.5,pairing_tie_rate,0
profile,7,0.0001,1.5,mean_restarts,0
profile,7,0.0001,1.5,isect_mode_bitset,1
profile,7,0.0001,1.5,isect_bytes,37.0885
profile,7,0.0001,1.5,isect_scan_bytes,20.412
profile,7,0.0001,1.5,isect_hit_bytes,16.6765
profile,7,0.0001,1.5,isect_bytes_other_mode,243.36
profile,7,0.0001,1.5,isect_bytes_per_defect,78.1633
profile,7,0.0001,1.5,isect_scan_bytes_per_defect,43.0179
profile,7,0.0001,1.5,isect_hit_bytes_per_defect,35.1454
profile,7,0.0001,1.5,isect_bytes_other_mode_per_defect,512.877
profile,7,0.0001,1.5,max_isect_bytes,965
profile,7,0.0001,1.5,max_isect_scan_bytes,392
profile,7,0.0001,1.5,max_isect_hit_bytes,573
profile,7,0.0001,1.5,max_isect_bytes_other_mode,4584
profile,7,0.0001,1.5,p99_isect_bytes,433
profile,7,0.0001,1.5,p999_isect_bytes,712
profile,7,0.0001,1.5,hbld_edges_written,0.5035
profile,7,0.0001,1.5,max_hbld_edges_written,13
profile,7,0.0001,1.5,p99_hbld_edges_written,8
profile,7,0.0001,1.5,p999_hbld_edges_written,12
profile,7,0.0001,1.5,h_max_degree,5
profile,7,0.0001,1.5,mwpm_init_elements,1.6795
profile,7,0.0001,1.5,mwpm_init_node_elements,0.873
profile,7,0.0001,1.5,mwpm_init_edge_elements,0.8065
profile,7,0.0001,1.5,max_mwpm_init_elements,31
profile,7,0.0001,1.5,p99_mwpm_init_elements,18
profile,7,0.0001,1.5,p999_mwpm_init_elements,26
profile,7,0.0001,2,mean_total_ns,572.841
profile,7,0.0001,2,mean_g_reference_ns,244.753
profile,7,0.0001,2,speedup_vs_m1,0.427262
profile,7,0.0001,2,mean_stock_ns,138.75
profile,7,0.0001,2,p50_total_ns,361
profile,7,0.0001,2,p99_total_ns,2755
profile,7,0.0001,2,p999_total_ns,14708
profile,7,0.0001,2,mean_h_nodes,0.4745
profile,7,0.0001,2,mean_h_edges,0.369
profile,7,0.0001,2,mean_degree,1.55532
profile,7,0.0001,2,max_degree,7
profile,7,0.0001,2,frac_intersect,0.15265
profile,7,0.0001,2,frac_h_build,0.0506101
profile,7,0.0001,2,frac_mwpm_build,0.125588
profile,7,0.0001,2,frac_blossom_on_h,0.179082
profile,7,0.0001,2,frac_harvest,0.175421
profile,7,0.0001,2,residual_density,0
profile,7,0.0001,2,q,0
profile,7,0.0001,2,residual_tie_rate,0
profile,7,0.0001,2,pairing_tie_rate,0
profile,7,0.0001,2,mean_restarts,0
profile,7,0.0001,2,isect_mode_bitset,1
profile,7,0.0001,2,isect_bytes,41.0205
profile,7,0.0001,2,isect_scan_bytes,20.412
profile,7,0.0001,2,isect_hit_bytes,20.6085
profile,7,0.0001,2,isect_bytes_other_mode,460.344
profile,7,0.0001,2,isect_bytes_per_defect,86.4499
profile,7,0.0001,2,isect_scan_bytes_per_defect,43.0179
profile,7,0.0001,2,isect_hit_bytes_per_defect,43.432
profile,7,0.0001,2,isect_bytes_other_mode_per_defect,970.166
profile,7,0.0001,2,max_isect_bytes,1189
profile,7,0.0001,2,max_isect_scan_bytes,392
profile,7,0.0001,2,max_isect_hit_bytes,797
profile,7,0.0001,2,max_isect_bytes_other_mode,8832
profile,7,0.0001,2,p99_isect_bytes,476
profile,7,0.0001,2,p999_isect_bytes,855
profile,7,0.0001,2,hbld_edges_written,0.7325
profile,7,0.0001,2,max_hbld_edges_written,27
profile,7,0.0001,2,p99_hbld_edges_written,10
profile,7,0.0001,2,p999_hbld_edges_written,18
profile,7,0.0001,2,h_max_degree,7
profile,7,0.0001,2,mwpm_init_elements,1.9745
profile,7,0.0001,2,mwpm_init_node_elements,0.873
profile,7,0.0001,2,mwpm_init_edge_elements,1.1015
profile,7,0.0001,2,max_mwpm_init_elements,56
profile,7,0.0001,2,p99_mwpm_init_elements,20
profile,7,0.0001,2,p999_mwpm_init_elements,37
profile,7,0.0003,1.5,mean_total_ns,840.439
profile,7,0.0003,1.5,mean_g_reference_ns,424.309
profile,7,0.0003,1.5,speedup_vs_m1,0.504866
profile,7,0.0003,1.5,mean_stock_ns,351.132
profile,7,0.0003,1.5,p50_total_ns,461
profile,7,0.0003,1.5,p99_total_ns,3637
profile,7,0.0003,1.5,p999_total_ns,7124
profile,7,0.0003,1.5,mean_h_nodes,1.422
profile,7,0.0003,1.5,mean_h_edges,0.9735
profile,7,0.0003,1.5,mean_degree,1.3692
profile,7,0.0003,1.5,max_degree,6
profile,7,0.0003,1.5,frac_intersect,0.166123
profile,7,0.0003,1.5,frac_h_build,0.0402474
profile,7,0.0003,1.5,frac_mwpm_build,0.121873
profile,7,0.0003,1.5,frac_blossom_on_h,0.277183
profile,7,0.0003,1.5,frac_harvest,0.144846
profile,7,0.0003,1.5,residual_density,0
profile,7,0.0003,1.5,q,0
profile,7,0.0003,1.5,residual_tie_rate,0
profile,7,0.0003,1.5,pairing_tie_rate,0
profile,7,0.0003,1.5,mean_restarts,0
profile,7,0.0003,1.5,isect_mode_bitset,1
profile,7,0.0003,1.5,isect_bytes,114.276
profile,7,0.0003,1.5,isect_scan_bytes,61.324
profile,7,0.0003,1.5,isect_hit_bytes,52.952
profile,7,0.0003,1.5,isect_bytes_other_mode,730.104
profile,7,0.0003,1.5,isect_bytes_per_defect,80.3629
profile,7,0.0003,1.5,isect_scan_bytes_per_defect,43.1252
profile,7,0.0003,1.5,isect_hit_bytes_per_defect,37.2377
profile,7,0.0003,1.5,isect_bytes_other_mode_per_defect,513.435
profile,7,0.0003,1.5,max_isect_bytes,1110
profile,7,0.0003,1.5,max_isect_scan_bytes,448
profile,7,0.0003,1.5,max_isect_hit_bytes,680
profile,7,0.0003,1.5,max_isect_bytes_other_mode,5824
profile,7,0.0003,1.5,p99_isect_bytes,719
profile,7,0.0003,1.5,p999_isect_bytes,1024
profile,7,0.0003,1.5,hbld_edges_written,1.565
profile,7,0.0003,1.5,max_hbld_edges_written,19
profile,7,0.0003,1.5,p99_hbld_edges_written,12
profile,7,0.0003,1.5,p999_hbld_edges_written,17
profile,7,0.0003,1.5,h_max_degree,6
profile,7,0.0003,1.5,mwpm_init_elements,4.881
profile,7,0.0003,1.5,mwpm_init_node_elements,2.3425
profile,7,0.0003,1.5,mwpm_init_edge_elements,2.5385
profile,7,0.0003,1.5,max_mwpm_init_elements,41
profile,7,0.0003,1.5,p99_mwpm_init_elements,28
profile,7,0.0003,1.5,p999_mwpm_init_elements,38
profile,7,0.0003,2,mean_total_ns,768.103
profile,7,0.0003,2,mean_g_reference_ns,431.947
profile,7,0.0003,2,speedup_vs_m1,0.562355
profile,7,0.0003,2,mean_stock_ns,351.132
profile,7,0.0003,2,p50_total_ns,431
profile,7,0.0003,2,p99_total_ns,3306
profile,7,0.0003,2,p999_total_ns,5120
profile,7,0.0003,2,mean_h_nodes,1.422
profile,7,0.0003,2,mean_h_edges,1.237
profile,7,0.0003,2,mean_degree,1.7398
profile,7,0.0003,2,max_degree,8
profile,7,0.0003,2,frac_intersect,0.136333
profile,7,0.0003,2,frac_h_build,0.045188
profile,7,0.0003,2,frac_mwpm_build,0.125101
profile,7,0.0003,2,frac_blossom_on_h,0.291014
profile,7,0.0003,2,frac_harvest,0.154374
profile,7,0.0003,2,residual_density,0
profile,7,0.0003,2,q,0
profile,7,0.0003,2,residual_tie_rate,0
profile,7,0.0003,2,pairing_tie_rate,0
profile,7,0.0003,2,mean_restarts,0
profile,7,0.0003,2,isect_mode_bitset,1
profile,7,0.0003,2,isect_bytes,126.822
profile,7,0.0003,2,isect_scan_bytes,61.324
profile,7,0.0003,2,isect_hit_bytes,65.498
profile,7,0.0003,2,isect_bytes_other_mode,1388.63
profile,7,0.0003,2,isect_bytes_per_defect,89.1857
profile,7,0.0003,2,isect_scan_bytes_per_defect,43.1252
profile,7,0.0003,2,isect_hit_bytes_per_defect,46.0605
profile,7,0.0003,2,isect_bytes_other_mode_per_defect,976.534
profile,7,0.0003,2,max_isect_bytes,1294
profile,7,0.0003,2,max_isect_scan_bytes,448
profile,7,0.0003,2,max_isect_hit_bytes,936
profile,7,0.0003,2,max_isect_bytes_other_mode,11192
profile,7,0.0003,2,p99_isect_bytes,845
profile,7,0.0003,2,p999_isect_bytes,1185
profile,7,0.0003,2,hbld_edges_written,2.292
profile,7,0.0003,2,max_hbld_edges_written,29
profile,7,0.0003,2,p99_hbld_edges_written,18
profile,7,0.0003,2,p999_hbld_edges_written,26
profile,7,0.0003,2,h_max_degree,8
profile,7,0.0003,2,mwpm_init_elements,5.8715
profile,7,0.0003,2,mwpm_init_node_elements,2.3425
profile,7,0.0003,2,mwpm_init_edge_elements,3.529
profile,7,0.0003,2,max_mwpm_init_elements,61
profile,7,0.0003,2,p99_mwpm_init_elements,38
profile,7,0.0003,2,p999_mwpm_init_elements,52
profile,7,0.0005,1.5,mean_total_ns,1143.59
profile,7,0.0005,1.5,mean_g_reference_ns,669.553
profile,7,0.0005,1.5,speedup_vs_m1,0.585486
profile,7,0.0005,1.5,mean_stock_ns,542.341
profile,7,0.0005,1.5,p50_total_ns,782
profile,7,0.0005,1.5,p99_total_ns,5110
profile,7,0.0005,1.5,p999_total_ns,15199
profile,7,0.0005,1.5,mean_h_nodes,2.3305
profile,7,0.0005,1.5,mean_h_edges,1.8065
profile,7,0.0005,1.5,mean_degree,1.55031
profile,7,0.0005,1.5,max_degree,9
profile,7,0.0005,1.5,frac_intersect,0.172552
profile,7,0.0005,1.5,frac_h_build,0.0377615
profile,7,0.0005,1.5,frac_mwpm_build,0.127909
profile,7,0.0005,1.5,frac_blossom_on_h,0.326602
profile,7,0.0005,1.5,frac_harvest,0.137586
profile,7,0.0005,1.5,residual_density,0
profile,7,0.0005,1.5,q,0
profile,7,0.0005,1.5,residual_tie_rate,0
profile,7,0.0005,1.5,pairing_tie_rate,0
profile,7,0.0005,1.5,mean_restarts,0
profile,7,0.0005,1.5,isect_mode_bitset,1
profile,7,0.0005,1.5,isect_bytes,200.367
profile,7,0.0005,1.5,isect_scan_bytes,102.348
profile,7,0.0005,1.5,isect_hit_bytes,98.0185
profile,7,0.0005,1.5,isect_bytes_other_mode,1194.75
profile,7,0.0005,1.5,isect_bytes_per_defect,85.9758
profile,7,0.0005,1.5,isect_scan_bytes_per_defect,43.9168
profile,7,0.0005,1.5,isect_hit_bytes_per_defect,42.059
profile,7,0.0005,1.5,isect_bytes_other_mode_per_defect,512.659
profile,7,0.0005,1.5,max_isect_bytes,1782
profile,7,0.0005,1.5,max_isect_scan_bytes,592
profile,7,0.0005,1.5,max_isect_hit_bytes,1190
profile,7,0.0005,1.5,max_isect_bytes_other_mode,7464
profile,7,0.0005,1.5,p99_isect_bytes,1135
profile,7,0.0005,1.5,p999_isect_bytes,1476
profile,7,0.0005,1.5,hbld_edges_written,2.7995
profile,7,0.0005,1.5,max_hbld_edges_written,29
profile,7,0.0005,1.5,p99_hbld_edges_written,20
profile,7,0.0005,1.5,p999_hbld_edges_written,26
profile,7,0.0005,1.5,h_max_degree,9
profile,7,0.0005,1.5,mwpm_init_elements,8.1915
profile,7,0.0005,1.5,mwpm_init_node_elements,3.5855
profile,7,0.0005,1.5,mwpm_init_edge_elements,4.606
profile,7,0.0005,1.5,max_mwpm_init_elements,64
profile,7,0.0005,1.5,p99_mwpm_init_elements,44
profile,7,0.0005,1.5,p999_mwpm_init_elements,59
profile,7,0.0005,2,mean_total_ns,1141.8
profile,7,0.0005,2,mean_g_reference_ns,643.673
profile,7,0.0005,2,speedup_vs_m1,0.563735
profile,7,0.0005,2,mean_stock_ns,542.341
profile,7,0.0005,2,p50_total_ns,772
profile,7,0.0005,2,p99_total_ns,5160
profile,7,0.0005,2,p999_total_ns,11282
profile,7,0.0005,2,mean_h_nodes,2.3305
profile,7,0.0005,2,mean_h_edges,2.5
profile,7,0.0005,2,mean_degree,2.14546
profile,7,0.0005,2,max_degree,11
profile,7,0.0005,2,frac_intersect,0.19416
profile,7,0.0005,2,frac_h_build,0.0399767
profile,7,0.0005,2,frac_mwpm_build,0.144601
profile,7,0.0005,2,frac_blossom_on_h,0.31431
profile,7,0.0005,2,frac_harvest,0.1189
profile,7,0.0005,2,residual_density,0
profile,7,0.0005,2,q,0
profile,7,0.0005,2,residual_tie_rate,0
profile,7,0.0005,2,pairing_tie_rate,0
profile,7,0.0005,2,mean_restarts,0
profile,7,0.0005,2,isect_mode_bitset,1
profile,7,0.0005,2,isect_bytes,225.547
profile,7,0.0005,2,isect_scan_bytes,102.348
profile,7,0.0005,2,isect_hit_bytes,123.198
profile,7,0.0005,2,isect_bytes_other_mode,2274.95
profile,7,0.0005,2,isect_bytes_per_defect,96.7803
profile,7,0.0005,2,isect_scan_bytes_per_defect,43.9168
profile,7,0.0005,2,isect_hit_bytes_per_defect,52.8635
profile,7,0.0005,2,isect_bytes_other_mode_per_defect,976.165
profile,7,0.0005,2,max_isect_bytes,2134
profile,7,0.0005,2,max_isect_scan_bytes,592
profile,7,0.0005,2,max_isect_hit_bytes,1542
profile,7,0.0005,2,max_isect_bytes_other_mode,14336
profile,7,0.0005,2,p99_isect_bytes,1344
profile,7,0.0005,2,p999_isect_bytes,1744
profile,7,0.0005,2,hbld_edges_written,4.269
profile,7,0.0005,2,max_hbld_edges_written,51
profile,7,0.0005,2,p99_hbld_edges_written,29
profile,7,0.0005,2,p999_hbld_edges_written,39
profile,7,0.0005,2,h_max_degree,11
profile,7,0.0005,2,mwpm_init_elements,10.3545
profile,7,0.0005,2,mwpm_init_node_elements,3.5855
profile,7,0.0005,2,mwpm_init_edge_elements,6.769
profile,7,0.0005,2,max_mwpm_init_elements,106
profile,7,0.0005,2,p99_mwpm_init_elements,60
profile,7,0.0005,2,p999_mwpm_init_elements,81
profile,7,0.001,1.5,mean_total_ns,1910.1
profile,7,0.001,1.5,mean_g_reference_ns,1220.3
profile,7,0.001,1.5,speedup_vs_m1,0.638866
profile,7,0.001,1.5,mean_stock_ns,1087.4
profile,7,0.001,1.5,p50_total_ns,1513
profile,7,0.001,1.5,p99_total_ns,7384
profile,7,0.001,1.5,p999_total_ns,19416
profile,7,0.001,1.5,mean_h_nodes,4.674
profile,7,0.001,1.5,mean_h_edges,4.6915
profile,7,0.001,1.5,mean_degree,2.00749
profile,7,0.001,1.5,max_degree,10
profile,7,0.001,1.5,frac_intersect,0.208015
profile,7,0.001,1.5,frac_h_build,0.0337917
profile,7,0.001,1.5,frac_mwpm_build,0.134239
profile,7,0.001,1.5,frac_blossom_on_h,0.391261
profile,7,0.001,1.5,frac_harvest,0.0978135
profile,7,0.001,1.5,residual_density,0.000320924
profile,7,0.001,1.5,q,0.0015
profile,7,0.001,1.5,residual_tie_rate,0
profile,7,0.001,1.5,pairing_tie_rate,0
profile,7,0.001,1.5,mean_restarts,0
profile,7,0.001,1.5,isect_mode_bitset,1
profile,7,0.001,1.5,isect_bytes,451.65
profile,7,0.001,1.5,isect_scan_bytes,205.212
profile,7,0.001,1.5,isect_hit_bytes,246.438
profile,7,0.001,1.5,isect_bytes_other_mode,2420.12
profile,7,0.001,1.5,isect_bytes_per_defect,96.6303
profile,7,0.001,1.5,isect_scan_bytes_per_defect,43.905
profile,7,0.001,1.5,isect_hit_bytes_per_defect,52.7253
profile,7,0.001,1.5,isect_bytes_other_mode_per_defect,517.783
profile,7,0.001,1.5,max_isect_bytes,3271
profile,7,0.001,1.5,max_isect_scan_bytes,880
profile,7,0.001,1.5,max_isect_hit_bytes,2431
profile,7,0.001,1.5,max_isect_bytes_other_mode,11160
profile,7,0.001,1.5,p99_isect_bytes,1946
profile,7,0.001,1.5,p999_isect_bytes,2675
profile,7,0.001,1.5,hbld_edges_written,6.629
profile,7,0.001,1.5,max_hbld_edges_written,53
profile,7,0.001,1.5,p99_hbld_edges_written,34
profile,7,0.001,1.5,p999_hbld_edges_written,47
profile,7,0.001,1.5,h_max_degree,10
profile,7,0.001,1.5,mwpm_init_elements,17.837
profile,7,0.001,1.5,mwpm_init_node_elements,6.5165
profile,7,0.001,1.5,mwpm_init_edge_elements,11.3205
profile,7,0.001,1.5,max_mwpm_init_elements,119
profile,7,0.001,1.5,p99_mwpm_init_elements,75
profile,7,0.001,1.5,p999_mwpm_init_elements,104
profile,7,0.001,2,mean_total_ns,2022.52
profile,7,0.001,2,mean_g_reference_ns,1234.85
profile,7,0.001,2,speedup_vs_m1,0.610552
profile,7,0.001,2,mean_stock_ns,1087.4
profile,7,0.001,2,p50_total_ns,1563
profile,7,0.001,2,p99_total_ns,8165
profile,7,0.001,2,p999_total_ns,19236
profile,7,0.001,2,mean_h_nodes,4.674
profile,7,0.001,2,mean_h_edges,7.087
profile,7,0.001,2,mean_degree,3.03252
profile,7,0.001,2,max_degree,15
profile,7,0.001,2,frac_intersect,0.192163
profile,7,0.001,2,frac_h_build,0.0430943
profile,7,0.001,2,frac_mwpm_build,0.153245
profile,7,0.001,2,frac_blossom_on_h,0.390043
profile,7,0.001,2,frac_harvest,0.0931093
profile,7,0.001,2,residual_density,0
profile,7,0.001,2,q,0
profile,7,0.001,2,residual_tie_rate,0
profile,7,0.001,2,pairing_tie_rate,0
profile,7,0.001,2,mean_restarts,0
profile,7,0.001,2,isect_mode_bitset,1
profile,7,0.001,2,isect_bytes,519.378
profile,7,0.001,2,isect_scan_bytes,205.212
profile,7,0.001,2,isect_hit_bytes,314.166
profile,7,0.001,2,isect_bytes_other_mode,4637.75
profile,7,0.001,2,isect_bytes_per_defect,111.121
profile,7,0.001,2,isect_scan_bytes_per_defect,43.905
profile,7,0.001,2,isect_hit_bytes_per_defect,67.2157
profile,7,0.001,2,isect_bytes_other_mode_per_defect,992.244
profile,7,0.001,2,max_isect_bytes,4219
profile,7,0.001,2,max_isect_scan_bytes,880
profile,7,0.001,2,max_isect_hit_bytes,3379
profile,7,0.001,2,max_isect_bytes_other_mode,20960
profile,7,0.001,2,p99_isect_bytes,2353
profile,7,0.001,2,p999_isect_bytes,3359
profile,7,0.001,2,hbld_edges_written,10.587
profile,7,0.001,2,max_hbld_edges_written,107
profile,7,0.001,2,p99_hbld_edges_written,54
profile,7,0.001,2,p999_hbld_edges_written,83
profile,7,0.001,2,h_max_degree,15
profile,7,0.001,2,mwpm_init_elements,24.1905
profile,7,0.001,2,mwpm_init_node_elements,6.5165
profile,7,0.001,2,mwpm_init_edge_elements,17.674
profile,7,0.001,2,max_mwpm_init_elements,218
profile,7,0.001,2,p99_mwpm_init_elements,115
profile,7,0.001,2,p999_mwpm_init_elements,169
profile,9,0.0001,1.5,mean_total_ns,740.796
profile,9,0.0001,1.5,mean_g_reference_ns,348.18
profile,9,0.0001,1.5,speedup_vs_m1,0.470009
profile,9,0.0001,1.5,mean_stock_ns,240.837
profile,9,0.0001,1.5,p50_total_ns,371
profile,9,0.0001,1.5,p99_total_ns,3367
profile,9,0.0001,1.5,p999_total_ns,14207
profile,9,0.0001,1.5,mean_h_nodes,1.038
profile,9,0.0001,1.5,mean_h_edges,0.62
profile,9,0.0001,1.5,mean_degree,1.19461
profile,9,0.0001,1.5,max_degree,6
profile,9,0.0001,1.5,frac_intersect,0.194352
profile,9,0.0001,1.5,frac_h_build,0.0478627
profile,9,0.0001,1.5,frac_mwpm_build,0.133025
profile,9,0.0001,1.5,frac_blossom_on_h,0.223308
profile,9,0.0001,1.5,frac_harvest,0.148359
profile,9,0.0001,1.5,residual_density,0.000481696
profile,9,0.0001,1.5,q,0.0005
profile,9,0.0001,1.5,residual_tie_rate,0
profile,9,0.0001,1.5,pairing_tie_rate,0
profile,9,0.0001,1.5,mean_restarts,0
profile,9,0.0001,1.5,isect_mode_bitset,1
profile,9,0.0001,1.5,isect_bytes,108.966
profile,9,0.0001,1.5,isect_scan_bytes,76.152
profile,9,0.0001,1.5,isect_hit_bytes,32.814
profile,9,0.0001,1.5,isect_bytes_other_mode,577.46
profile,9,0.0001,1.5,isect_bytes_per_defect,104.977
profile,9,0.0001,1.5,isect_scan_bytes_per_defect,73.3642
profile,9,0.0001,1.5,isect_hit_bytes_per_defect,31.6127
profile,9,0.0001,1.5,isect_bytes_other_mode_per_defect,556.32
profile,9,0.0001,1.5,max_isect_bytes,1310
profile,9,0.0001,1.5,max_isect_scan_bytes,792
profile,9,0.0001,1.5,max_isect_hit_bytes,590
profile,9,0.0001,1.5,max_isect_bytes_other_mode,6600
profile,9,0.0001,1.5,p99_isect_bytes,747
profile,9,0.0001,1.5,p999_isect_bytes,1114
profile,9,0.0001,1.5,hbld_edges_written,0.9595
profile,9,0.0001,1.5,max_hbld_edges_written,17
profile,9,0.0001,1.5,p99_hbld_edges_written,9
profile,9,0.0001,1.5,p999_hbld_edges_written,13
profile,9,0.0001,1.5,h_max_degree,6
profile,9,0.0001,1.5,mwpm_init_elements,3.354
profile,9,0.0001,1.5,mwpm_init_node_elements,1.7745
profile,9,0.0001,1.5,mwpm_init_edge_elements,1.5795
profile,9,0.0001,1.5,max_mwpm_init_elements,39
profile,9,0.0001,1.5,p99_mwpm_init_elements,20
profile,9,0.0001,1.5,p999_mwpm_init_elements,29
profile,9,0.0001,2,mean_total_ns,749.418
profile,9,0.0001,2,mean_g_reference_ns,380.599
profile,9,0.0001,2,speedup_vs_m1,0.50786
profile,9,0.0001,2,mean_stock_ns,240.837
profile,9,0.0001,2,p50_total_ns,380
profile,9,0.0001,2,p99_total_ns,3546
profile,9,0.0001,2,p999_total_ns,11061
profile,9,0.0001,2,mean_h_nodes,1.038
profile,9,0.0001,2,mean_h_edges,0.7395
profile,9,0.0001,2,mean_degree,1.42486
profile,9,0.0001,2,max_degree,7
profile,9,0.0001,2,frac_intersect,0.184976
profile,9,0.0001,2,frac_h_build,0.0413608
profile,9,0.0001,2,frac_mwpm_build,0.148009
profile,9,0.0001,2,frac_blossom_on_h,0.220084
profile,9,0.0001,2,frac_harvest,0.144379
profile,9,0.0001,2,residual_density,0
profile,9,0.0001,2,q,0
profile,9,0.0001,2,residual_tie_rate,0
profile,9,0.0001,2,pairing_tie_rate,0
profile,9,0.0001,2,mean_restarts,0
profile,9,0.0001,2,isect_mode_bitset,1
profile,9,0.0001,2,isect_bytes,116.044
profile,9,0.0001,2,isect_scan_bytes,76.152
profile,9,0.0001,2,isect_hit_bytes,39.892
profile,9,0.0001,2,isect_bytes_other_mode,1122.91
profile,9,0.0001,2,isect_bytes_per_defect,111.796
profile,9,0.0001,2,isect_scan_bytes_per_defect,73.3642
profile,9,0.0001,2,isect_hit_bytes_per_defect,38.4316
profile,9,0.0001,2,isect_bytes_other_mode_per_defect,1081.8
profile,9,0.0001,2,max_isect_bytes,1422
profile,9,0.0001,2,max_isect_scan_bytes,792
profile,9,0.0001,2,max_isect_hit_bytes,732
profile,9,0.0001,2,max_isect_bytes_other_mode,12728
profile,9,0.0001,2,p99_isect_bytes,810
profile,9,0.0001,2,p999_isect_bytes,1226
profile,9,0.0001,2,hbld_edges_written,1.375
profile,9,0.0001,2,max_hbld_edges_written,24
profile,9,0.0001,2,p99_hbld_edges_written,13
profile,9,0.0001,2,p999_hbld_edges_written,17
profile,9,0.0001,2,h_max_degree,7
profile,9,0.0001,2,mwpm_init_elements,3.889
profile,9,0.0001,2,mwpm_init_node_elements,1.7745
profile,9,0.0001,2,mwpm_init_edge_elements,2.1145
profile,9,0.0001,2,max_mwpm_init_elements,50
profile,9,0.0001,2,p99_mwpm_init_elements,26
profile,9,0.0001,2,p999_mwpm_init_elements,37
profile,9,0.0003,1.5,mean_total_ns,1466.74
profile,9,0.0003,1.5,mean_g_reference_ns,829.368
profile,9,0.0003,1.5,speedup_vs_m1,0.56545
profile,9,0.0003,1.5,mean_stock_ns,743.436
profile,9,0.0003,1.5,p50_total_ns,1122
profile,9,0.0003,1.5,p99_total_ns,5570
profile,9,0.0003,1.5,p999_total_ns,14958
profile,9,0.0003,1.5,mean_h_nodes,3.3425
profile,9,0.0003,1.5,mean_h_edges,2.361
profile,9,0.0003,1.5,mean_degree,1.41272
profile,9,0.0003,1.5,max_degree,9
profile,9,0.0003,1.5,frac_intersect,0.258575
profile,9,0.0003,1.5,frac_h_build,0.0302313
profile,9,0.0003,1.5,frac_mwpm_build,0.136108
profile,9,0.0003,1.5,frac_blossom_on_h,0.309213
profile,9,0.0003,1.5,frac_harvest,0.106638
profile,9,0.0003,1.5,residual_density,0
profile,9,0.0003,1.5,q,0
profile,9,0.0003,1.5,residual_tie_rate,0
profile,9,0.0003,1.5,pairing_tie_rate,0
profile,9,0.0003,1.5,mean_restarts,0
profile,9,0.0003,1.5,isect_mode_bitset,1
profile,9,0.0003,1.5,isect_bytes,370.346
profile,9,0.0003,1.5,isect_scan_bytes,247.528
profile,9,0.0003,1.5,isect_hit_bytes,122.819
profile,9,0.0003,1.5,isect_bytes_other_mode,1863.26
profile,9,0.0003,1.5,isect_bytes_per_defect,110.799
profile,9,0.0003,1.5,isect_scan_bytes_per_defect,74.0547
profile,9,0.0003,1.5,isect_hit_bytes_per_defect,36.7445
profile,9,0.0003,1.5,isect_bytes_other_mode_per_defect,557.444
profile,9,0.0003,1.5,max_isect_bytes,2994
profile,9,0.0003,1.5,max_isect_scan_bytes,1424
profile,9,0.0003,1.5,max_isect_hit_bytes,1570
profile,9,0.0003,1.5,max_isect_bytes_other_mode,11840
profile,9,0.0003,1.5,p99_isect_bytes,1576
profile,9,0.0003,1.5,p999_isect_bytes,2187
profile,9,0.0003,1.5,hbld_edges_written,3.394
profile,9,0.0003,1.5,max_hbld_edges_written,37
profile,9,0.0003,1.5,p99_hbld_edges_written,19
profile,9,0.0003,1.5,p999_hbld_edges_written,36
profile,9,0.0003,1.5,h_max_degree,9
profile,9,0.0003,1.5,mwpm_init_elements,10.6845
profile,9,0.0003,1.5,mwpm_init_node_elements,4.9295
profile,9,0.0003,1.5,mwpm_init_edge_elements,5.755
profile,9,0.0003,1.5,max_mwpm_init_elements,88
profile,9,0.0003,1.5,p99_mwpm_init_elements,45
profile,9,0.0003,1.5,p999_mwpm_init_elements,78
profile,9,0.0003,2,mean_total_ns,1706.55
profile,9,0.0003,2,mean_g_reference_ns,977.235
profile,9,0.0003,2,speedup_vs_m1,0.572638
profile,9,0.0003,2,mean_stock_ns,743.436
profile,9,0.0003,2,p50_total_ns,1262
profile,9,0.0003,2,p99_total_ns,7104
profile,9,0.0003,2,p999_total_ns,21691
profile,9,0.0003,2,mean_h_nodes,3.3425
profile,9,0.0003,2,mean_h_edges,3.1355
profile,9,0.0003,2,mean_degree,1.87614
profile,9,0.0003,2,max_degree,11
profile,9,0.0003,2,frac_intersect,0.272123
profile,9,0.0003,2,frac_h_build,0.0303208
profile,9,0.0003,2,frac_mwpm_build,0.16385
profile,9,0.0003,2,frac_blossom_on_h,0.287684
profile,9,0.0003,2,frac_harvest,0.0903276
profile,9,0.0003,2,residual_density,0
profile,9,0.0003,2,q,0
profile,9,0.0003,2,residual_tie_rate,0
profile,9,0.0003,2,pairing_tie_rate,0
profile,9,0.0003,2,mean_restarts,0
profile,9,0.0003,2,isect_mode_bitset,1
profile,9,0.0003,2,isect_bytes,399.805
profile,9,0.0003,2,isect_scan_bytes,247.528
profile,9,0.0003,2,isect_hit_bytes,152.276
profile,9,0.0003,2,isect_bytes_other_mode,3648
profile,9,0.0003,2,isect_bytes_per_defect,119.612
profile,9,0.0003,2,isect_scan_bytes_per_defect,74.0547
profile,9,0.0003,2,isect_hit_bytes_per_defect,45.5577
profile,9,0.0003,2,isect_bytes_other_mode_per_defect,1091.4
profile,9,0.0003,2,max_isect_bytes,3438
profile,9,0.0003,2,max_isect_scan_bytes,1424
profile,9,0.0003,2,max_isect_hit_bytes,2014
profile,9,0.0003,2,max_isect_bytes_other_mode,23848
profile,9,0.0003,2,p99_isect_bytes,1753
profile,9,0.0003,2,p999_isect_bytes,2475
profile,9,0.0003,2,hbld_edges_written,5.125
profile,9,0.0003,2,max_hbld_edges_written,64
profile,9,0.0003,2,p99_hbld_edges_written,29
profile,9,0.0003,2,p999_hbld_edges_written,48
profile,9,0.0003,2,h_max_degree,11
profile,9,0.0003,2,mwpm_init_elements,13.19
profile,9,0.0003,2,mwpm_init_node_elements,4.9295
profile,9,0.0003,2,mwpm_init_edge_elements,8.2605
profile,9,0.0003,2,max_mwpm_init_elements,137
profile,9,0.0003,2,p99_mwpm_init_elements,62
profile,9,0.0003,2,p999_mwpm_init_elements,98
profile,9,0.0005,1.5,mean_total_ns,2249.47
profile,9,0.0005,1.5,mean_g_reference_ns,1281.62
profile,9,0.0005,1.5,speedup_vs_m1,0.569745
profile,9,0.0005,1.5,mean_stock_ns,1148.1
profile,9,0.0005,1.5,p50_total_ns,1774
profile,9,0.0005,1.5,p99_total_ns,8847
profile,9,0.0005,1.5,p999_total_ns,20029
profile,9,0.0005,1.5,mean_h_nodes,5.321
profile,9,0.0005,1.5,mean_h_edges,4.2015
profile,9,0.0005,1.5,mean_degree,1.57921
profile,9,0.0005,1.5,max_degree,9
profile,9,0.0005,1.5,frac_intersect,0.293141
profile,9,0.0005,1.5,frac_h_build,0.0268664
profile,9,0.0005,1.5,frac_mwpm_build,0.138296
profile,9,0.0005,1.5,frac_blossom_on_h,0.328417
profile,9,0.0005,1.5,frac_harvest,0.0890793
profile,9,0.0005,1.5,residual_density,0.000281902
profile,9,0.0005,1.5,q,0.0015
profile,9,0.0005,1.5,residual_tie_rate,0
profile,9,0.0005,1.5,pairing_tie_rate,0
profile,9,0.0005,1.5,mean_restarts,0
profile,9,0.0005,1.5,isect_mode_bitset,1
profile,9,0.0005,1.5,isect_bytes,624.963
profile,9,0.0005,1.5,isect_scan_bytes,407.388
profile,9,0.0005,1.5,isect_hit_bytes,217.575
profile,9,0.0005,1.5,isect_bytes_other_mode,2982.01
profile,9,0.0005,1.5,isect_bytes_per_defect,117.452
profile,9,0.0005,1.5,isect_scan_bytes_per_defect,76.5623
profile,9,0.0005,1.5,isect_hit_bytes_per_defect,40.8899
profile,9,0.0005,1.5,isect_bytes_other_mode_per_defect,560.422
profile,9,0.0005,1.5,max_isect_bytes,3482
profile,9,0.0005,1.5,max_isect_scan_bytes,1832
profile,9,0.0005,1.5,max_isect_hit_bytes,2016
profile,9,0.0005,1.5,max_isect_bytes_other_mode,13648
profile,9,0.0005,1.5,p99_isect_bytes,2377
profile,9,0.0005,1.5,p999_isect_bytes,3216
profile,9,0.0005,1.5,hbld_edges_written,5.8735
profile,9,0.0005,1.5,max_hbld_edges_written,53
profile,9,0.0005,1.5,p99_hbld_edges_written,28
profile,9,0.0005,1.5,p999_hbld_edges_written,39
profile,9,0.0005,1.5,h_max_degree,9
profile,9,0.0005,1.5,mwpm_init_elements,17.4485
profile,9,0.0005,1.5,mwpm_init_node_elements,7.3735
profile,9,0.0005,1.5,mwpm_init_edge_elements,10.075
profile,9,0.0005,1.5,max_mwpm_init_elements,116
profile,9,0.0005,1.5,p99_mwpm_init_elements,67
profile,9,0.0005,1.5,p999_mwpm_init_elements,93
profile,9,0.0005,2,mean_total_ns,2456.53
profile,9,0.0005,2,mean_g_reference_ns,1394.24
profile,9,0.0005,2,speedup_vs_m1,0.567565
profile,9,0.0005,2,mean_stock_ns,1148.1
profile,9,0.0005,2,p50_total_ns,1883
profile,9,0.0005,2,p99_total_ns,11041
profile,9,0.0005,2,p999_total_ns,25008
profile,9,0.0005,2,mean_h_nodes,5.321
profile,9,0.0005,2,mean_h_edges,5.9045
profile,9,0.0005,2,mean_degree,2.21932
profile,9,0.0005,2,max_degree,12
profile,9,0.0005,2,frac_intersect,0.285741
profile,9,0.0005,2,frac_h_build,0.0316255
profile,9,0.0005,2,frac_mwpm_build,0.154531
profile,9,0.0005,2,frac_blossom_on_h,0.339288
profile,9,0.0005,2,frac_harvest,0.0827744
profile,9,0.0005,2,residual_density,9.39673e-05
profile,9,0.0005,2,q,0.0005
profile,9,0.0005,2,residual_tie_rate,0
profile,9,0.0005,2,pairing_tie_rate,0
profile,9,0.0005,2,mean_restarts,0
profile,9,0.0005,2,isect_mode_bitset,1
profile,9,0.0005,2,isect_bytes,679.231
profile,9,0.0005,2,isect_scan_bytes,407.388
profile,9,0.0005,2,isect_hit_bytes,271.843
profile,9,0.0005,2,isect_bytes_other_mode,5828.71
profile,9,0.0005,2,isect_bytes_per_defect,127.651
profile,9,0.0005,2,isect_scan_bytes_per_defect,76.5623
profile,9,0.0005,2,isect_hit_bytes_per_defect,51.0887
profile,9,0.0005,2,isect_bytes_other_mode_per_defect,1095.42
profile,9,0.0005,2,max_isect_bytes,4034
profile,9,0.0005,2,max_isect_scan_bytes,1832
profile,9,0.0005,2,max_isect_hit_bytes,2448
profile,9,0.0005,2,max_isect_bytes_other_mode,26984
profile,9,0.0005,2,p99_isect_bytes,2772
profile,9,0.0005,2,p999_isect_bytes,3648
profile,9,0.0005,2,hbld_edges_written,9.088
profile,9,0.0005,2,max_hbld_edges_written,77
profile,9,0.0005,2,p99_hbld_edges_written,47
profile,9,0.0005,2,p999_hbld_edges_written,70
profile,9,0.0005,2,h_max_degree,12
profile,9,0.0005,2,mwpm_init_elements,22.366
profile,9,0.0005,2,mwpm_init_node_elements,7.3735
profile,9,0.0005,2,mwpm_init_edge_elements,14.9925
profile,9,0.0005,2,max_mwpm_init_elements,157
profile,9,0.0005,2,p99_mwpm_init_elements,100
profile,9,0.0005,2,p999_mwpm_init_elements,149
profile,9,0.001,1.5,mean_total_ns,4427.99
profile,9,0.001,1.5,mean_g_reference_ns,2684.24
profile,9,0.001,1.5,speedup_vs_m1,0.606197
profile,9,0.001,1.5,mean_stock_ns,2371.73
profile,9,0.001,1.5,p50_total_ns,3777
profile,9,0.001,1.5,p99_total_ns,13666
profile,9,0.001,1.5,p999_total_ns,33494
profile,9,0.001,1.5,mean_h_nodes,10.563
profile,9,0.001,1.5,mean_h_edges,10.83
profile,9,0.001,1.5,mean_degree,2.05055
profile,9,0.001,1.5,max_degree,11
profile,9,0.001,1.5,frac_intersect,0.328095
profile,9,0.001,1.5,frac_h_build,0.0276793
profile,9,0.001,1.5,frac_mwpm_build,0.139556
profile,9,0.001,1.5,frac_blossom_on_h,0.364418
profile,9,0.001,1.5,frac_harvest,0.0725614
profile,9,0.001,1.5,residual_density,0.000331345
profile,9,0.001,1.5,q,0.003
profile,9,0.001,1.5,residual_tie_rate,0
profile,9,0.001,1.5,pairing_tie_rate,0
profile,9,0.001,1.5,mean_restarts,0
profile,9,0.001,1.5,isect_mode_bitset,1
profile,9,0.001,1.5,isect_bytes,1370.14
profile,9,0.001,1.5,isect_scan_bytes,812.48
profile,9,0.001,1.5,isect_hit_bytes,557.661
profile,9,0.001,1.5,isect_bytes_other_mode,5956.92
profile,9,0.001,1.5,isect_bytes_per_defect,129.711
profile,9,0.001,1.5,isect_scan_bytes_per_defect,76.9175
profile,9,0.001,1.5,isect_hit_bytes_per_defect,52.7938
profile,9,0.001,1.5,isect_bytes_other_mode_per_defect,563.942
profile,9,0.001,1.5,max_isect_bytes,6360
profile,9,0.001,1.5,max_isect_scan_bytes,2576
profile,9,0.001,1.5,max_isect_hit_bytes,3784
profile,9,0.001,1.5,max_isect_bytes_other_mode,18944
profile,9,0.001,1.5,p99_isect_bytes,3843
profile,9,0.001,1.5,p999_isect_bytes,5226
profile,9,0.001,1.5,hbld_edges_written,14.201
profile,9,0.001,1.5,max_hbld_edges_written,88
profile,9,0.001,1.5,p99_hbld_edges_written,50
profile,9,0.001,1.5,p999_hbld_edges_written,75
profile,9,0.001,1.5,h_max_degree,11
profile,9,0.001,1.5,mwpm_init_elements,38.321
profile,9,0.001,1.5,mwpm_init_node_elements,13.29
profile,9,0.001,1.5,mwpm_init_edge_elements,25.031
profile,9,0.001,1.5,max_mwpm_init_elements,197
profile,9,0.001,1.5,p99_mwpm_init_elements,114
profile,9,0.001,1.5,p999_mwpm_init_elements,168
profile,9,0.001,2,mean_total_ns,4828.91
profile,9,0.001,2,mean_g_reference_ns,2754.65
profile,9,0.001,2,speedup_vs_m1,0.570449
profile,9,0.001,2,mean_stock_ns,2371.73
profile,9,0.001,2,p50_total_ns,4008
profile,9,0.001,2,p99_total_ns,17222
profile,9,0.001,2,p999_total_ns,42731
profile,9,0.001,2,mean_h_nodes,10.563
profile,9,0.001,2,mean_h_edges,16.998
profile,9,0.001,2,mean_degree,3.2184
profile,9,0.001,2,max_degree,18
profile,9,0.001,2,frac_intersect,0.290289
profile,9,0.001,2,frac_h_build,0.0422861
profile,9,0.001,2,frac_mwpm_build,0.162715
profile,9,0.001,2,frac_blossom_on_h,0.371248
profile,9,0.001,2,frac_harvest,0.066711
profile,9,0.001,2,residual_density,0
profile,9,0.001,2,q,0
profile,9,0.001,2,residual_tie_rate,0
profile,9,0.001,2,pairing_tie_rate,0
profile,9,0.001,2,mean_restarts,0
profile,9,0.001,2,isect_mode_bitset,1
profile,9,0.001,2,isect_bytes,1522.66
profile,9,0.001,2,isect_scan_bytes,812.48
profile,9,0.001,2,isect_hit_bytes,710.181
profile,9,0.001,2,isect_bytes_other_mode,11771.1
profile,9,0.001,2,isect_bytes_per_defect,144.15
profile,9,0.001,2,isect_scan_bytes_per_defect,76.9175
profile,9,0.001,2,isect_hit_bytes_per_defect,67.2329
profile,9,0.001,2,isect_bytes_other_mode_per_defect,1114.37
profile,9,0.001,2,max_isect_bytes,7524
profile,9,0.001,2,max_isect_scan_bytes,2576
profile,9,0.001,2,max_isect_hit_bytes,4948
profile,9,0.001,2,max_isect_bytes_other_mode,37712
profile,9,0.001,2,p99_isect_bytes,4374
profile,9,0.001,2,p999_isect_bytes,6262
profile,9,0.001,2,hbld_edges_written,23.321
profile,9,0.001,2,max_hbld_edges_written,159
profile,9,0.001,2,p99_hbld_edges_written,81
profile,9,0.001,2,p999_hbld_edges_written,132
profile,9,0.001,2,h_max_degree,18
profile,9,0.001,2,mwpm_init_elements,53.609
profile,9,0.001,2,mwpm_init_node_elements,13.29
profile,9,0.001,2,mwpm_init_edge_elements,40.319
profile,9,0.001,2,max_mwpm_init_elements,328
profile,9,0.001,2,p99_mwpm_init_elements,173
profile,9,0.001,2,p999_mwpm_init_elements,278
profile,11,0.0001,1.5,mean_total_ns,1186.23
profile,11,0.0001,1.5,mean_g_reference_ns,577.287
profile,11,0.0001,1.5,speedup_vs_m1,0.486656
profile,11,0.0001,1.5,mean_stock_ns,434.082
profile,11,0.0001,1.5,p50_total_ns,781
profile,11,0.0001,1.5,p99_total_ns,5971
profile,11,0.0001,1.5,p999_total_ns,14828
profile,11,0.0001,1.5,mean_h_nodes,1.874
profile,11,0.0001,1.5,mean_h_edges,1.104
profile,11,0.0001,1.5,mean_degree,1.17823
profile,11,0.0001,1.5,max_degree,6
profile,11,0.0001,1.5,frac_intersect,0.310168
profile,11,0.0001,1.5,frac_h_build,0.0280228
profile,11,0.0001,1.5,frac_mwpm_build,0.149695
profile,11,0.0001,1.5,frac_blossom_on_h,0.210715
profile,11,0.0001,1.5,frac_harvest,0.115429
profile,11,0.0001,1.5,residual_density,0.000266809
profile,11,0.0001,1.5,q,0.0005
profile,11,0.0001,1.5,residual_tie_rate,0
profile,11,0.0001,1.5,pairing_tie_rate,0
profile,11,0.0001,1.5,mean_restarts,0
profile,11,0.0001,1.5,isect_mode_bitset,1
profile,11,0.0001,1.5,isect_bytes,269.258
profile,11,0.0001,1.5,isect_scan_bytes,213.908
profile,11,0.0001,1.5,isect_hit_bytes,55.35
profile,11,0.0001,1.5,isect_bytes_other_mode,1107.09
profile,11,0.0001,1.5,isect_bytes_per_defect,143.681
profile,11,0.0001,1.5,isect_scan_bytes_per_defect,114.145
profile,11,0.0001,1.5,isect_hit_bytes_per_defect,29.5358
profile,11,0.0001,1.5,isect_bytes_other_mode_per_defect,590.762
profile,11,0.0001,1.5,max_isect_bytes,1876
profile,11,0.0001,1.5,max_isect_scan_bytes,1288
profile,11,0.0001,1.5,max_isect_hit_bytes,604
profile,11,0.0001,1.5,max_isect_bytes_other_mode,7392
profile,11,0.0001,1.5,p99_isect_bytes,1320
profile,11,0.0001,1.5,p999_isect_bytes,1722
profile,11,0.0001,1.5,hbld_edges_written,1.5895
profile,11,0.0001,1.5,max_hbld_edges_written,18
profile,11,0.0001,1.5,p99_hbld_edges_written,10
profile,11,0.0001,1.5,p999_hbld_edges_written,16
profile,11,0.0001,1.5,h_max_degree,6
profile,11,0.0001,1.5,mwpm_init_elements,5.7135
profile,11,0.0001,1.5,mwpm_init_node_elements,3.02
profile,11,0.0001,1.5,mwpm_init_edge_elements,2.6935
profile,11,0.0001,1.5,max_mwpm_init_elements,40
profile,11,0.0001,1.5,p99_mwpm_init_elements,27
profile,11,0.0001,1.5,p999_mwpm_init_elements,40
profile,11,0.0001,2,mean_total_ns,1109.63
profile,11,0.0001,2,mean_g_reference_ns,544.523
profile,11,0.0001,2,speedup_vs_m1,0.490724
profile,11,0.0001,2,mean_stock_ns,434.082
profile,11,0.0001,2,p50_total_ns,782
profile,11,0.0001,2,p99_total_ns,4759
profile,11,0.0001,2,p999_total_ns,11372
profile,11,0.0001,2,mean_h_nodes,1.874
profile,11,0.0001,2,mean_h_edges,1.3045
profile,11,0.0001,2,mean_degree,1.39221
profile,11,0.0001,2,max_degree,8
profile,11,0.0001,2,frac_intersect,0.294847
profile,11,0.0001,2,frac_h_build,0.0314879
profile,11,0.0001,2,frac_mwpm_build,0.14228
profile,11,0.0001,2,frac_blossom_on_h,0.233277
profile,11,0.0001,2,frac_harvest,0.113838
profile,11,0.0001,2,residual_density,0
profile,11,0.0001,2,q,0
profile,11,0.0001,2,residual_tie_rate,0
profile,11,0.0001,2,pairing_tie_rate,0
profile,11,0.0001,2,mean_restarts,0
profile,11,0.0001,2,isect_mode_bitset,1
profile,11,0.0001,2,isect_bytes,280.514
profile,11,0.0001,2,isect_scan_bytes,213.908
profile,11,0.0001,2,isect_hit_bytes,66.606
profile,11,0.0001,2,isect_bytes_other_mode,2195.72
profile,11,0.0001,2,isect_bytes_per_defect,149.687
profile,11,0.0001,2,isect_scan_bytes_per_defect,114.145
profile,11,0.0001,2,isect_hit_bytes_per_defect,35.5422
profile,11,0.0001,2,isect_bytes_other_mode_per_defect,1171.68
profile,11,0.0001,2,max_isect_bytes,2108
profile,11,0.0001,2,max_isect_scan_bytes,1288
profile,11,0.0001,2,max_isect_hit_bytes,836
profile,11,0.0001,2,max_isect_bytes_other_mode,14936
profile,11,0.0001,2,p99_isect_bytes,1408
profile,11,0.0001,2,p999_isect_bytes,1850
profile,11,0.0001,2,hbld_edges_written,2.2485
profile,11,0.0001,2,max_hbld_edges_written,28
profile,11,0.0001,2,p99_hbld_edges_written,16
profile,11,0.0001,2,p999_hbld_edges_written,23
profile,11,0.0001,2,h_max_degree,8
profile,11,0.0001,2,mwpm_init_elements,6.573
profile,11,0.0001,2,mwpm_init_node_elements,3.02
profile,11,0.0001,2,mwpm_init_edge_elements,3.553
profile,11,0.0001,2,max_mwpm_init_elements,60
profile,11,0.0001,2,p99_mwpm_init_elements,34
profile,11,0.0001,2,p999_mwpm_init_elements,48
profile,11,0.0003,1.5,mean_total_ns,2601.21
profile,11,0.0003,1.5,mean_g_reference_ns,1499.21
profile,11,0.0003,1.5,speedup_vs_m1,0.576352
profile,11,0.0003,1.5,mean_stock_ns,1301.61
profile,11,0.0003,1.5,p50_total_ns,2174
profile,11,0.0003,1.5,p99_total_ns,8987
profile,11,0.0003,1.5,p999_total_ns,24446
profile,11,0.0003,1.5,mean_h_nodes,6.0605
profile,11,0.0003,1.5,mean_h_edges,4.2075
profile,11,0.0003,1.5,mean_degree,1.3885
profile,11,0.0003,1.5,max_degree,7
profile,11,0.0003,1.5,frac_intersect,0.359104
profile,11,0.0003,1.5,frac_h_build,0.0265972
profile,11,0.0003,1.5,frac_mwpm_build,0.131318
profile,11,0.0003,1.5,frac_blossom_on_h,0.301594
profile,11,0.0003,1.5,frac_harvest,0.0827503
profile,11,0.0003,1.5,residual_density,8.25014e-05
profile,11,0.0003,1.5,q,0.0005
profile,11,0.0003,1.5,residual_tie_rate,0
profile,11,0.0003,1.5,pairing_tie_rate,0
profile,11,0.0003,1.5,mean_restarts,0
profile,11,0.0003,1.5,isect_mode_bitset,1
profile,11,0.0003,1.5,isect_bytes,903.287
profile,11,0.0003,1.5,isect_scan_bytes,691.84
profile,11,0.0003,1.5,isect_hit_bytes,211.446
profile,11,0.0003,1.5,isect_bytes_other_mode,3570.12
profile,11,0.0003,1.5,isect_bytes_per_defect,149.045
profile,11,0.0003,1.5,isect_scan_bytes_per_defect,114.156
profile,11,0.0003,1.5,isect_hit_bytes_per_defect,34.8893
profile,11,0.0003,1.5,isect_bytes_other_mode_per_defect,589.079
profile,11,0.0003,1.5,max_isect_bytes,4732
profile,11,0.0003,1.5,max_isect_scan_bytes,3296
profile,11,0.0003,1.5,max_isect_hit_bytes,1491
profile,11,0.0003,1.5,max_isect_bytes_other_mode,17824
profile,11,0.0003,1.5,p99_isect_bytes,2734
profile,11,0.0003,1.5,p999_isect_bytes,4235
profile,11,0.0003,1.5,hbld_edges_written,5.7635
profile,11,0.0003,1.5,max_hbld_edges_written,37
profile,11,0.0003,1.5,p99_hbld_edges_written,24
profile,11,0.0003,1.5,p999_hbld_edges_written,35
profile,11,0.0003,1.5,h_max_degree,7
profile,11,0.0003,1.5,mwpm_init_elements,18.241
profile,11,0.0003,1.5,mwpm_init_node_elements,8.27
profile,11,0.0003,1.5,mwpm_init_edge_elements,9.971
profile,11,0.0003,1.5,max_mwpm_init_elements,95
profile,11,0.0003,1.5,p99_mwpm_init_elements,57
profile,11,0.0003,1.5,p999_mwpm_init_elements,85
profile,11,0.0003,2,mean_total_ns,3059.41
profile,11,0.0003,2,mean_g_reference_ns,1741.29
profile,11,0.0003,2,speedup_vs_m1,0.569157
profile,11,0.0003,2,mean_stock_ns,1301.61
profile,11,0.0003,2,p50_total_ns,2455
profile,11,0.0003,2,p99_total_ns,11913
profile,11,0.0003,2,p999_total_ns,30368
profile,11,0.0003,2,mean_h_nodes,6.0605
profile,11,0.0003,2,mean_h_edges,5.6035
profile,11,0.0003,2,mean_degree,1.84919
profile,11,0.0003,2,max_degree,11
profile,11,0.0003,2,frac_intersect,0.382838
profile,11,0.0003,2,frac_h_build,0.0236441
profile,11,0.0003,2,frac_mwpm_build,0.149305
profile,11,0.0003,2,frac_blossom_on_h,0.282065
profile,11,0.0003,2,frac_harvest,0.071128
profile,11,0.0003,2,residual_density,0
profile,11,0.0003,2,q,0
profile,11,0.0003,2,residual_tie_rate,0
profile,11,0.0003,2,pairing_tie_rate,0
profile,11,0.0003,2,mean_restarts,0
profile,11,0.0003,2,isect_mode_bitset,1
profile,11,0.0003,2,isect_bytes,951.506
profile,11,0.0003,2,isect_scan_bytes,691.84
profile,11,0.0003,2,isect_hit_bytes,259.666
profile,11,0.0003,2,isect_bytes_other_mode,7103.99
profile,11,0.0003,2,isect_bytes_per_defect,157.001
profile,11,0.0003,2,isect_scan_bytes_per_defect,114.156
profile,11,0.0003,2,isect_hit_bytes_per_defect,42.8457
profile,11,0.0003,2,isect_bytes_other_mode_per_defect,1172.18
profile,11,0.0003,2,max_isect_bytes,5044
profile,11,0.0003,2,max_isect_scan_bytes,3296
profile,11,0.0003,2,max_isect_hit_bytes,1947
profile,11,0.0003,2,max_isect_bytes_other_mode,34304
profile,11,0.0003,2,p99_isect_bytes,2991
profile,11,0.0003,2,p999_isect_bytes,4691
profile,11,0.0003,2,hbld_edges_written,8.632
profile,11,0.0003,2,max_hbld_edges_written,62
profile,11,0.0003,2,p99_hbld_edges_written,37
profile,11,0.0003,2,p999_hbld_edges_written,56
profile,11,0.0003,2,h_max_degree,11
profile,11,0.0003,2,mwpm_init_elements,22.5055
profile,11,0.0003,2,mwpm_init_node_elements,8.27
profile,11,0.0003,2,mwpm_init_edge_elements,14.2355
profile,11,0.0003,2,max_mwpm_init_elements,135
profile,11,0.0003,2,p99_mwpm_init_elements,82
profile,11,0.0003,2,p999_mwpm_init_elements,128
profile,11,0.0005,1.5,mean_total_ns,4314.71
profile,11,0.0005,1.5,mean_g_reference_ns,2536.88
profile,11,0.0005,1.5,speedup_vs_m1,0.587962
profile,11,0.0005,1.5,mean_stock_ns,2190.11
profile,11,0.0005,1.5,p50_total_ns,3657
profile,11,0.0005,1.5,p99_total_ns,13165
profile,11,0.0005,1.5,p999_total_ns,26400
profile,11,0.0005,1.5,mean_h_nodes,10.031
profile,11,0.0005,1.5,mean_h_edges,8.1165
profile,11,0.0005,1.5,mean_degree,1.61828
profile,11,0.0005,1.5,max_degree,9
profile,11,0.0005,1.5,frac_intersect,0.397047
profile,11,0.0005,1.5,frac_h_build,0.0214464
profile,11,0.0005,1.5,frac_mwpm_build,0.127925
profile,11,0.0005,1.5,frac_blossom_on_h,0.315802
profile,11,0.0005,1.5,frac_harvest,0.07116
profile,11,0.0005,1.5,residual_density,4.98455e-05
profile,11,0.0005,1.5,q,0.0005
profile,11,0.0005,1.5,residual_tie_rate,0
profile,11,0.0005,1.5,pairing_tie_rate,0
profile,11,0.0005,1.5,mean_restarts,0
profile,11,0.0005,1.5,isect_mode_bitset,1
profile,11,0.0005,1.5,isect_bytes,1600.75
profile,11,0.0005,1.5,isect_scan_bytes,1197.99
profile,11,0.0005,1.5,isect_hit_bytes,402.757
profile,11,0.0005,1.5,isect_bytes_other_mode,5984.99
profile,11,0.0005,1.5,isect_bytes_per_defect,159.58
profile,11,0.0005,1.5,isect_scan_bytes_per_defect,119.429
profile,11,0.0005,1.5,isect_hit_bytes_per_defect,40.1512
profile,11,0.0005,1.5,isect_bytes_other_mode_per_defect,596.65
profile,11,0.0005,1.5,max_isect_bytes,5208
profile,11,0.0005,1.5,max_isect_scan_bytes,3312
profile,11,0.0005,1.5,max_isect_hit_bytes,1896
profile,11,0.0005,1.5,max_isect_bytes_other_mode,17296
profile,11,0.0005,1.5,p99_isect_bytes,4167
profile,11,0.0005,1.5,p999_isect_bytes,4963
profile,11,0.0005,1.5,hbld_edges_written,10.669
profile,11,0.0005,1.5,max_hbld_edges_written,49
profile,11,0.0005,1.5,p99_hbld_edges_written,36
profile,11,0.0005,1.5,p999_hbld_edges_written,48
profile,11,0.0005,1.5,h_max_degree,9
profile,11,0.0005,1.5,mwpm_init_elements,31.661
profile,11,0.0005,1.5,mwpm_init_node_elements,12.8755
profile,11,0.0005,1.5,mwpm_init_edge_elements,18.7855
profile,11,0.0005,1.5,max_mwpm_init_elements,117
profile,11,0.0005,1.5,p99_mwpm_init_elements,88
profile,11,0.0005,1.5,p999_mwpm_init_elements,113
profile,11,0.0005,2,mean_total_ns,5032.48
profile,11,0.0005,2,mean_g_reference_ns,3062.84
profile,11,0.0005,2,speedup_vs_m1,0.608615
profile,11,0.0005,2,mean_stock_ns,2190.11
profile,11,0.0005,2,p50_total_ns,4117
profile,11,0.0005,2,p99_total_ns,16522
profile,11,0.0005,2,p999_total_ns,48311
profile,11,0.0005,2,mean_h_nodes,10.031
profile,11,0.0005,2,mean_h_edges,11.4395
profile,11,0.0005,2,mean_degree,2.28083
profile,11,0.0005,2,max_degree,12
profile,11,0.0005,2,frac_intersect,0.39593
profile,11,0.0005,2,frac_h_build,0.0260759
profile,11,0.0005,2,frac_mwpm_build,0.14889
profile,11,0.0005,2,frac_blossom_on_h,0.309799
profile,11,0.0005,2,frac_harvest,0.0609191
profile,11,0.0005,2,residual_density,0
profile,11,0.0005,2,q,0
profile,11,0.0005,2,residual_tie_rate,0
profile,11,0.0005,2,pairing_tie_rate,0
profile,11,0.0005,2,mean_restarts,0
profile,11,0.0005,2,isect_mode_bitset,1
profile,11,0.0005,2,isect_bytes,1695.86
profile,11,0.0005,2,isect_scan_bytes,1197.99
profile,11,0.0005,2,isect_hit_bytes,497.863
profile,11,0.0005,2,isect_bytes_other_mode,11927.6
profile,11,0.0005,2,isect_bytes_per_defect,169.061
profile,11,0.0005,2,isect_scan_bytes_per_defect,119.429
profile,11,0.0005,2,isect_hit_bytes_per_defect,49.6324
profile,11,0.0005,2,isect_bytes_other_mode_per_defect,1189.08
profile,11,0.0005,2,max_isect_bytes,5680
profile,11,0.0005,2,max_isect_scan_bytes,3312
profile,11,0.0005,2,max_isect_hit_bytes,2432
profile,11,0.0005,2,max_isect_bytes_other_mode,34768
profile,11,0.0005,2,p99_isect_bytes,4460
profile,11,0.0005,2,p999_isect_bytes,5393
profile,11,0.0005,2,hbld_edges_written,16.3715
profile,11,0.0005,2,max_hbld_edges_written,77
profile,11,0.0005,2,p99_hbld_edges_written,55
profile,11,0.0005,2,p999_hbld_edges_written,77
profile,11,0.0005,2,h_max_degree,12
profile,11,0.0005,2,mwpm_init_elements,40.6865
profile,11,0.0005,2,mwpm_init_node_elements,12.8755
profile,11,0.0005,2,mwpm_init_edge_elements,27.811
profile,11,0.0005,2,max_mwpm_init_elements,167
profile,11,0.0005,2,p99_mwpm_init_elements,122
profile,11,0.0005,2,p999_mwpm_init_elements,160
profile,11,0.001,1.5,mean_total_ns,10478.3
profile,11,0.001,1.5,mean_g_reference_ns,6204.48
profile,11,0.001,1.5,speedup_vs_m1,0.592128
profile,11,0.001,1.5,mean_stock_ns,5166.06
profile,11,0.001,1.5,p50_total_ns,9568
profile,11,0.001,1.5,p99_total_ns,28514
profile,11,0.001,1.5,p999_total_ns,46197
profile,11,0.001,1.5,mean_h_nodes,19.8745
profile,11,0.001,1.5,mean_h_edges,21.5575
profile,11,0.001,1.5,mean_degree,2.16936
profile,11,0.001,1.5,max_degree,12
profile,11,0.001,1.5,frac_intersect,0.456917
profile,11,0.001,1.5,frac_h_build,0.0240135
profile,11,0.001,1.5,frac_mwpm_build,0.122145
profile,11,0.001,1.5,frac_blossom_on_h,0.299113
profile,11,0.001,1.5,frac_harvest,0.0589612
profile,11,0.001,1.5,residual_density,0.000377368
profile,11,0.001,1.5,q,0.007
profile,11,0.001,1.5,residual_tie_rate,0
profile,11,0.001,1.5,pairing_tie_rate,0
profile,11,0.001,1.5,mean_restarts,0
profile,11,0.001,1.5,isect_mode_bitset,1
profile,11,0.001,1.5,isect_bytes,3454.07
profile,11,0.001,1.5,isect_scan_bytes,2377.95
profile,11,0.001,1.5,isect_hit_bytes,1076.12
profile,11,0.001,1.5,isect_bytes_other_mode,11898.5
profile,11,0.001,1.5,isect_bytes_per_defect,173.794
profile,11,0.001,1.5,isect_scan_bytes_per_defect,119.648
profile,11,0.001,1.5,isect_hit_bytes_per_defect,54.1457
profile,11,0.001,1.5,isect_bytes_other_mode_per_defect,598.684
profile,11,0.001,1.5,max_isect_bytes,10001
profile,11,0.001,1.5,max_isect_scan_bytes,5384
profile,11,0.001,1.5,max_isect_hit_bytes,4625
profile,11,0.001,1.5,max_isect_bytes_other_mode,29224
profile,11,0.001,1.5,p99_isect_bytes,7597
profile,11,0.001,1.5,p999_isect_bytes,8829
profile,11,0.001,1.5,hbld_edges_written,26.7325
profile,11,0.001,1.5,max_hbld_edges_written,108
profile,11,0.001,1.5,p99_hbld_edges_written,75
profile,11,0.001,1.5,p999_hbld_edges_written,94
profile,11,0.001,1.5,h_max_degree,12
profile,11,0.001,1.5,mwpm_init_elements,72.1515
profile,11,0.001,1.5,mwpm_init_node_elements,23.8615
profile,11,0.001,1.5,mwpm_init_edge_elements,48.29
profile,11,0.001,1.5,max_mwpm_init_elements,251
profile,11,0.001,1.5,p99_mwpm_init_elements,177
profile,11,0.001,1.5,p999_mwpm_init_elements,212
profile,11,0.001,2,mean_total_ns,10693.8
profile,11,0.001,2,mean_g_reference_ns,5917.15
profile,11,0.001,2,speedup_vs_m1,0.553325
profile,11,0.001,2,mean_stock_ns,5166.06
profile,11,0.001,2,p50_total_ns,9719
profile,11,0.001,2,p99_total_ns,31760
profile,11,0.001,2,p999_total_ns,55586
profile,11,0.001,2,mean_h_nodes,19.8745
profile,11,0.001,2,mean_h_edges,34.4045
profile,11,0.001,2,mean_degree,3.46218
profile,11,0.001,2,max_degree,16
profile,11,0.001,2,frac_intersect,0.388895
profile,11,0.001,2,frac_h_build,0.0417423
profile,11,0.001,2,frac_mwpm_build,0.153168
profile,11,0.001,2,frac_blossom_on_h,0.322544
profile,11,0.001,2,frac_harvest,0.0567263
profile,11,0.001,2,residual_density,0
profile,11,0.001,2,q,0
profile,11,0.001,2,residual_tie_rate,0
profile,11,0.001,2,pairing_tie_rate,0
profile,11,0.001,2,mean_restarts,0
profile,11,0.001,2,isect_mode_bitset,1
profile,11,0.001,2,isect_bytes,3744.22
profile,11,0.001,2,isect_scan_bytes,2377.95
profile,11,0.001,2,isect_hit_bytes,1366.28
profile,11,0.001,2,isect_bytes_other_mode,23985.9
profile,11,0.001,2,isect_bytes_per_defect,188.393
profile,11,0.001,2,isect_scan_bytes_per_defect,119.648
profile,11,0.001,2,isect_hit_bytes_per_defect,68.7452
profile,11,0.001,2,isect_bytes_other_mode_per_defect,1206.87
profile,11,0.001,2,max_isect_bytes,11249
profile,11,0.001,2,max_isect_scan_bytes,5384
profile,11,0.001,2,max_isect_hit_bytes,5873
profile,11,0.001,2,max_isect_bytes_other_mode,58616
profile,11,0.001,2,p99_isect_bytes,8582
profile,11,0.001,2,p999_isect_bytes,9973
profile,11,0.001,2,hbld_edges_written,44.2965
profile,11,0.001,2,max_hbld_edges_written,185
profile,11,0.001,2,p99_hbld_edges_written,133
profile,11,0.001,2,p999_hbld_edges_written,153
profile,11,0.001,2,h_max_degree,16
profile,11,0.001,2,mwpm_init_elements,102.562
profile,11,0.001,2,mwpm_init_node_elements,23.8615
profile,11,0.001,2,mwpm_init_edge_elements,78.701
profile,11,0.001,2,max_mwpm_init_elements,397
profile,11,0.001,2,p99_mwpm_init_elements,286
profile,11,0.001,2,p999_mwpm_init_elements,330
profile,13,0.0001,1.5,mean_total_ns,1723.27
profile,13,0.0001,1.5,mean_g_reference_ns,930.559
profile,13,0.0001,1.5,speedup_vs_m1,0.539997
profile,13,0.0001,1.5,mean_stock_ns,863.928
profile,13,0.0001,1.5,p50_total_ns,1402
profile,13,0.0001,1.5,p99_total_ns,6703
profile,13,0.0001,1.5,p999_total_ns,17113
profile,13,0.0001,1.5,mean_h_nodes,3.3365
profile,13,0.0001,1.5,mean_h_edges,1.897
profile,13,0.0001,1.5,mean_degree,1.13712
profile,13,0.0001,1.5,max_degree,7
profile,13,0.0001,1.5,frac_intersect,0.389011
profile,13,0.0001,1.5,frac_h_build,0.0229195
profile,13,0.0001,1.5,frac_mwpm_build,0.12804
profile,13,0.0001,1.5,frac_blossom_on_h,0.238272
profile,13,0.0001,1.5,frac_harvest,0.0913889
profile,13,0.0001,1.5,residual_density,0
profile,13,0.0001,1.5,q,0
profile,13,0.0001,1.5,residual_tie_rate,0
profile,13,0.0001,1.5,pairing_tie_rate,0.0005
profile,13,0.0001,1.5,mean_restarts,0
profile,13,0.0001,1.5,isect_mode_bitset,1
profile,13,0.0001,1.5,isect_bytes,634.375
profile,13,0.0001,1.5,isect_scan_bytes,542.504
profile,13,0.0001,1.5,isect_hit_bytes,91.8705
profile,13,0.0001,1.5,isect_bytes_other_mode,2054.46
profile,13,0.0001,1.5,isect_bytes_per_defect,190.132
profile,13,0.0001,1.5,isect_scan_bytes_per_defect,162.597
profile,13,0.0001,1.5,isect_hit_bytes_per_defect,27.535
profile,13,0.0001,1.5,isect_bytes_other_mode_per_defect,615.752
profile,13,0.0001,1.5,max_isect_bytes,3680
profile,13,0.0001,1.5,max_isect_scan_bytes,2840
profile,13,0.0001,1.5,max_isect_hit_bytes,1304
profile,13,0.0001,1.5,max_isect_bytes_other_mode,11200
profile,13,0.0001,1.5,p99_isect_bytes,2437
profile,13,0.0001,1.5,p999_isect_bytes,3208
profile,13,0.0001,1.5,hbld_edges_written,2.6255
profile,13,0.0001,1.5,max_hbld_edges_written,33
profile,13,0.0001,1.5,p99_hbld_edges_written,13
profile,13,0.0001,1.5,p999_hbld_edges_written,18
profile,13,0.0001,1.5,h_max_degree,7
profile,13,0.0001,1.5,mwpm_init_elements,9.507
profile,13,0.0001,1.5,mwpm_init_node_elements,4.9845
profile,13,0.0001,1.5,mwpm_init_edge_elements,4.5225
profile,13,0.0001,1.5,max_mwpm_init_elements,79
profile,13,0.0001,1.5,p99_mwpm_init_elements,33
profile,13,0.0001,1.5,p999_mwpm_init_elements,47
profile,13,0.0001,2,mean_total_ns,1859.37
profile,13,0.0001,2,mean_g_reference_ns,988.961
profile,13,0.0001,2,speedup_vs_m1,0.53188
profile,13,0.0001,2,mean_stock_ns,863.928
profile,13,0.0001,2,p50_total_ns,1463
profile,13,0.0001,2,p99_total_ns,7284
profile,13,0.0001,2,p999_total_ns,18656
profile,13,0.0001,2,mean_h_nodes,3.3365
profile,13,0.0001,2,mean_h_edges,2.2215
profile,13,0.0001,2,mean_degree,1.33163
profile,13,0.0001,2,max_degree,9
profile,13,0.0001,2,frac_intersect,0.397402
profile,13,0.0001,2,frac_h_build,0.0229051
profile,13,0.0001,2,frac_mwpm_build,0.13849
profile,13,0.0001,2,frac_blossom_on_h,0.235675
profile,13,0.0001,2,frac_harvest,0.084362
profile,13,0.0001,2,residual_density,0
profile,13,0.0001,2,q,0
profile,13,0.0001,2,residual_tie_rate,0
profile,13,0.0001,2,pairing_tie_rate,0.0005
profile,13,0.0001,2,mean_restarts,0
profile,13,0.0001,2,isect_mode_bitset,1
profile,13,0.0001,2,isect_bytes,651.63
profile,13,0.0001,2,isect_scan_bytes,542.504
profile,13,0.0001,2,isect_hit_bytes,109.126
profile,13,0.0001,2,isect_bytes_other_mode,4117.92
profile,13,0.0001,2,isect_bytes_per_defect,195.304
profile,13,0.0001,2,isect_scan_bytes_per_defect,162.597
profile,13,0.0001,2,isect_hit_bytes_per_defect,32.7069
profile,13,0.0001,2,isect_bytes_other_mode_per_defect,1234.2
profile,13,0.0001,2,max_isect_bytes,4000
profile,13,0.0001,2,max_isect_scan_bytes,2840
profile,13,0.0001,2,max_isect_hit_bytes,1624
profile,13,0.0001,2,max_isect_bytes_other_mode,23208
profile,13,0.0001,2,p99_isect_bytes,2533
profile,13,0.0001,2,p999_isect_bytes,3472
profile,13,0.0001,2,hbld_edges_written,3.6425
profile,13,0.0001,2,max_hbld_edges_written,53
profile,13,0.0001,2,p99_hbld_edges_written,20
profile,13,0.0001,2,p999_hbld_edges_written,29
profile,13,0.0001,2,h_max_degree,9
profile,13,0.0001,2,mwpm_init_elements,10.8485
profile,13,0.0001,2,mwpm_init_node_elements,4.9845
profile,13,0.0001,2,mwpm_init_edge_elements,5.864
profile,13,0.0001,2,max_mwpm_init_elements,114
profile,13,0.0001,2,p99_mwpm_init_elements,44
profile,13,0.0001,2,p999_mwpm_init_elements,68
profile,13,0.0003,1.5,mean_total_ns,4820.16
profile,13,0.0003,1.5,mean_g_reference_ns,2884.65
profile,13,0.0003,1.5,speedup_vs_m1,0.598455
profile,13,0.0003,1.5,mean_stock_ns,2487.14
profile,13,0.0003,1.5,p50_total_ns,4108
profile,13,0.0003,1.5,p99_total_ns,15730
profile,13,0.0003,1.5,p999_total_ns,35518
profile,13,0.0003,1.5,mean_h_nodes,10.023
profile,13,0.0003,1.5,mean_h_edges,6.9105
profile,13,0.0003,1.5,mean_degree,1.37893
profile,13,0.0003,1.5,max_degree,8
profile,13,0.0003,1.5,frac_intersect,0.46561
profile,13,0.0003,1.5,frac_h_build,0.0169059
profile,13,0.0003,1.5,frac_mwpm_build,0.120916
profile,13,0.0003,1.5,frac_blossom_on_h,0.27382
profile,13,0.0003,1.5,frac_harvest,0.0629037
profile,13,0.0003,1.5,residual_density,0
profile,13,0.0003,1.5,q,0
profile,13,0.0003,1.5,residual_tie_rate,0
profile,13,0.0003,1.5,pairing_tie_rate,0.0005
profile,13,0.0003,1.5,mean_restarts,0
profile,13,0.0003,1.5,isect_mode_bitset,1
profile,13,0.0003,1.5,isect_bytes,1972.05
profile,13,0.0003,1.5,isect_scan_bytes,1636.48
profile,13,0.0003,1.5,isect_hit_bytes,335.563
profile,13,0.0003,1.5,isect_bytes_other_mode,6189.74
profile,13,0.0003,1.5,isect_bytes_per_defect,196.752
profile,13,0.0003,1.5,isect_scan_bytes_per_defect,163.273
profile,13,0.0003,1.5,isect_hit_bytes_per_defect,33.4793
profile,13,0.0003,1.5,isect_bytes_other_mode_per_defect,617.554
profile,13,0.0003,1.5,max_isect_bytes,8131
profile,13,0.0003,1.5,max_isect_scan_bytes,6048
profile,13,0.0003,1.5,max_isect_hit_bytes,2096
profile,13,0.0003,1.5,max_isect_bytes_other_mode,23824
profile,13,0.0003,1.5,p99_isect_bytes,5072
profile,13,0.0003,1.5,p999_isect_bytes,7043
profile,13,0.0003,1.5,hbld_edges_written,9.043
profile,13,0.0003,1.5,max_hbld_edges_written,52
profile,13,0.0003,1.5,p99_hbld_edges_written,30
profile,13,0.0003,1.5,p999_hbld_edges_written,45
profile,13,0.0003,1.5,h_max_degree,8
profile,13,0.0003,1.5,mwpm_init_elements,28.949
profile,13,0.0003,1.5,mwpm_init_node_elements,12.9955
profile,13,0.0003,1.5,mwpm_init_edge_elements,15.9535
profile,13,0.0003,1.5,max_mwpm_init_elements,135
profile,13,0.0003,1.5,p99_mwpm_init_elements,78
profile,13,0.0003,1.5,p999_mwpm_init_elements,115
profile,13,0.0003,2,mean_total_ns,5031.25
profile,13,0.0003,2,mean_g_reference_ns,2964.9
profile,13,0.0003,2,speedup_vs_m1,0.589298
profile,13,0.0003,2,mean_stock_ns,2487.14
profile,13,0.0003,2,p50_total_ns,4298
profile,13,0.0003,2,p99_total_ns,16200
profile,13,0.0003,2,p999_total_ns,30689
profile,13,0.0003,2,mean_h_nodes,10.023
profile,13,0.0003,2,mean_h_edges,9.182
profile,13,0.0003,2,mean_degree,1.83219
profile,13,0.0003,2,max_degree,12
profile,13,0.0003,2,frac_intersect,0.442188
profile,13,0.0003,2,frac_h_build,0.0212831
profile,13,0.0003,2,frac_mwpm_build,0.136338
profile,13,0.0003,2,frac_blossom_on_h,0.282031
profile,13,0.0003,2,frac_harvest,0.0605538
profile,13,0.0003,2,residual_density,0
profile,13,0.0003,2,q,0
profile,13,0.0003,2,residual_tie_rate,0
profile,13,0.0003,2,pairing_tie_rate,0.0005
profile,13,0.0003,2,mean_restarts,0
profile,13,0.0003,2,isect_mode_bitset,1
profile,13,0.0003,2,isect_bytes,2043.83
profile,13,0.0003,2,isect_scan_bytes,1636.48
profile,13,0.0003,2,isect_hit_bytes,407.345
profile,13,0.0003,2,isect_bytes_other_mode,12487.8
profile,13,0.0003,2,isect_bytes_per_defect,203.914
profile,13,0.0003,2,isect_scan_bytes_per_defect,163.273
profile,13,0.0003,2,isect_hit_bytes_per_defect,40.641
profile,13,0.0003,2,isect_bytes_other_mode_per_defect,1245.92
profile,13,0.0003,2,max_isect_bytes,8579
profile,13,0.0003,2,max_isect_scan_bytes,6048
profile,13,0.0003,2,max_isect_hit_bytes,2648
profile,13,0.0003,2,max_isect_bytes_other_mode,47840
profile,13,0.0003,2,p99_isect_bytes,5307
profile,13,0.0003,2,p999_isect_bytes,7479
profile,13,0.0003,2,hbld_edges_written,13.3525
profile,13,0.0003,2,max_hbld_edges_written,82
profile,13,0.0003,2,p99_hbld_edges_written,46
profile,13,0.0003,2,p999_hbld_edges_written,73
profile,13,0.0003,2,h_max_degree,12
profile,13,0.0003,2,mwpm_init_elements,35.53
profile,13,0.0003,2,mwpm_init_node_elements,12.9955
profile,13,0.0003,2,mwpm_init_edge_elements,22.5345
profile,13,0.0003,2,max_mwpm_init_elements,188
profile,13,0.0003,2,p99_mwpm_init_elements,106
profile,13,0.0003,2,p999_mwpm_init_elements,165
profile,13,0.0005,1.5,mean_total_ns,8379.68
profile,13,0.0005,1.5,mean_g_reference_ns,4986.78
profile,13,0.0005,1.5,speedup_vs_m1,0.595104
profile,13,0.0005,1.5,mean_stock_ns,4259.15
profile,13,0.0005,1.5,p50_total_ns,7384
profile,13,0.0005,1.5,p99_total_ns,25589
profile,13,0.0005,1.5,p999_total_ns,36900
profile,13,0.0005,1.5,mean_h_nodes,16.4225
profile,13,0.0005,1.5,mean_h_edges,13.1325
profile,13,0.0005,1.5,mean_degree,1.59933
profile,13,0.0005,1.5,max_degree,8
profile,13,0.0005,1.5,frac_intersect,0.495101
profile,13,0.0005,1.5,frac_h_build,0.0173939
profile,13,0.0005,1.5,frac_mwpm_build,0.108767
profile,13,0.0005,1.5,frac_blossom_on_h,0.278144
profile,13,0.0005,1.5,frac_harvest,0.0581596
profile,13,0.0005,1.5,residual_density,6.08921e-05
profile,13,0.0005,1.5,q,0.001
profile,13,0.0005,1.5,residual_tie_rate,0
profile,13,0.0005,1.5,pairing_tie_rate,0.0005
profile,13,0.0005,1.5,mean_restarts,0
profile,13,0.0005,1.5,isect_mode_bitset,1
profile,13,0.0005,1.5,isect_bytes,3468.81
profile,13,0.0005,1.5,isect_scan_bytes,2827.47
profile,13,0.0005,1.5,isect_hit_bytes,641.342
profile,13,0.0005,1.5,isect_bytes_other_mode,10200.7
profile,13,0.0005,1.5,isect_bytes_per_defect,211.223
profile,13,0.0005,1.5,isect_scan_bytes_per_defect,172.171
profile,13,0.0005,1.5,isect_hit_bytes_per_defect,39.0527
profile,13,0.0005,1.5,isect_bytes_other_mode_per_defect,621.142
profile,13,0.0005,1.5,max_isect_bytes,10140
profile,13,0.0005,1.5,max_isect_scan_bytes,7512
profile,13,0.0005,1.5,max_isect_hit_bytes,2628
profile,13,0.0005,1.5,max_isect_bytes_other_mode,26008
profile,13,0.0005,1.5,p99_isect_bytes,8022
profile,13,0.0005,1.5,p999_isect_bytes,8938
profile,13,0.0005,1.5,hbld_edges_written,16.724
profile,13,0.0005,1.5,max_hbld_edges_written,70
profile,13,0.0005,1.5,p99_hbld_edges_written,46
profile,13,0.0005,1.5,p999_hbld_edges_written,60
profile,13,0.0005,1.5,h_max_degree,8
profile,13,0.0005,1.5,mwpm_init_elements,50.0905
profile,13,0.0005,1.5,mwpm_init_node_elements,20.234
profile,13,0.0005,1.5,mwpm_init_edge_elements,29.8565
profile,13,0.0005,1.5,max_mwpm_init_elements,168
profile,13,0.0005,1.5,p99_mwpm_init_elements,118
profile,13,0.0005,1.5,p999_mwpm_init_elements,144
profile,13,0.0005,2,mean_total_ns,8851.98
profile,13,0.0005,2,mean_g_reference_ns,5037.76
profile,13,0.0005,2,speedup_vs_m1,0.569111
profile,13,0.0005,2,mean_stock_ns,4259.15
profile,13,0.0005,2,p50_total_ns,7825
profile,13,0.0005,2,p99_total_ns,24146
profile,13,0.0005,2,p999_total_ns,37060
profile,13,0.0005,2,mean_h_nodes,16.4225
profile,13,0.0005,2,mean_h_edges,18.83
profile,13,0.0005,2,mean_degree,2.2932
profile,13,0.0005,2,max_degree,12
profile,13,0.0005,2,frac_intersect,0.459564
profile,13,0.0005,2,frac_h_build,0.0253296
profile,13,0.0005,2,frac_mwpm_build,0.132102
profile,13,0.0005,2,frac_blossom_on_h,0.287417
profile,13,0.0005,2,frac_harvest,0.05522
profile,13,0.0005,2,residual_density,0
profile,13,0.0005,2,q,0
profile,13,0.0005,2,residual_tie_rate,0
profile,13,0.0005,2,pairing_tie_rate,0.0005
profile,13,0.0005,2,mean_restarts,0
profile,13,0.0005,2,isect_mode_bitset,1
profile,13,0.0005,2,isect_bytes,3619.88
profile,13,0.0005,2,isect_scan_bytes,2827.47
profile,13,0.0005,2,isect_hit_bytes,792.404
profile,13,0.0005,2,isect_bytes_other_mode,20593.9
profile,13,0.0005,2,isect_bytes_per_defect,220.422
profile,13,0.0005,2,isect_scan_bytes_per_defect,172.171
profile,13,0.0005,2,isect_hit_bytes_per_defect,48.2511
profile,13,0.0005,2,isect_bytes_other_mode_per_defect,1254
profile,13,0.0005,2,max_isect_bytes,10720
profile,13,0.0005,2,max_isect_scan_bytes,7512
profile,13,0.0005,2,max_isect_hit_bytes,3242
profile,13,0.0005,2,max_isect_bytes_other_mode,52856
profile,13,0.0005,2,p99_isect_bytes,8476
profile,13,0.0005,2,p999_isect_bytes,9626
profile,13,0.0005,2,hbld_edges_written,25.832
profile,13,0.0005,2,max_hbld_edges_written,105
profile,13,0.0005,2,p99_hbld_edges_written,76
profile,13,0.0005,2,p999_hbld_edges_written,98
profile,13,0.0005,2,h_max_degree,12
profile,13,0.0005,2,mwpm_init_elements,64.896
profile,13,0.0005,2,mwpm_init_node_elements,20.234
profile,13,0.0005,2,mwpm_init_edge_elements,44.662
profile,13,0.0005,2,max_mwpm_init_elements,229
profile,13,0.0005,2,p99_mwpm_init_elements,171
profile,13,0.0005,2,p999_mwpm_init_elements,212
profile,13,0.001,1.5,mean_total_ns,20837.4
profile,13,0.001,1.5,mean_g_reference_ns,11468.3
profile,13,0.001,1.5,speedup_vs_m1,0.550368
profile,13,0.001,1.5,mean_stock_ns,9161.34
profile,13,0.001,1.5,p50_total_ns,19547
profile,13,0.001,1.5,p99_total_ns,48732
profile,13,0.001,1.5,p999_total_ns,68730
profile,13,0.001,1.5,mean_h_nodes,33.304
profile,13,0.001,1.5,mean_h_edges,36.726
profile,13,0.001,1.5,mean_degree,2.2055
profile,13,0.001,1.5,max_degree,13
profile,13,0.001,1.5,frac_intersect,0.534451
profile,13,0.001,1.5,frac_h_build,0.0218377
profile,13,0.001,1.5,frac_mwpm_build,0.108176
profile,13,0.001,1.5,frac_blossom_on_h,0.259812
profile,13,0.001,1.5,frac_harvest,0.0491092
profile,13,0.001,1.5,residual_density,0.000225198
profile,13,0.001,1.5,q,0.0075
profile,13,0.001,1.5,residual_tie_rate,0
profile,13,0.001,1.5,pairing_tie_rate,0
profile,13,0.001,1.5,mean_restarts,0
profile,13,0.001,1.5,isect_mode_bitset,1
profile,13,0.001,1.5,isect_bytes,7556.65
profile,13,0.001,1.5,isect_scan_bytes,5756.8
profile,13,0.001,1.5,isect_hit_bytes,1799.85
profile,13,0.001,1.5,isect_bytes_other_mode,20740
profile,13,0.001,1.5,isect_bytes_per_defect,226.899
profile,13,0.001,1.5,isect_scan_bytes_per_defect,172.856
profile,13,0.001,1.5,isect_hit_bytes_per_defect,54.0429
profile,13,0.001,1.5,isect_bytes_other_mode_per_defect,622.748
profile,13,0.001,1.5,max_isect_bytes,19497
profile,13,0.001,1.5,max_isect_scan_bytes,12648
profile,13,0.001,1.5,max_isect_hit_bytes,6849
profile,13,0.001,1.5,max_isect_bytes_other_mode,47360
profile,13,0.001,1.5,p99_isect_bytes,14262
profile,13,0.001,1.5,p999_isect_bytes,15509
profile,13,0.001,1.5,hbld_edges_written,44.036
profile,13,0.001,1.5,max_hbld_edges_written,152
profile,13,0.001,1.5,p99_hbld_edges_written,102
profile,13,0.001,1.5,p999_hbld_edges_written,129
profile,13,0.001,1.5,h_max_degree,13
profile,13,0.001,1.5,mwpm_init_elements,119.371
profile,13,0.001,1.5,mwpm_init_node_elements,38.609
profile,13,0.001,1.5,mwpm_init_edge_elements,80.762
profile,13,0.001,1.5,max_mwpm_init_elements,364
profile,13,0.001,1.5,p99_mwpm_init_elements,254
profile,13,0.001,1.5,p999_mwpm_init_elements,303
profile,13,0.001,2,mean_total_ns,21060.6
profile,13,0.001,2,mean_g_reference_ns,11020.6
profile,13,0.001,2,speedup_vs_m1,0.523283
profile,13,0.001,2,mean_stock_ns,9161.34
profile,13,0.001,2,p50_total_ns,19447
profile,13,0.001,2,p99_total_ns,52239
profile,13,0.001,2,p999_total_ns,94620
profile,13,0.001,2,mean_h_nodes,33.304
profile,13,0.001,2,mean_h_edges,59.234
profile,13,0.001,2,mean_degree,3.55717
profile,13,0.001,2,max_degree,18
profile,13,0.001,2,frac_intersect,0.474169
profile,13,0.001,2,frac_h_build,0.0351153
profile,13,0.001,2,frac_mwpm_build,0.136905
profile,13,0.001,2,frac_blossom_on_h,0.279272
profile,13,0.001,2,frac_harvest,0.048574
profile,13,0.001,2,residual_density,1.50132e-05
profile,13,0.001,2,q,0.0005
profile,13,0.001,2,residual_tie_rate,0
profile,13,0.001,2,pairing_tie_rate,0
profile,13,0.001,2,mean_restarts,0
profile,13,0.001,2,isect_mode_bitset,1
profile,13,0.001,2,isect_bytes,8037.13
profile,13,0.001,2,isect_scan_bytes,5756.8
profile,13,0.001,2,isect_hit_bytes,2280.33
profile,13,0.001,2,isect_bytes_other_mode,42423.4
profile,13,0.001,2,isect_bytes_per_defect,241.326
profile,13,0.001,2,isect_scan_bytes_per_defect,172.856
profile,13,0.001,2,isect_hit_bytes_per_defect,68.47
profile,13,0.001,2,isect_bytes_other_mode_per_defect,1273.82
profile,13,0.001,2,max_isect_bytes,21701
profile,13,0.001,2,max_isect_scan_bytes,12648
profile,13,0.001,2,max_isect_hit_bytes,9053
profile,13,0.001,2,max_isect_bytes_other_mode,96632
profile,13,0.001,2,p99_isect_bytes,15610
profile,13,0.001,2,p999_isect_bytes,17060
profile,13,0.001,2,hbld_edges_written,73.3115
profile,13,0.001,2,max_hbld_edges_written,288
profile,13,0.001,2,p99_hbld_edges_written,183
profile,13,0.001,2,p999_hbld_edges_written,216
profile,13,0.001,2,h_max_degree,18
profile,13,0.001,2,mwpm_init_elements,171.155
profile,13,0.001,2,mwpm_init_node_elements,38.609
profile,13,0.001,2,mwpm_init_edge_elements,132.546
profile,13,0.001,2,max_mwpm_init_elements,616
profile,13,0.001,2,p99_mwpm_init_elements,399
profile,13,0.001,2,p999_mwpm_init_elements,467
profile,15,0.0001,1.5,mean_total_ns,2797.87
profile,15,0.0001,1.5,mean_g_reference_ns,1676.76
profile,15,0.0001,1.5,speedup_vs_m1,0.599298
profile,15,0.0001,1.5,mean_stock_ns,1333.08
profile,15,0.0001,1.5,p50_total_ns,2405
profile,15,0.0001,1.5,p99_total_ns,9758
profile,15,0.0001,1.5,p999_total_ns,18725
profile,15,0.0001,1.5,mean_h_nodes,5.2575
profile,15,0.0001,1.5,mean_h_edges,3.013
profile,15,0.0001,1.5,mean_degree,1.14617
profile,15,0.0001,1.5,max_degree,7
profile,15,0.0001,1.5,frac_intersect,0.483923
profile,15,0.0001,1.5,frac_h_build,0.017278
profile,15,0.0001,1.5,frac_mwpm_build,0.108758
profile,15,0.0001,1.5,frac_blossom_on_h,0.229773
profile,15,0.0001,1.5,frac_harvest,0.0694179
profile,15,0.0001,1.5,residual_density,0
profile,15,0.0001,1.5,q,0
profile,15,0.0001,1.5,residual_tie_rate,0
profile,15,0.0001,1.5,pairing_tie_rate,0
profile,15,0.0001,1.5,mean_restarts,0
profile,15,0.0001,1.5,isect_mode_bitset,1
profile,15,0.0001,1.5,isect_bytes,1306.13
profile,15,0.0001,1.5,isect_scan_bytes,1164.45
profile,15,0.0001,1.5,isect_hit_bytes,141.679
profile,15,0.0001,1.5,isect_bytes_other_mode,3320.51
profile,15,0.0001,1.5,isect_bytes_per_defect,248.431
profile,15,0.0001,1.5,isect_scan_bytes_per_defect,221.483
profile,15,0.0001,1.5,isect_hit_bytes_per_defect,26.9481
profile,15,0.0001,1.5,isect_bytes_other_mode_per_defect,631.576
profile,15,0.0001,1.5,max_isect_bytes,6247
profile,15,0.0001,1.5,max_isect_scan_bytes,5608
profile,15,0.0001,1.5,max_isect_hit_bytes,864
profile,15,0.0001,1.5,max_isect_bytes_other_mode,14696
profile,15,0.0001,1.5,p99_isect_bytes,4104
profile,15,0.0001,1.5,p999_isect_bytes,4934
profile,15,0.0001,1.5,hbld_edges_written,4.0655
profile,15,0.0001,1.5,max_hbld_edges_written,25
profile,15,0.0001,1.5,p99_hbld_edges_written,16
profile,15,0.0001,1.5,p999_hbld_edges_written,23
profile,15,0.0001,1.5,h_max_degree,7
profile,15,0.0001,1.5,mwpm_init_elements,14.4135
profile,15,0.0001,1.5,mwpm_init_node_elements,7.335
profile,15,0.0001,1.5,mwpm_init_edge_elements,7.0785
profile,15,0.0001,1.5,max_mwpm_init_elements,60
profile,15,0.0001,1.5,p99_mwpm_init_elements,43
profile,15,0.0001,1.5,p999_mwpm_init_elements,56
profile,15,0.0001,2,mean_total_ns,2990.17
profile,15,0.0001,2,mean_g_reference_ns,1718.69
profile,15,0.0001,2,speedup_vs_m1,0.57478
profile,15,0.0001,2,mean_stock_ns,1333.08
profile,15,0.0001,2,p50_total_ns,2495
profile,15,0.0001,2,p99_total_ns,10600
profile,15,0.0001,2,p999_total_ns,40106
profile,15,0.0001,2,mean_h_nodes,5.2575
profile,15,0.0001,2,mean_h_edges,3.511
profile,15,0.0001,2,mean_degree,1.33562
profile,15,0.0001,2,max_degree,8
profile,15,0.0001,2,frac_intersect,0.484537
profile,15,0.0001,2,frac_h_build,0.0201793
profile,15,0.0001,2,frac_mwpm_build,0.120514
profile,15,0.0001,2,frac_blossom_on_h,0.225029
profile,15,0.0001,2,frac_harvest,0.0638911
profile,15,0.0001,2,residual_density,0
profile,15,0.0001,2,q,0
profile,15,0.0001,2,residual_tie_rate,0
profile,15,0.0001,2,pairing_tie_rate,0
profile,15,0.0001,2,mean_restarts,0
profile,15,0.0001,2,isect_mode_bitset,1
profile,15,0.0001,2,isect_bytes,1329.7
profile,15,0.0001,2,isect_scan_bytes,1164.45
profile,15,0.0001,2,isect_hit_bytes,165.251
profile,15,0.0001,2,isect_bytes_other_mode,6729.55
profile,15,0.0001,2,isect_bytes_per_defect,252.915
profile,15,0.0001,2,isect_scan_bytes_per_defect,221.483
profile,15,0.0001,2,isect_hit_bytes_per_defect,31.4316
profile,15,0.0001,2,isect_bytes_other_mode_per_defect,1279.99
profile,15,0.0001,2,max_isect_bytes,6391
profile,15,0.0001,2,max_isect_scan_bytes,5608
profile,15,0.0001,2,max_isect_hit_bytes,1028
profile,15,0.0001,2,max_isect_bytes_other_mode,30056
profile,15,0.0001,2,p99_isect_bytes,4188
profile,15,0.0001,2,p999_isect_bytes,5038
profile,15,0.0001,2,hbld_edges_written,5.47
profile,15,0.0001,2,max_hbld_edges_written,35
profile,15,0.0001,2,p99_hbld_edges_written,22
profile,15,0.0001,2,p999_hbld_edges_written,30
profile,15,0.0001,2,h_max_degree,8
profile,15,0.0001,2,mwpm_init_elements,16.316
profile,15,0.0001,2,mwpm_init_node_elements,7.335
profile,15,0.0001,2,mwpm_init_edge_elements,8.981
profile,15,0.0001,2,max_mwpm_init_elements,75
profile,15,0.0001,2,p99_mwpm_init_elements,53
profile,15,0.0001,2,p999_mwpm_init_elements,69
profile,15,0.0003,1.5,mean_total_ns,8399.99
profile,15,0.0003,1.5,mean_g_reference_ns,5058.88
profile,15,0.0003,1.5,speedup_vs_m1,0.602248
profile,15,0.0003,1.5,mean_stock_ns,4252.68
profile,15,0.0003,1.5,p50_total_ns,7344
profile,15,0.0003,1.5,p99_total_ns,22763
profile,15,0.0003,1.5,p999_total_ns,38893
profile,15,0.0003,1.5,mean_h_nodes,15.625
profile,15,0.0003,1.5,mean_h_edges,10.661
profile,15,0.0003,1.5,mean_degree,1.36461
profile,15,0.0003,1.5,max_degree,9
profile,15,0.0003,1.5,frac_intersect,0.54571
profile,15,0.0003,1.5,frac_h_build,0.0134386
profile,15,0.0003,1.5,frac_mwpm_build,0.0981551
profile,15,0.0003,1.5,frac_blossom_on_h,0.245206
profile,15,0.0003,1.5,frac_harvest,0.0545358
profile,15,0.0003,1.5,residual_density,9.6e-05
profile,15,0.0003,1.5,q,0.0015
profile,15,0.0003,1.5,residual_tie_rate,0
profile,15,0.0003,1.5,pairing_tie_rate,0
profile,15,0.0003,1.5,mean_restarts,0
profile,15,0.0003,1.5,isect_mode_bitset,1
profile,15,0.0003,1.5,isect_bytes,3977.92
profile,15,0.0003,1.5,isect_scan_bytes,3469.61
profile,15,0.0003,1.5,isect_hit_bytes,508.315
profile,15,0.0003,1.5,isect_bytes_other_mode,9912.22
profile,15,0.0003,1.5,isect_bytes_per_defect,254.587
profile,15,0.0003,1.5,isect_scan_bytes_per_defect,222.055
profile,15,0.0003,1.5,isect_hit_bytes_per_defect,32.5322
profile,15,0.0003,1.5,isect_bytes_other_mode_per_defect,634.382
profile,15,0.0003,1.5,max_isect_bytes,11654
profile,15,0.0003,1.5,max_isect_scan_bytes,9440
profile,15,0.0003,1.5,max_isect_hit_bytes,2236
profile,15,0.0003,1.5,max_isect_bytes_other_mode,26984
profile,15,0.0003,1.5,p99_isect_bytes,9033
profile,15,0.0003,1.5,p999_isect_bytes,10644
profile,15,0.0003,1.5,hbld_edges_written,13.6265
profile,15,0.0003,1.5,max_hbld_edges_written,59
profile,15,0.0003,1.5,p99_hbld_edges_written,39
profile,15,0.0003,1.5,p999_hbld_edges_written,49
profile,15,0.0003,1.5,h_max_degree,9
profile,15,0.0003,1.5,mwpm_init_elements,43.641
profile,15,0.0003,1.5,mwpm_init_node_elements,19.3535
profile,15,0.0003,1.5,mwpm_init_edge_elements,24.2875
profile,15,0.0003,1.5,max_mwpm_init_elements,144
profile,15,0.0003,1.5,p99_mwpm_init_elements,104
profile,15,0.0003,1.5,p999_mwpm_init_elements,129
profile,15,0.0003,2,mean_total_ns,10037.3
profile,15,0.0003,2,mean_g_reference_ns,6310.78
profile,15,0.0003,2,speedup_vs_m1,0.628732
profile,15,0.0003,2,mean_stock_ns,4252.68
profile,15,0.0003,2,p50_total_ns,8626
profile,15,0.0003,2,p99_total_ns,30368
profile,15,0.0003,2,p999_total_ns,53431
profile,15,0.0003,2,mean_h_nodes,15.625
profile,15,0.0003,2,mean_h_edges,14.207
profile,15,0.0003,2,mean_degree,1.8185
profile,15,0.0003,2,max_degree,11
profile,15,0.0003,2,frac_intersect,0.534266
profile,15,0.0003,2,frac_h_build,0.0165831
profile,15,0.0003,2,frac_mwpm_build,0.107617
profile,15,0.0003,2,frac_blossom_on_h,0.249162
profile,15,0.0003,2,frac_harvest,0.0571745
profile,15,0.0003,2,residual_density,0
profile,15,0.0003,2,q,0
profile,15,0.0003,2,residual_tie_rate,0
profile,15,0.0003,2,pairing_tie_rate,0
profile,15,0.0003,2,mean_restarts,0
profile,15,0.0003,2,isect_mode_bitset,1
profile,15,0.0003,2,isect_bytes,4082.81
profile,15,0.0003,2,isect_scan_bytes,3469.61
profile,15,0.0003,2,isect_hit_bytes,613.203
profile,15,0.0003,2,isect_bytes_other_mode,20194.1
profile,15,0.0003,2,isect_bytes_per_defect,261.3
profile,15,0.0003,2,isect_scan_bytes_per_defect,222.055
profile,15,0.0003,2,isect_hit_bytes_per_defect,39.245
profile,15,0.0003,2,isect_bytes_other_mode_per_defect,1292.42
profile,15,0.0003,2,max_isect_bytes,12446
profile,15,0.0003,2,max_isect_scan_bytes,9440
profile,15,0.0003,2,max_isect_hit_bytes,3006
profile,15,0.0003,2,max_isect_bytes_other_mode,55368
profile,15,0.0003,2,p99_isect_bytes,9469
profile,15,0.0003,2,p999_isect_bytes,10964
profile,15,0.0003,2,hbld_edges_written,19.9465
profile,15,0.0003,2,max_hbld_edges_written,93
profile,15,0.0003,2,p99_hbld_edges_written,62
profile,15,0.0003,2,p999_hbld_edges_written,79
profile,15,0.0003,2,h_max_degree,11
profile,15,0.0003,2,mwpm_init_elements,53.507
profile,15,0.0003,2,mwpm_init_node_elements,19.3535
profile,15,0.0003,2,mwpm_init_edge_elements,34.1535
profile,15,0.0003,2,max_mwpm_init_elements,217
profile,15,0.0003,2,p99_mwpm_init_elements,140
profile,15,0.0003,2,p999_mwpm_init_elements,181
profile,15,0.0005,1.5,mean_total_ns,15756.2
profile,15,0.0005,1.5,mean_g_reference_ns,9197.07
profile,15,0.0005,1.5,speedup_vs_m1,0.58371
profile,15,0.0005,1.5,mean_stock_ns,7263.28
profile,15,0.0005,1.5,p50_total_ns,14528
profile,15,0.0005,1.5,p99_total_ns,36990
profile,15,0.0005,1.5,p999_total_ns,71976
profile,15,0.0005,1.5,mean_h_nodes,26.144
profile,15,0.0005,1.5,mean_h_edges,21.215
profile,15,0.0005,1.5,mean_degree,1.62293
profile,15,0.0005,1.5,max_degree,10
profile,15,0.0005,1.5,frac_intersect,0.57432
profile,15,0.0005,1.5,frac_h_build,0.0146354
profile,15,0.0005,1.5,frac_mwpm_build,0.093725
profile,15,0.0005,1.5,frac_blossom_on_h,0.237893
profile,15,0.0005,1.5,frac_harvest,0.0512544
profile,15,0.0005,1.5,residual_density,0.000133874
profile,15,0.0005,1.5,q,0.0035
profile,15,0.0005,1.5,residual_tie_rate,0
profile,15,0.0005,1.5,pairing_tie_rate,0
profile,15,0.0005,1.5,mean_restarts,0
profile,15,0.0005,1.5,isect_mode_bitset,1
profile,15,0.0005,1.5,isect_bytes,7168.57
profile,15,0.0005,1.5,isect_scan_bytes,6153.63
profile,15,0.0005,1.5,isect_hit_bytes,1014.94
profile,15,0.0005,1.5,isect_bytes_other_mode,16770.6
profile,15,0.0005,1.5,isect_bytes_per_defect,274.195
profile,15,0.0005,1.5,isect_scan_bytes_per_defect,235.374
profile,15,0.0005,1.5,isect_hit_bytes_per_defect,38.8211
profile,15,0.0005,1.5,isect_bytes_other_mode_per_defect,641.469
profile,15,0.0005,1.5,max_isect_bytes,15895
profile,15,0.0005,1.5,max_isect_scan_bytes,12776
profile,15,0.0005,1.5,max_isect_hit_bytes,3255
profile,15,0.0005,1.5,max_isect_bytes_other_mode,35280
profile,15,0.0005,1.5,p99_isect_bytes,13708
profile,15,0.0005,1.5,p999_isect_bytes,15045
profile,15,0.0005,1.5,hbld_edges_written,26.225
profile,15,0.0005,1.5,max_hbld_edges_written,80
profile,15,0.0005,1.5,p99_hbld_edges_written,61
profile,15,0.0005,1.5,p999_hbld_edges_written,73
profile,15,0.0005,1.5,h_max_degree,10
profile,15,0.0005,1.5,mwpm_init_elements,78.302
profile,15,0.0005,1.5,mwpm_init_node_elements,30.862
profile,15,0.0005,1.5,mwpm_init_edge_elements,47.44
profile,15,0.0005,1.5,max_mwpm_init_elements,197
profile,15,0.0005,1.5,p99_mwpm_init_elements,158
profile,15,0.0005,1.5,p999_mwpm_init_elements,187
profile,15,0.0005,2,mean_total_ns,16470.9
profile,15,0.0005,2,mean_g_reference_ns,9200.25
profile,15,0.0005,2,speedup_vs_m1,0.558576
profile,15,0.0005,2,mean_stock_ns,7263.28
profile,15,0.0005,2,p50_total_ns,15330
profile,15,0.0005,2,p99_total_ns,38393
profile,15,0.0005,2,p999_total_ns,59083
profile,15,0.0005,2,mean_h_nodes,26.144
profile,15,0.0005,2,mean_h_edges,30.604
profile,15,0.0005,2,mean_degree,2.34119
profile,15,0.0005,2,max_degree,12
profile,15,0.0005,2,frac_intersect,0.540549
profile,15,0.0005,2,frac_h_build,0.022834
profile,15,0.0005,2,frac_mwpm_build,0.113995
profile,15,0.0005,2,frac_blossom_on_h,0.247484
profile,15,0.0005,2,frac_harvest,0.0481267
profile,15,0.0005,2,residual_density,0
profile,15,0.0005,2,q,0
profile,15,0.0005,2,residual_tie_rate,0
profile,15,0.0005,2,pairing_tie_rate,0
profile,15,0.0005,2,mean_restarts,0
profile,15,0.0005,2,isect_mode_bitset,1
profile,15,0.0005,2,isect_bytes,7399.8
profile,15,0.0005,2,isect_scan_bytes,6153.63
profile,15,0.0005,2,isect_hit_bytes,1246.17
profile,15,0.0005,2,isect_bytes_other_mode,34228.7
profile,15,0.0005,2,isect_bytes_per_defect,283.04
profile,15,0.0005,2,isect_scan_bytes_per_defect,235.374
profile,15,0.0005,2,isect_hit_bytes_per_defect,47.6658
profile,15,0.0005,2,isect_bytes_other_mode_per_defect,1309.24
profile,15,0.0005,2,max_isect_bytes,17007
profile,15,0.0005,2,max_isect_scan_bytes,12776
profile,15,0.0005,2,max_isect_hit_bytes,4367
profile,15,0.0005,2,max_isect_bytes_other_mode,72216
profile,15,0.0005,2,p99_isect_bytes,14383
profile,15,0.0005,2,p999_isect_bytes,15845
profile,15,0.0005,2,hbld_edges_written,40.264
profile,15,0.0005,2,max_hbld_edges_written,135
profile,15,0.0005,2,p99_hbld_edges_written,101
profile,15,0.0005,2,p999_hbld_edges_written,124
profile,15,0.0005,2,h_max_degree,12
profile,15,0.0005,2,mwpm_init_elements,101.73
profile,15,0.0005,2,mwpm_init_node_elements,30.862
profile,15,0.0005,2,mwpm_init_edge_elements,70.868
profile,15,0.0005,2,max_mwpm_init_elements,306
profile,15,0.0005,2,p99_mwpm_init_elements,234
profile,15,0.0005,2,p999_mwpm_init_elements,281
profile,15,0.001,1.5,mean_total_ns,35210.1
profile,15,0.001,1.5,mean_g_reference_ns,18864
profile,15,0.001,1.5,speedup_vs_m1,0.535755
profile,15,0.001,1.5,mean_stock_ns,14578.1
profile,15,0.001,1.5,p50_total_ns,33674
profile,15,0.001,1.5,p99_total_ns,73039
profile,15,0.001,1.5,p999_total_ns,111072
profile,15,0.001,1.5,mean_h_nodes,51.477
profile,15,0.001,1.5,mean_h_edges,57.0765
profile,15,0.001,1.5,mean_degree,2.21755
profile,15,0.001,1.5,max_degree,13
profile,15,0.001,1.5,frac_intersect,0.586179
profile,15,0.001,1.5,frac_h_build,0.0196297
profile,15,0.001,1.5,frac_mwpm_build,0.0944206
profile,15,0.001,1.5,frac_blossom_on_h,0.234546
profile,15,0.001,1.5,frac_harvest,0.0439694
profile,15,0.001,1.5,residual_density,0.000262253
profile,15,0.001,1.5,q,0.0125
profile,15,0.001,1.5,residual_tie_rate,0
profile,15,0.001,1.5,pairing_tie_rate,0.001
profile,15,0.001,1.5,mean_restarts,0
profile,15,0.001,1.5,isect_mode_bitset,1
profile,15,0.001,1.5,isect_bytes,14906
profile,15,0.001,1.5,isect_scan_bytes,12127.6
profile,15,0.001,1.5,isect_hit_bytes,2778.32
profile,15,0.001,1.5,isect_bytes_other_mode,33147.8
profile,15,0.001,1.5,isect_bytes_per_defect,289.565
profile,15,0.001,1.5,isect_scan_bytes_per_defect,235.593
profile,15,0.001,1.5,isect_hit_bytes_per_defect,53.9721
profile,15,0.001,1.5,isect_bytes_other_mode_per_defect,643.935
profile,15,0.001,1.5,max_isect_bytes,33156
profile,15,0.001,1.5,max_isect_scan_bytes,22816
profile,15,0.001,1.5,max_isect_hit_bytes,10340
profile,15,0.001,1.5,max_isect_bytes_other_mode,64400
profile,15,0.001,1.5,p99_isect_bytes,24657
profile,15,0.001,1.5,p999_isect_bytes,28286
profile,15,0.001,1.5,hbld_edges_written,66.827
profile,15,0.001,1.5,max_hbld_edges_written,235
profile,15,0.001,1.5,p99_hbld_edges_written,133
profile,15,0.001,1.5,p999_hbld_edges_written,162
profile,15,0.001,1.5,h_max_degree,13
profile,15,0.001,1.5,mwpm_init_elements,181.853
profile,15,0.001,1.5,mwpm_init_node_elements,57.9495
profile,15,0.001,1.5,mwpm_init_edge_elements,123.903
profile,15,0.001,1.5,max_mwpm_init_elements,551
profile,15,0.001,1.5,p99_mwpm_init_elements,333
profile,15,0.001,1.5,p999_mwpm_init_elements,389
profile,15,0.001,2,mean_total_ns,39566
profile,15,0.001,2,mean_g_reference_ns,20742.6
profile,15,0.001,2,speedup_vs_m1,0.524254
profile,15,0.001,2,mean_stock_ns,14578.1
profile,15,0.001,2,p50_total_ns,37933
profile,15,0.001,2,p99_total_ns,79912
profile,15,0.001,2,p999_total_ns,123575
profile,15,0.001,2,mean_h_nodes,51.477
profile,15,0.001,2,mean_h_edges,93.7305
profile,15,0.001,2,mean_degree,3.64165
profile,15,0.001,2,max_degree,18
profile,15,0.001,2,frac_intersect,0.548383
profile,15,0.001,2,frac_h_build,0.0303987
profile,15,0.001,2,frac_mwpm_build,0.120886
profile,15,0.001,2,frac_blossom_on_h,0.238687
profile,15,0.001,2,frac_harvest,0.0424236
profile,15,0.001,2,residual_density,0
profile,15,0.001,2,q,0
profile,15,0.001,2,residual_tie_rate,0
profile,15,0.001,2,pairing_tie_rate,0.001
profile,15,0.001,2,mean_restarts,0
profile,15,0.001,2,isect_mode_bitset,1
profile,15,0.001,2,isect_bytes,15658.5
profile,15,0.001,2,isect_scan_bytes,12127.6
profile,15,0.001,2,isect_hit_bytes,3530.84
profile,15,0.001,2,isect_bytes_other_mode,68522.3
profile,15,0.001,2,isect_bytes_per_defect,304.184
profile,15,0.001,2,isect_scan_bytes_per_defect,235.593
profile,15,0.001,2,isect_hit_bytes_per_defect,68.5907
profile,15,0.001,2,isect_bytes_other_mode_per_defect,1331.12
profile,15,0.001,2,max_isect_bytes,36004
profile,15,0.001,2,max_isect_scan_bytes,22816
profile,15,0.001,2,max_isect_hit_bytes,13188
profile,15,0.001,2,max_isect_bytes_other_mode,132992
profile,15,0.001,2,p99_isect_bytes,26308
profile,15,0.001,2,p999_isect_bytes,30370
profile,15,0.001,2,hbld_edges_written,112.855
profile,15,0.001,2,max_hbld_edges_written,412
profile,15,0.001,2,p99_hbld_edges_written,237
profile,15,0.001,2,p999_hbld_edges_written,297
profile,15,0.001,2,h_max_degree,18
profile,15,0.001,2,mwpm_init_elements,264.535
profile,15,0.001,2,mwpm_init_node_elements,57.9495
profile,15,0.001,2,mwpm_init_edge_elements,206.585
profile,15,0.001,2,max_mwpm_init_elements,893
profile,15,0.001,2,p99_mwpm_init_elements,526
profile,15,0.001,2,p999_mwpm_init_elements,656
profile,17,0.0001,1.5,mean_total_ns,4712.53
profile,17,0.0001,1.5,mean_g_reference_ns,3021.15
profile,17,0.0001,1.5,speedup_vs_m1,0.641089
profile,17,0.0001,1.5,mean_stock_ns,2117.53
profile,17,0.0001,1.5,p50_total_ns,3968
profile,17,0.0001,1.5,p99_total_ns,16150
profile,17,0.0001,1.5,p999_total_ns,39124
profile,17,0.0001,1.5,mean_h_nodes,7.845
profile,17,0.0001,1.5,mean_h_edges,4.465
profile,17,0.0001,1.5,mean_degree,1.1383
profile,17,0.0001,1.5,max_degree,7
profile,17,0.0001,1.5,frac_intersect,0.556317
profile,17,0.0001,1.5,frac_h_build,0.0128454
profile,17,0.0001,1.5,frac_mwpm_build,0.0941435
profile,17,0.0001,1.5,frac_blossom_on_h,0.214388
profile,17,0.0001,1.5,frac_harvest,0.0576245
profile,17,0.0001,1.5,residual_density,0
profile,17,0.0001,1.5,q,0
profile,17,0.0001,1.5,residual_tie_rate,0
profile,17,0.0001,1.5,pairing_tie_rate,0
profile,17,0.0001,1.5,mean_restarts,0
profile,17,0.0001,1.5,isect_mode_bitset,1
profile,17,0.0001,1.5,isect_bytes,2470.4
profile,17,0.0001,1.5,isect_scan_bytes,2267.16
profile,17,0.0001,1.5,isect_hit_bytes,203.247
profile,17,0.0001,1.5,isect_bytes_other_mode,5124.08
profile,17,0.0001,1.5,isect_bytes_per_defect,314.902
profile,17,0.0001,1.5,isect_scan_bytes_per_defect,288.994
profile,17,0.0001,1.5,isect_hit_bytes_per_defect,25.9078
profile,17,0.0001,1.5,isect_bytes_other_mode_per_defect,653.165
profile,17,0.0001,1.5,max_isect_bytes,10989
profile,17,0.0001,1.5,max_isect_scan_bytes,9712
profile,17,0.0001,1.5,max_isect_hit_bytes,1277
profile,17,0.0001,1.5,max_isect_bytes_other_mode,23664
profile,17,0.0001,1.5,p99_isect_bytes,6945
profile,17,0.0001,1.5,p999_isect_bytes,8668
profile,17,0.0001,1.5,hbld_edges_written,5.7325
profile,17,0.0001,1.5,max_hbld_edges_written,32
profile,17,0.0001,1.5,p99_hbld_edges_written,20
profile,17,0.0001,1.5,p999_hbld_edges_written,26
profile,17,0.0001,1.5,h_max_degree,7
profile,17,0.0001,1.5,mwpm_init_elements,20.7625
profile,17,0.0001,1.5,mwpm_init_node_elements,10.565
profile,17,0.0001,1.5,mwpm_init_edge_elements,10.1975
profile,17,0.0001,1.5,max_mwpm_init_elements,92
profile,17,0.0001,1.5,p99_mwpm_init_elements,56
profile,17,0.0001,1.5,p999_mwpm_init_elements,71
profile,17,0.0001,2,mean_total_ns,4748.84
profile,17,0.0001,2,mean_g_reference_ns,2931.28
profile,17,0.0001,2,speedup_vs_m1,0.617262
profile,17,0.0001,2,mean_stock_ns,2117.53
profile,17,0.0001,2,p50_total_ns,3998
profile,17,0.0001,2,p99_total_ns,16131
profile,17,0.0001,2,p999_total_ns,34545
profile,17,0.0001,2,mean_h_nodes,7.845
profile,17,0.0001,2,mean_h_edges,5.2005
profile,17,0.0001,2,mean_degree,1.32581
profile,17,0.0001,2,max_degree,8
profile,17,0.0001,2,frac_intersect,0.537147
profile,17,0.0001,2,frac_h_build,0.014158
profile,17,0.0001,2,frac_mwpm_build,0.106947
profile,17,0.0001,2,frac_blossom_on_h,0.225218
profile,17,0.0001,2,frac_harvest,0.0582184
profile,17,0.0001,2,residual_density,0
profile,17,0.0001,2,q,0
profile,17,0.0001,2,residual_tie_rate,0
profile,17,0.0001,2,pairing_tie_rate,0
profile,17,0.0001,2,mean_restarts,0
profile,17,0.0001,2,isect_mode_bitset,1
profile,17,0.0001,2,isect_bytes,2504.21
profile,17,0.0001,2,isect_scan_bytes,2267.16
profile,17,0.0001,2,isect_hit_bytes,237.055
profile,17,0.0001,2,isect_bytes_other_mode,10458.9
profile,17,0.0001,2,isect_bytes_per_defect,319.211
profile,17,0.0001,2,isect_scan_bytes_per_defect,288.994
profile,17,0.0001,2,isect_hit_bytes_per_defect,30.2173
profile,17,0.0001,2,isect_bytes_other_mode_per_defect,1333.19
profile,17,0.0001,2,max_isect_bytes,11321
profile,17,0.0001,2,max_isect_scan_bytes,9712
profile,17,0.0001,2,max_isect_hit_bytes,1609
profile,17,0.0001,2,max_isect_bytes_other_mode,47960
profile,17,0.0001,2,p99_isect_bytes,7065
profile,17,0.0001,2,p999_isect_bytes,8748
profile,17,0.0001,2,hbld_edges_written,7.7465
profile,17,0.0001,2,max_hbld_edges_written,52
profile,17,0.0001,2,p99_hbld_edges_written,28
profile,17,0.0001,2,p999_hbld_edges_written,36
profile,17,0.0001,2,h_max_degree,8
profile,17,0.0001,2,mwpm_init_elements,23.512
profile,17,0.0001,2,mwpm_init_node_elements,10.565
profile,17,0.0001,2,mwpm_init_edge_elements,12.947
profile,17,0.0001,2,max_mwpm_init_elements,129
profile,17,0.0001,2,p99_mwpm_init_elements,70
profile,17,0.0001,2,p999_mwpm_init_elements,89
profile,17,0.0003,1.5,mean_total_ns,15038.8
profile,17,0.0003,1.5,mean_g_reference_ns,9536.62
profile,17,0.0003,1.5,speedup_vs_m1,0.634135
profile,17,0.0003,1.5,mean_stock_ns,7974.51
profile,17,0.0003,1.5,p50_total_ns,13826
profile,17,0.0003,1.5,p99_total_ns,44806
profile,17,0.0003,1.5,p999_total_ns,72207
profile,17,0.0003,1.5,mean_h_nodes,23.093
profile,17,0.0003,1.5,mean_h_edges,15.867
profile,17,0.0003,1.5,mean_degree,1.37418
profile,17,0.0003,1.5,max_degree,9
profile,17,0.0003,1.5,frac_intersect,0.5919
profile,17,0.0003,1.5,frac_h_build,0.0120605
profile,17,0.0003,1.5,frac_mwpm_build,0.0848504
profile,17,0.0003,1.5,frac_blossom_on_h,0.227337
profile,17,0.0003,1.5,frac_harvest,0.0542826
profile,17,0.0003,1.5,residual_density,2.16516e-05
profile,17,0.0003,1.5,q,0.0005
profile,17,0.0003,1.5,residual_tie_rate,0
profile,17,0.0003,1.5,pairing_tie_rate,0.0005
profile,17,0.0003,1.5,mean_restarts,0
profile,17,0.0003,1.5,isect_mode_bitset,1
profile,17,0.0003,1.5,isect_bytes,7383.22
profile,17,0.0003,1.5,isect_scan_bytes,6646.02
profile,17,0.0003,1.5,isect_hit_bytes,737.199
profile,17,0.0003,1.5,isect_bytes_other_mode,15029.6
profile,17,0.0003,1.5,isect_bytes_per_defect,319.717
profile,17,0.0003,1.5,isect_scan_bytes_per_defect,287.794
profile,17,0.0003,1.5,isect_hit_bytes_per_defect,31.9231
profile,17,0.0003,1.5,isect_bytes_other_mode_per_defect,650.83
profile,17,0.0003,1.5,max_isect_bytes,22381
profile,17,0.0003,1.5,max_isect_scan_bytes,19120
profile,17,0.0003,1.5,max_isect_hit_bytes,3261
profile,17,0.0003,1.5,max_isect_bytes_other_mode,39336
profile,17,0.0003,1.5,p99_isect_bytes,14440
profile,17,0.0003,1.5,p999_isect_bytes,16883
profile,17,0.0003,1.5,hbld_edges_written,19.6965
profile,17,0.0003,1.5,max_hbld_edges_written,80
profile,17,0.0003,1.5,p99_hbld_edges_written,48
profile,17,0.0003,1.5,p999_hbld_edges_written,61
profile,17,0.0003,1.5,h_max_degree,9
profile,17,0.0003,1.5,mwpm_init_elements,63.2175
profile,17,0.0003,1.5,mwpm_init_node_elements,27.654
profile,17,0.0003,1.5,mwpm_init_edge_elements,35.5635
profile,17,0.0003,1.5,max_mwpm_init_elements,211
profile,17,0.0003,1.5,p99_mwpm_init_elements,131
profile,17,0.0003,1.5,p999_mwpm_init_elements,166
profile,17,0.0003,2,mean_total_ns,15557.6
profile,17,0.0003,2,mean_g_reference_ns,9745.03
profile,17,0.0003,2,speedup_vs_m1,0.626384
profile,17,0.0003,2,mean_stock_ns,7974.51
profile,17,0.0003,2,p50_total_ns,14337
profile,17,0.0003,2,p99_total_ns,39234
profile,17,0.0003,2,p999_total_ns,70304
profile,17,0.0003,2,mean_h_nodes,23.093
profile,17,0.0003,2,mean_h_edges,21.028
profile,17,0.0003,2,mean_degree,1.82116
profile,17,0.0003,2,max_degree,12
profile,17,0.0003,2,frac_intersect,0.560643
profile,17,0.0003,2,frac_h_build,0.0159741
profile,17,0.0003,2,frac_mwpm_build,0.101693
profile,17,0.0003,2,frac_blossom_on_h,0.239164
profile,17,0.0003,2,frac_harvest,0.0549815
profile,17,0.0003,2,residual_density,0
profile,17,0.0003,2,q,0
profile,17,0.0003,2,residual_tie_rate,0
profile,17,0.0003,2,pairing_tie_rate,0.0005
profile,17,0.0003,2,mean_restarts,0
profile,17,0.0003,2,isect_mode_bitset,1
profile,17,0.0003,2,isect_bytes,7529.76
profile,17,0.0003,2,isect_scan_bytes,6646.02
profile,17,0.0003,2,isect_hit_bytes,883.743
profile,17,0.0003,2,isect_bytes_other_mode,30858.3
profile,17,0.0003,2,isect_bytes_per_defect,326.062
profile,17,0.0003,2,isect_scan_bytes_per_defect,287.794
profile,17,0.0003,2,isect_hit_bytes_per_defect,38.2689
profile,17,0.0003,2,isect_bytes_other_mode_per_defect,1336.26
profile,17,0.0003,2,max_isect_bytes,23205
profile,17,0.0003,2,max_isect_scan_bytes,19120
profile,17,0.0003,2,max_isect_hit_bytes,4085
profile,17,0.0003,2,max_isect_bytes_other_mode,80120
profile,17,0.0003,2,p99_isect_bytes,14901
profile,17,0.0003,2,p999_isect_bytes,17427
profile,17,0.0003,2,hbld_edges_written,28.563
profile,17,0.0003,2,max_hbld_edges_written,130
profile,17,0.0003,2,p99_hbld_edges_written,76
profile,17,0.0003,2,p999_hbld_edges_written,98
profile,17,0.0003,2,h_max_degree,12
profile,17,0.0003,2,mwpm_init_elements,77.245
profile,17,0.0003,2,mwpm_init_node_elements,27.654
profile,17,0.0003,2,mwpm_init_edge_elements,49.591
profile,17,0.0003,2,max_mwpm_init_elements,299
profile,17,0.0003,2,p99_mwpm_init_elements,177
profile,17,0.0003,2,p999_mwpm_init_elements,226
profile,17,0.0005,1.5,mean_total_ns,27696.2
profile,17,0.0005,1.5,mean_g_reference_ns,16581.6
profile,17,0.0005,1.5,speedup_vs_m1,0.598697
profile,17,0.0005,1.5,mean_stock_ns,11933.1
profile,17,0.0005,1.5,p50_total_ns,26100
profile,17,0.0005,1.5,p99_total_ns,60114
profile,17,0.0005,1.5,p999_total_ns,106893
profile,17,0.0005,1.5,mean_h_nodes,39.1445
profile,17,0.0005,1.5,mean_h_edges,32.6855
profile,17,0.0005,1.5,mean_degree,1.66999
profile,17,0.0005,1.5,max_degree,11
profile,17,0.0005,1.5,frac_intersect,0.609757
profile,17,0.0005,1.5,frac_h_build,0.0135015
profile,17,0.0005,1.5,frac_mwpm_build,0.0834114
profile,17,0.0005,1.5,frac_blossom_on_h,0.221198
profile,17,0.0005,1.5,frac_harvest,0.0494876
profile,17,0.0005,1.5,residual_density,2.55464e-05
profile,17,0.0005,1.5,q,0.001
profile,17,0.0005,1.5,residual_tie_rate,0
profile,17,0.0005,1.5,pairing_tie_rate,0.0005
profile,17,0.0005,1.5,mean_restarts,0
profile,17,0.0005,1.5,isect_mode_bitset,1
profile,17,0.0005,1.5,isect_bytes,13579
profile,17,0.0005,1.5,isect_scan_bytes,12042.2
profile,17,0.0005,1.5,isect_hit_bytes,1536.72
profile,17,0.0005,1.5,isect_bytes_other_mode,25790.1
profile,17,0.0005,1.5,isect_bytes_per_defect,346.893
profile,17,0.0005,1.5,isect_scan_bytes_per_defect,307.635
profile,17,0.0005,1.5,isect_hit_bytes_per_defect,39.2577
profile,17,0.0005,1.5,isect_bytes_other_mode_per_defect,658.845
profile,17,0.0005,1.5,max_isect_bytes,26846
profile,17,0.0005,1.5,max_isect_scan_bytes,23368
profile,17,0.0005,1.5,max_isect_hit_bytes,4074
profile,17,0.0005,1.5,max_isect_bytes_other_mode,50456
profile,17,0.0005,1.5,p99_isect_bytes,22602
profile,17,0.0005,1.5,p999_isect_bytes,26495
profile,17,0.0005,1.5,hbld_edges_written,39.1445
profile,17,0.0005,1.5,max_hbld_edges_written,102
profile,17,0.0005,1.5,p99_hbld_edges_written,81
profile,17,0.0005,1.5,p999_hbld_edges_written,92
profile,17,0.0005,1.5,h_max_degree,11
profile,17,0.0005,1.5,mwpm_init_elements,116.444
profile,17,0.0005,1.5,mwpm_init_node_elements,44.614
profile,17,0.0005,1.5,mwpm_init_edge_elements,71.83
profile,17,0.0005,1.5,max_mwpm_init_elements,269
profile,17,0.0005,1.5,p99_mwpm_init_elements,214
profile,17,0.0005,1.5,p999_mwpm_init_elements,237
profile,17,0.0005,2,mean_total_ns,27746
profile,17,0.0005,2,mean_g_reference_ns,15455.6
profile,17,0.0005,2,speedup_vs_m1,0.557039
profile,17,0.0005,2,mean_stock_ns,11933.1
profile,17,0.0005,2,p50_total_ns,26440
profile,17,0.0005,2,p99_total_ns,58762
profile,17,0.0005,2,p999_total_ns,101462
profile,17,0.0005,2,mean_h_nodes,39.1445
profile,17,0.0005,2,mean_h_edges,47.791
profile,17,0.0005,2,mean_degree,2.44177
profile,17,0.0005,2,max_degree,14
profile,17,0.0005,2,frac_intersect,0.57969
profile,17,0.0005,2,frac_h_build,0.0211654
profile,17,0.0005,2,frac_mwpm_build,0.1039
profile,17,0.0005,2,frac_blossom_on_h,0.22848
profile,17,0.0005,2,frac_harvest,0.0444662
profile,17,0.0005,2,residual_density,0
profile,17,0.0005,2,q,0
profile,17,0.0005,2,residual_tie_rate,0
profile,17,0.0005,2,pairing_tie_rate,0.0005
profile,17,0.0005,2,mean_restarts,0
profile,17,0.0005,2,isect_mode_bitset,1
profile,17,0.0005,2,isect_bytes,13930.9
profile,17,0.0005,2,isect_scan_bytes,12042.2
profile,17,0.0005,2,isect_hit_bytes,1888.7
profile,17,0.0005,2,isect_bytes_other_mode,53069.6
profile,17,0.0005,2,isect_bytes_per_defect,355.885
profile,17,0.0005,2,isect_scan_bytes_per_defect,307.635
profile,17,0.0005,2,isect_hit_bytes_per_defect,48.2494
profile,17,0.0005,2,isect_bytes_other_mode_per_defect,1355.74
profile,17,0.0005,2,max_isect_bytes,27910
profile,17,0.0005,2,max_isect_scan_bytes,23368
profile,17,0.0005,2,max_isect_hit_bytes,5064
profile,17,0.0005,2,max_isect_bytes_other_mode,104688
profile,17,0.0005,2,p99_isect_bytes,23366
profile,17,0.0005,2,p999_isect_bytes,27311
profile,17,0.0005,2,hbld_edges_written,60.603
profile,17,0.0005,2,max_hbld_edges_written,164
profile,17,0.0005,2,p99_hbld_edges_written,134
profile,17,0.0005,2,p999_hbld_edges_written,151
profile,17,0.0005,2,h_max_degree,14
profile,17,0.0005,2,mwpm_init_elements,153.008
profile,17,0.0005,2,mwpm_init_node_elements,44.614
profile,17,0.0005,2,mwpm_init_edge_elements,108.394
profile,17,0.0005,2,max_mwpm_init_elements,366
profile,17,0.0005,2,p99_mwpm_init_elements,306
profile,17,0.0005,2,p999_mwpm_init_elements,340
profile,17,0.001,1.5,mean_total_ns,60502.6
profile,17,0.001,1.5,mean_g_reference_ns,32958.5
profile,17,0.001,1.5,speedup_vs_m1,0.544744
profile,17,0.001,1.5,mean_stock_ns,23742.2
profile,17,0.001,1.5,p50_total_ns,57500
profile,17,0.001,1.5,p99_total_ns,127453
profile,17,0.001,1.5,p999_total_ns,186434
profile,17,0.001,1.5,mean_h_nodes,75.9305
profile,17,0.001,1.5,mean_h_edges,85.8675
profile,17,0.001,1.5,mean_degree,2.26174
profile,17,0.001,1.5,max_degree,13
profile,17,0.001,1.5,frac_intersect,0.618713
profile,17,0.001,1.5,frac_h_build,0.0175003
profile,17,0.001,1.5,frac_mwpm_build,0.0864386
profile,17,0.001,1.5,frac_blossom_on_h,0.21433
profile,17,0.001,1.5,frac_harvest,0.0457328
profile,17,0.001,1.5,residual_density,0.000144869
profile,17,0.001,1.5,q,0.011
profile,17,0.001,1.5,residual_tie_rate,0
profile,17,0.001,1.5,pairing_tie_rate,0.0015
profile,17,0.001,1.5,mean_restarts,0
profile,17,0.001,1.5,isect_mode_bitset,1
profile,17,0.001,1.5,isect_bytes,27505
profile,17,0.001,1.5,isect_scan_bytes,23369
profile,17,0.001,1.5,isect_hit_bytes,4135.99
profile,17,0.001,1.5,isect_bytes_other_mode,50037.2
profile,17,0.001,1.5,isect_bytes_per_defect,362.239
profile,17,0.001,1.5,isect_scan_bytes_per_defect,307.768
profile,17,0.001,1.5,isect_hit_bytes_per_defect,54.4708
profile,17,0.001,1.5,isect_bytes_other_mode_per_defect,658.986
profile,17,0.001,1.5,max_isect_bytes,46237
profile,17,0.001,1.5,max_isect_scan_bytes,38376
profile,17,0.001,1.5,max_isect_hit_bytes,9012
profile,17,0.001,1.5,max_isect_bytes_other_mode,83088
profile,17,0.001,1.5,p99_isect_bytes,41468
profile,17,0.001,1.5,p999_isect_bytes,45265
profile,17,0.001,1.5,hbld_edges_written,98.5335
profile,17,0.001,1.5,max_hbld_edges_written,209
profile,17,0.001,1.5,p99_hbld_edges_written,177
profile,17,0.001,1.5,p999_hbld_edges_written,196
profile,17,0.001,1.5,h_max_degree,13
profile,17,0.001,1.5,mwpm_init_elements,268.425
profile,17,0.001,1.5,mwpm_init_node_elements,84.024
profile,17,0.001,1.5,mwpm_init_edge_elements,184.401
profile,17,0.001,1.5,max_mwpm_init_elements,507
profile,17,0.001,1.5,p99_mwpm_init_elements,448
profile,17,0.001,1.5,p999_mwpm_init_elements,484
profile,17,0.001,2,mean_total_ns,65881.9
profile,17,0.001,2,mean_g_reference_ns,34761.7
profile,17,0.001,2,speedup_vs_m1,0.527637
profile,17,0.001,2,mean_stock_ns,23742.2
profile,17,0.001,2,p50_total_ns,62498
profile,17,0.001,2,p99_total_ns,137852
profile,17,0.001,2,p999_total_ns,209078
profile,17,0.001,2,mean_h_nodes,75.9305
profile,17,0.001,2,mean_h_edges,142.198
profile,17,0.001,2,mean_degree,3.74549
profile,17,0.001,2,max_degree,19
profile,17,0.001,2,frac_intersect,0.569381
profile,17,0.001,2,frac_h_build,0.0281189
profile,17,0.001,2,frac_mwpm_build,0.111848
profile,17,0.001,2,frac_blossom_on_h,0.229201
profile,17,0.001,2,frac_harvest,0.0452516
profile,17,0.001,2,residual_density,0
profile,17,0.001,2,q,0
profile,17,0.001,2,residual_tie_rate,0
profile,17,0.001,2,pairing_tie_rate,0.0015
profile,17,0.001,2,mean_restarts,0
profile,17,0.001,2,isect_mode_bitset,1
profile,17,0.001,2,isect_bytes,28619.3
profile,17,0.001,2,isect_scan_bytes,23369
profile,17,0.001,2,isect_hit_bytes,5250.29
profile,17,0.001,2,isect_bytes_other_mode,104317
profile,17,0.001,2,isect_bytes_per_defect,376.914
profile,17,0.001,2,isect_scan_bytes_per_defect,307.768
profile,17,0.001,2,isect_hit_bytes_per_defect,69.1461
profile,17,0.001,2,isect_bytes_other_mode_per_defect,1373.84
profile,17,0.001,2,max_isect_bytes,48665
profile,17,0.001,2,max_isect_scan_bytes,38376
profile,17,0.001,2,max_isect_hit_bytes,11752
profile,17,0.001,2,max_isect_bytes_other_mode,173216
profile,17,0.001,2,p99_isect_bytes,43673
profile,17,0.001,2,p999_isect_bytes,47545
profile,17,0.001,2,hbld_edges_written,167.001
profile,17,0.001,2,max_hbld_edges_written,371
profile,17,0.001,2,p99_hbld_edges_written,311
profile,17,0.001,2,p999_hbld_edges_written,350
profile,17,0.001,2,h_max_degree,19
profile,17,0.001,2,mwpm_init_elements,393.224
profile,17,0.001,2,mwpm_init_node_elements,84.024
profile,17,0.001,2,mwpm_init_edge_elements,309.2
profile,17,0.001,2,max_mwpm_init_elements,820
profile,17,0.001,2,p99_mwpm_init_elements,691
profile,17,0.001,2,p999_mwpm_init_elements,781
profile,23,0.0001,1.5,mean_total_ns,15899.5
profile,23,0.0001,1.5,mean_g_reference_ns,11258.2
profile,23,0.0001,1.5,speedup_vs_m1,0.708086
profile,23,0.0001,1.5,mean_stock_ns,7371.56
profile,23,0.0001,1.5,p50_total_ns,15249
profile,23,0.0001,1.5,p99_total_ns,41890
profile,23,0.0001,1.5,p999_total_ns,72568
profile,23,0.0001,1.5,mean_h_nodes,19.398
profile,23,0.0001,1.5,mean_h_edges,11.008
profile,23,0.0001,1.5,mean_degree,1.13496
profile,23,0.0001,1.5,max_degree,7
profile,23,0.0001,1.5,frac_intersect,0.615009
profile,23,0.0001,1.5,frac_h_build,0.00683673
profile,23,0.0001,1.5,frac_mwpm_build,0.068181
profile,23,0.0001,1.5,frac_blossom_on_h,0.222078
profile,23,0.0001,1.5,frac_harvest,0.063636
profile,23,0.0001,1.5,residual_density,0
profile,23,0.0001,1.5,q,0
profile,23,0.0001,1.5,residual_tie_rate,0
profile,23,0.0001,1.5,pairing_tie_rate,0.0005
profile,23,0.0001,1.5,mean_restarts,0
profile,23,0.0001,1.5,isect_mode_bitset,1
profile,23,0.0001,1.5,isect_bytes,11016.2
profile,23,0.0001,1.5,isect_scan_bytes,10540.2
profile,23,0.0001,1.5,isect_hit_bytes,476.03
profile,23,0.0001,1.5,isect_bytes_other_mode,13286.1
profile,23,0.0001,1.5,isect_bytes_per_defect,567.906
profile,23,0.0001,1.5,isect_scan_bytes_per_defect,543.366
profile,23,0.0001,1.5,isect_hit_bytes_per_defect,24.5402
profile,23,0.0001,1.5,isect_bytes_other_mode_per_defect,684.922
profile,23,0.0001,1.5,max_isect_bytes,29853
profile,23,0.0001,1.5,max_isect_scan_bytes,28040
profile,23,0.0001,1.5,max_isect_hit_bytes,1813
profile,23,0.0001,1.5,max_isect_bytes_other_mode,36176
profile,23,0.0001,1.5,p99_isect_bytes,22903
profile,23,0.0001,1.5,p999_isect_bytes,26851
profile,23,0.0001,1.5,hbld_edges_written,13.419
profile,23,0.0001,1.5,max_hbld_edges_written,46
profile,23,0.0001,1.5,p99_hbld_edges_written,32
profile,23,0.0001,1.5,p999_hbld_edges_written,42
profile,23,0.0001,1.5,h_max_degree,7
profile,23,0.0001,1.5,mwpm_init_elements,47.9395
profile,23,0.0001,1.5,mwpm_init_node_elements,23.5125
profile,23,0.0001,1.5,mwpm_init_edge_elements,24.427
profile,23,0.0001,1.5,max_mwpm_init_elements,139
profile,23,0.0001,1.5,p99_mwpm_init_elements,94
profile,23,0.0001,1.5,p999_mwpm_init_elements,112
profile,23,0.0001,2,mean_total_ns,15995.6
profile,23,0.0001,2,mean_g_reference_ns,11162.2
profile,23,0.0001,2,speedup_vs_m1,0.697832
profile,23,0.0001,2,mean_stock_ns,7371.56
profile,23,0.0001,2,p50_total_ns,15499
profile,23,0.0001,2,p99_total_ns,43443
profile,23,0.0001,2,p999_total_ns,72688
profile,23,0.0001,2,mean_h_nodes,19.398
profile,23,0.0001,2,mean_h_edges,12.7275
profile,23,0.0001,2,mean_degree,1.31225
profile,23,0.0001,2,max_degree,9
profile,23,0.0001,2,frac_intersect,0.598231
profile,23,0.0001,2,frac_h_build,0.00833295
profile,23,0.0001,2,frac_mwpm_build,0.0775855
profile,23,0.0001,2,frac_blossom_on_h,0.229347
profile,23,0.0001,2,frac_harvest,0.0625436
profile,23,0.0001,2,residual_density,0
profile,23,0.0001,2,q,0
profile,23,0.0001,2,residual_tie_rate,0
profile,23,0.0001,2,pairing_tie_rate,0.0005
profile,23,0.0001,2,mean_restarts,0
profile,23,0.0001,2,isect_mode_bitset,1
profile,23,0.0001,2,isect_bytes,11083.4
profile,23,0.0001,2,isect_scan_bytes,10540.2
profile,23,0.0001,2,isect_hit_bytes,543.146
profile,23,0.0001,2,isect_bytes_other_mode,27594.8
profile,23,0.0001,2,isect_bytes_per_defect,571.366
profile,23,0.0001,2,isect_scan_bytes_per_defect,543.366
profile,23,0.0001,2,isect_hit_bytes_per_defect,28.0001
profile,23,0.0001,2,isect_bytes_other_mode_per_defect,1422.56
profile,23,0.0001,2,max_isect_bytes,30141
profile,23,0.0001,2,max_isect_scan_bytes,28040
profile,23,0.0001,2,max_isect_hit_bytes,2101
profile,23,0.0001,2,max_isect_bytes_other_mode,77584
profile,23,0.0001,2,p99_isect_bytes,23063
profile,23,0.0001,2,p999_isect_bytes,27059
profile,23,0.0001,2,hbld_edges_written,17.452
profile,23,0.0001,2,max_hbld_edges_written,64
profile,23,0.0001,2,p99_hbld_edges_written,43
profile,23,0.0001,2,p999_hbld_edges_written,56
profile,23,0.0001,2,h_max_degree,9
profile,23,0.0001,2,mwpm_init_elements,53.692
profile,23,0.0001,2,mwpm_init_node_elements,23.5125
profile,23,0.0001,2,mwpm_init_edge_elements,30.1795
profile,23,0.0001,2,max_mwpm_init_elements,174
profile,23,0.0001,2,p99_mwpm_init_elements,112
profile,23,0.0001,2,p999_mwpm_init_elements,138
profile,23,0.0003,1.5,mean_total_ns,50927.6
profile,23,0.0003,1.5,mean_g_reference_ns,34850.7
profile,23,0.0003,1.5,speedup_vs_m1,0.684319
profile,23,0.0003,1.5,mean_stock_ns,23097.2
profile,23,0.0003,1.5,p50_total_ns,48121
profile,23,0.0003,1.5,p99_total_ns,118225
profile,23,0.0003,1.5,p999_total_ns,181033
profile,23,0.0003,1.5,mean_h_nodes,58.0455
profile,23,0.0003,1.5,mean_h_edges,40.513
profile,23,0.0003,1.5,mean_degree,1.3959
profile,23,0.0003,1.5,max_degree,9
profile,23,0.0003,1.5,frac_intersect,0.60849
profile,23,0.0003,1.5,frac_h_build,0.00873525
profile,23,0.0003,1.5,frac_mwpm_build,0.0684549
profile,23,0.0003,1.5,frac_blossom_on_h,0.231146
profile,23,0.0003,1.5,frac_harvest,0.0671315
profile,23,0.0003,1.5,residual_density,5.16836e-05
profile,23,0.0003,1.5,q,0.003
profile,23,0.0003,1.5,residual_tie_rate,0
profile,23,0.0003,1.5,pairing_tie_rate,0
profile,23,0.0003,1.5,mean_restarts,0
profile,23,0.0003,1.5,isect_mode_bitset,1
profile,23,0.0003,1.5,isect_bytes,33373.6
profile,23,0.0003,1.5,isect_scan_bytes,31562.1
profile,23,0.0003,1.5,isect_hit_bytes,1811.41
profile,23,0.0003,1.5,isect_bytes_other_mode,39753
profile,23,0.0003,1.5,isect_bytes_per_defect,574.955
profile,23,0.0003,1.5,isect_scan_bytes_per_defect,543.748
profile,23,0.0003,1.5,isect_hit_bytes_per_defect,31.2066
profile,23,0.0003,1.5,isect_bytes_other_mode_per_defect,684.86
profile,23,0.0003,1.5,max_isect_bytes,64510
profile,23,0.0003,1.5,max_isect_scan_bytes,58880
profile,23,0.0003,1.5,max_isect_hit_bytes,5630
profile,23,0.0003,1.5,max_isect_bytes_other_mode,75760
profile,23,0.0003,1.5,p99_isect_bytes,52373
profile,23,0.0003,1.5,p999_isect_bytes,60704
profile,23,0.0003,1.5,hbld_edges_written,47.555
profile,23,0.0003,1.5,max_hbld_edges_written,144
profile,23,0.0003,1.5,p99_hbld_edges_written,87
profile,23,0.0003,1.5,p999_hbld_edges_written,101
profile,23,0.0003,1.5,h_max_degree,9
profile,23,0.0003,1.5,mwpm_init_elements,153.325
profile,23,0.0003,1.5,mwpm_init_node_elements,65.2565
profile,23,0.0003,1.5,mwpm_init_edge_elements,88.068
profile,23,0.0003,1.5,max_mwpm_init_elements,384
profile,23,0.0003,1.5,p99_mwpm_init_elements,250
profile,23,0.0003,1.5,p999_mwpm_init_elements,280
profile,23,0.0003,2,mean_total_ns,54711.8
profile,23,0.0003,2,mean_g_reference_ns,36591.2
profile,23,0.0003,2,speedup_vs_m1,0.668799
profile,23,0.0003,2,mean_stock_ns,23097.2
profile,23,0.0003,2,p50_total_ns,51387
profile,23,0.0003,2,p99_total_ns,124105
profile,23,0.0003,2,p999_total_ns,189280
profile,23,0.0003,2,mean_h_nodes,58.0455
profile,23,0.0003,2,mean_h_edges,54.504
profile,23,0.0003,2,mean_degree,1.87798
profile,23,0.0003,2,max_degree,13
profile,23,0.0003,2,frac_intersect,0.597167
profile,23,0.0003,2,frac_h_build,0.0118071
profile,23,0.0003,2,frac_mwpm_build,0.0845566
profile,23,0.0003,2,frac_blossom_on_h,0.229098
profile,23,0.0003,2,frac_harvest,0.0619798
profile,23,0.0003,2,residual_density,0
profile,23,0.0003,2,q,0
profile,23,0.0003,2,residual_tie_rate,0
profile,23,0.0003,2,pairing_tie_rate,0
profile,23,0.0003,2,mean_restarts,0
profile,23,0.0003,2,isect_mode_bitset,1
profile,23,0.0003,2,isect_bytes,33717
profile,23,0.0003,2,isect_scan_bytes,31562.1
profile,23,0.0003,2,isect_hit_bytes,2154.88
profile,23,0.0003,2,isect_bytes_other_mode,82990.7
profile,23,0.0003,2,isect_bytes_per_defect,580.872
profile,23,0.0003,2,isect_scan_bytes_per_defect,543.748
profile,23,0.0003,2,isect_hit_bytes_per_defect,37.1239
profile,23,0.0003,2,isect_bytes_other_mode_per_defect,1429.75
profile,23,0.0003,2,max_isect_bytes,65586
profile,23,0.0003,2,max_isect_scan_bytes,58880
profile,23,0.0003,2,max_isect_hit_bytes,6706
profile,23,0.0003,2,max_isect_bytes_other_mode,157584
profile,23,0.0003,2,p99_isect_bytes,53173
profile,23,0.0003,2,p999_isect_bytes,61336
profile,23,0.0003,2,hbld_edges_written,68.523
profile,23,0.0003,2,max_hbld_edges_written,209
profile,23,0.0003,2,p99_hbld_edges_written,130
profile,23,0.0003,2,p999_hbld_edges_written,145
profile,23,0.0003,2,h_max_degree,13
profile,23,0.0003,2,mwpm_init_elements,188.284
profile,23,0.0003,2,mwpm_init_node_elements,65.2565
profile,23,0.0003,2,mwpm_init_edge_elements,123.027
profile,23,0.0003,2,max_mwpm_init_elements,502
profile,23,0.0003,2,p99_mwpm_init_elements,325
profile,23,0.0003,2,p999_mwpm_init_elements,366
profile,23,0.0005,1.5,mean_total_ns,94150.6
profile,23,0.0005,1.5,mean_g_reference_ns,62285.7
profile,23,0.0005,1.5,speedup_vs_m1,0.661554
profile,23,0.0005,1.5,mean_stock_ns,42521.9
profile,23,0.0005,1.5,p50_total_ns,90433
profile,23,0.0005,1.5,p99_total_ns,204650
profile,23,0.0005,1.5,p999_total_ns,319206
profile,23,0.0005,1.5,mean_h_nodes,97.2375
profile,23,0.0005,1.5,mean_h_edges,81.7185
profile,23,0.0005,1.5,mean_degree,1.6808
profile,23,0.0005,1.5,max_degree,11
profile,23,0.0005,1.5,frac_intersect,0.615002
profile,23,0.0005,1.5,frac_h_build,0.0103345
profile,23,0.0005,1.5,frac_mwpm_build,0.0731211
profile,23,0.0005,1.5,frac_blossom_on_h,0.224134
profile,23,0.0005,1.5,frac_harvest,0.0646147
profile,23,0.0005,1.5,residual_density,6.68466e-05
profile,23,0.0005,1.5,q,0.0055
profile,23,0.0005,1.5,residual_tie_rate,0
profile,23,0.0005,1.5,pairing_tie_rate,0.0005
profile,23,0.0005,1.5,mean_restarts,0
profile,23,0.0005,1.5,isect_mode_bitset,1
profile,23,0.0005,1.5,isect_bytes,60663
profile,23,0.0005,1.5,isect_scan_bytes,56928.5
profile,23,0.0005,1.5,isect_hit_bytes,3734.53
profile,23,0.0005,1.5,isect_bytes_other_mode,67245.5
profile,23,0.0005,1.5,isect_bytes_per_defect,623.864
profile,23,0.0005,1.5,isect_scan_bytes_per_defect,585.458
profile,23,0.0005,1.5,isect_hit_bytes_per_defect,38.4063
profile,23,0.0005,1.5,isect_bytes_other_mode_per_defect,691.56
profile,23,0.0005,1.5,max_isect_bytes,101780
profile,23,0.0005,1.5,max_isect_scan_bytes,94616
profile,23,0.0005,1.5,max_isect_hit_bytes,7866
profile,23,0.0005,1.5,max_isect_bytes_other_mode,107616
profile,23,0.0005,1.5,p99_isect_bytes,86625
profile,23,0.0005,1.5,p999_isect_bytes,96170
profile,23,0.0005,1.5,hbld_edges_written,93.7015
profile,23,0.0005,1.5,max_hbld_edges_written,190
profile,23,0.0005,1.5,p99_hbld_edges_written,162
profile,23,0.0005,1.5,p999_hbld_edges_written,181
profile,23,0.0005,1.5,h_max_degree,11
profile,23,0.0005,1.5,mwpm_init_elements,281.656
profile,23,0.0005,1.5,mwpm_init_node_elements,106.237
profile,23,0.0005,1.5,mwpm_init_edge_elements,175.42
profile,23,0.0005,1.5,max_mwpm_init_elements,502
profile,23,0.0005,1.5,p99_mwpm_init_elements,441
profile,23,0.0005,1.5,p999_mwpm_init_elements,489
profile,23,0.0005,2,mean_total_ns,98760.5
profile,23,0.0005,2,mean_g_reference_ns,63282.2
profile,23,0.0005,2,speedup_vs_m1,0.640764
profile,23,0.0005,2,mean_stock_ns,42521.9
profile,23,0.0005,2,p50_total_ns,94270
profile,23,0.0005,2,p99_total_ns,204378
profile,23,0.0005,2,p999_total_ns,389019
profile,23,0.0005,2,mean_h_nodes,97.2375
profile,23,0.0005,2,mean_h_edges,120.939
profile,23,0.0005,2,mean_degree,2.48751
profile,23,0.0005,2,max_degree,14
profile,23,0.0005,2,frac_intersect,0.586202
profile,23,0.0005,2,frac_h_build,0.0156471
profile,23,0.0005,2,frac_mwpm_build,0.0897534
profile,23,0.0005,2,frac_blossom_on_h,0.233562
profile,23,0.0005,2,frac_harvest,0.0623723
profile,23,0.0005,2,residual_density,0
profile,23,0.0005,2,q,0
profile,23,0.0005,2,residual_tie_rate,0
profile,23,0.0005,2,pairing_tie_rate,0.0005
profile,23,0.0005,2,mean_restarts,0
profile,23,0.0005,2,isect_mode_bitset,1
profile,23,0.0005,2,isect_bytes,61492.2
profile,23,0.0005,2,isect_scan_bytes,56928.5
profile,23,0.0005,2,isect_hit_bytes,4563.72
profile,23,0.0005,2,isect_bytes_other_mode,140718
profile,23,0.0005,2,isect_bytes_per_defect,632.392
profile,23,0.0005,2,isect_scan_bytes_per_defect,585.458
profile,23,0.0005,2,isect_hit_bytes_per_defect,46.9337
profile,23,0.0005,2,isect_bytes_other_mode_per_defect,1447.16
profile,23,0.0005,2,max_isect_bytes,103440
profile,23,0.0005,2,max_isect_scan_bytes,94616
profile,23,0.0005,2,max_isect_hit_bytes,10086
profile,23,0.0005,2,max_isect_bytes_other_mode,227920
profile,23,0.0005,2,p99_isect_bytes,88332
profile,23,0.0005,2,p999_isect_bytes,98390
profile,23,0.0005,2,hbld_edges_written,144.664
profile,23,0.0005,2,max_hbld_edges_written,317
profile,23,0.0005,2,p99_hbld_edges_written,254
profile,23,0.0005,2,p999_hbld_edges_written,287
profile,23,0.0005,2,h_max_degree,14
profile,23,0.0005,2,mwpm_init_elements,371.84
profile,23,0.0005,2,mwpm_init_node_elements,106.237
profile,23,0.0005,2,mwpm_init_edge_elements,265.603
profile,23,0.0005,2,max_mwpm_init_elements,752
profile,23,0.0005,2,p99_mwpm_init_elements,610
profile,23,0.0005,2,p999_mwpm_init_elements,685
profile,23,0.001,1.5,mean_total_ns,220851
profile,23,0.001,1.5,mean_g_reference_ns,135691
profile,23,0.001,1.5,speedup_vs_m1,0.6144
profile,23,0.001,1.5,mean_stock_ns,87889.7
profile,23,0.001,1.5,p50_total_ns,210570
profile,23,0.001,1.5,p99_total_ns,468050
profile,23,0.001,1.5,p999_total_ns,592286
profile,23,0.001,1.5,mean_h_nodes,192.812
profile,23,0.001,1.5,mean_h_edges,226.513
profile,23,0.001,1.5,mean_degree,2.34957
profile,23,0.001,1.5,max_degree,14
profile,23,0.001,1.5,frac_intersect,0.606835
profile,23,0.001,1.5,frac_h_build,0.0133301
profile,23,0.001,1.5,frac_mwpm_build,0.0769168
profile,23,0.001,1.5,frac_blossom_on_h,0.231104
profile,23,0.001,1.5,frac_harvest,0.0617231
profile,23,0.001,1.5,residual_density,0.000152999
profile,23,0.001,1.5,q,0.028
profile,23,0.001,1.5,residual_tie_rate,0
profile,23,0.001,1.5,pairing_tie_rate,0.003
profile,23,0.001,1.5,mean_restarts,0
profile,23,0.001,1.5,isect_mode_bitset,1
profile,23,0.001,1.5,isect_bytes,123606
profile,23,0.001,1.5,isect_scan_bytes,112882
profile,23,0.001,1.5,isect_hit_bytes,10724.7
profile,23,0.001,1.5,isect_bytes_other_mode,133623
profile,23,0.001,1.5,isect_bytes_per_defect,641.072
profile,23,0.001,1.5,isect_scan_bytes_per_defect,585.449
profile,23,0.001,1.5,isect_hit_bytes_per_defect,55.6224
profile,23,0.001,1.5,isect_bytes_other_mode_per_defect,693.021
profile,23,0.001,1.5,max_isect_bytes,177891
profile,23,0.001,1.5,max_isect_scan_bytes,159160
profile,23,0.001,1.5,max_isect_hit_bytes,18893
profile,23,0.001,1.5,max_isect_bytes_other_mode,185760
profile,23,0.001,1.5,p99_isect_bytes,162422
profile,23,0.001,1.5,p999_isect_bytes,171914
profile,23,0.001,1.5,hbld_edges_written,250.015
profile,23,0.001,1.5,max_hbld_edges_written,433
profile,23,0.001,1.5,p99_hbld_edges_written,381
profile,23,0.001,1.5,p999_hbld_edges_written,424
profile,23,0.001,1.5,h_max_degree,14
profile,23,0.001,1.5,mwpm_init_elements,682.186
profile,23,0.001,1.5,mwpm_init_node_elements,205.657
profile,23,0.001,1.5,mwpm_init_edge_elements,476.528
profile,23,0.001,1.5,max_mwpm_init_elements,1095
profile,23,0.001,1.5,p99_mwpm_init_elements,975
profile,23,0.001,1.5,p999_mwpm_init_elements,1069
profile,23,0.001,2,mean_total_ns,243297
profile,23,0.001,2,mean_g_reference_ns,144375
profile,23,0.001,2,speedup_vs_m1,0.593411
profile,23,0.001,2,mean_stock_ns,87889.7
profile,23,0.001,2,p50_total_ns,232031
profile,23,0.001,2,p99_total_ns,494861
profile,23,0.001,2,p999_total_ns,696093
profile,23,0.001,2,mean_h_nodes,192.812
profile,23,0.001,2,mean_h_edges,382.933
profile,23,0.001,2,mean_degree,3.97209
profile,23,0.001,2,max_degree,23
profile,23,0.001,2,frac_intersect,0.566421
profile,23,0.001,2,frac_h_build,0.0214537
profile,23,0.001,2,frac_mwpm_build,0.102645
profile,23,0.001,2,frac_blossom_on_h,0.240222
profile,23,0.001,2,frac_harvest,0.0595778
profile,23,0.001,2,residual_density,2.5932e-06
profile,23,0.001,2,q,0.0005
profile,23,0.001,2,residual_tie_rate,0
profile,23,0.001,2,pairing_tie_rate,0.003
profile,23,0.001,2,mean_restarts,0
profile,23,0.001,2,isect_mode_bitset,1
profile,23,0.001,2,isect_bytes,126515
profile,23,0.001,2,isect_scan_bytes,112882
profile,23,0.001,2,isect_hit_bytes,13633.2
profile,23,0.001,2,isect_bytes_other_mode,283490
profile,23,0.001,2,isect_bytes_per_defect,656.156
profile,23,0.001,2,isect_scan_bytes_per_defect,585.449
profile,23,0.001,2,isect_hit_bytes_per_defect,70.707
profile,23,0.001,2,isect_bytes_other_mode_per_defect,1470.29
profile,23,0.001,2,max_isect_bytes,182903
profile,23,0.001,2,max_isect_scan_bytes,159160
profile,23,0.001,2,max_isect_hit_bytes,24213
profile,23,0.001,2,max_isect_bytes_other_mode,394256
profile,23,0.001,2,p99_isect_bytes,167442
profile,23,0.001,2,p999_isect_bytes,177670
profile,23,0.001,2,hbld_edges_written,429.832
profile,23,0.001,2,max_hbld_edges_written,759
profile,23,0.001,2,p99_hbld_edges_written,671
profile,23,0.001,2,p999_hbld_edges_written,744
profile,23,0.001,2,h_max_degree,23
profile,23,0.001,2,mwpm_init_elements,1018.42
profile,23,0.001,2,mwpm_init_node_elements,205.657
profile,23,0.001,2,mwpm_init_edge_elements,812.765
profile,23,0.001,2,max_mwpm_init_elements,1708
profile,23,0.001,2,p99_mwpm_init_elements,1533
profile,23,0.001,2,p999_mwpm_init_elements,1692
profile,29,0.0001,1.5,mean_total_ns,41874.7
profile,29,0.0001,1.5,mean_g_reference_ns,28962.9
profile,29,0.0001,1.5,speedup_vs_m1,0.691657
profile,29,0.0001,1.5,mean_stock_ns,22200.3
profile,29,0.0001,1.5,p50_total_ns,39616
profile,29,0.0001,1.5,p99_total_ns,103327
profile,29,0.0001,1.5,p999_total_ns,165304
profile,29,0.0001,1.5,mean_h_nodes,39.637
profile,29,0.0001,1.5,mean_h_edges,22.5725
profile,29,0.0001,1.5,mean_degree,1.13896
profile,29,0.0001,1.5,max_degree,7
profile,29,0.0001,1.5,frac_intersect,0.657688
profile,29,0.0001,1.5,frac_h_build,0.00568182
profile,29,0.0001,1.5,frac_mwpm_build,0.0566208
profile,29,0.0001,1.5,frac_blossom_on_h,0.204742
profile,29,0.0001,1.5,frac_harvest,0.0605767
profile,29,0.0001,1.5,residual_density,2.5229e-05
profile,29,0.0001,1.5,q,0.001
profile,29,0.0001,1.5,residual_tie_rate,0
profile,29,0.0001,1.5,pairing_tie_rate,0
profile,29,0.0001,1.5,mean_restarts,0
profile,29,0.0001,1.5,isect_mode_bitset,1
profile,29,0.0001,1.5,isect_bytes,35879.2
profile,29,0.0001,1.5,isect_scan_bytes,34937.1
profile,29,0.0001,1.5,isect_hit_bytes,942.015
profile,29,0.0001,1.5,isect_bytes_other_mode,27950.8
profile,29,0.0001,1.5,isect_bytes_per_defect,905.194
profile,29,0.0001,1.5,isect_scan_bytes_per_defect,881.427
profile,29,0.0001,1.5,isect_hit_bytes_per_defect,23.7661
profile,29,0.0001,1.5,isect_bytes_other_mode_per_defect,705.169
profile,29,0.0001,1.5,max_isect_bytes,74127
profile,29,0.0001,1.5,max_isect_scan_bytes,72248
profile,29,0.0001,1.5,max_isect_hit_bytes,2263
profile,29,0.0001,1.5,max_isect_bytes_other_mode,57040
profile,29,0.0001,1.5,p99_isect_bytes,60706
profile,29,0.0001,1.5,p999_isect_bytes,70678
profile,29,0.0001,1.5,hbld_edges_written,26.417
profile,29,0.0001,1.5,max_hbld_edges_written,61
profile,29,0.0001,1.5,p99_hbld_edges_written,52
profile,29,0.0001,1.5,p999_hbld_edges_written,60
profile,29,0.0001,1.5,h_max_degree,7
profile,29,0.0001,1.5,mwpm_init_elements,94.6495
profile,29,0.0001,1.5,mwpm_init_node_elements,45.66
profile,29,0.0001,1.5,mwpm_init_edge_elements,48.9895
profile,29,0.0001,1.5,max_mwpm_init_elements,188
profile,29,0.0001,1.5,p99_mwpm_init_elements,161
profile,29,0.0001,1.5,p999_mwpm_init_elements,185
profile,29,0.0001,2,mean_total_ns,43364.7
profile,29,0.0001,2,mean_g_reference_ns,28919.6
profile,29,0.0001,2,speedup_vs_m1,0.666893
profile,29,0.0001,2,mean_stock_ns,22200.3
profile,29,0.0001,2,p50_total_ns,40617
profile,29,0.0001,2,p99_total_ns,102686
profile,29,0.0001,2,p999_total_ns,167709
profile,29,0.0001,2,mean_h_nodes,39.637
profile,29,0.0001,2,mean_h_edges,26.0665
profile,29,0.0001,2,mean_degree,1.31526
profile,29,0.0001,2,max_degree,9
profile,29,0.0001,2,frac_intersect,0.648285
profile,29,0.0001,2,frac_h_build,0.00659813
profile,29,0.0001,2,frac_mwpm_build,0.06508
profile,29,0.0001,2,frac_blossom_on_h,0.208321
profile,29,0.0001,2,frac_harvest,0.0573212
profile,29,0.0001,2,residual_density,0
profile,29,0.0001,2,q,0
profile,29,0.0001,2,residual_tie_rate,0
profile,29,0.0001,2,pairing_tie_rate,0
profile,29,0.0001,2,mean_restarts,0
profile,29,0.0001,2,isect_mode_bitset,1
profile,29,0.0001,2,isect_bytes,36000.3
profile,29,0.0001,2,isect_scan_bytes,34937.1
profile,29,0.0001,2,isect_hit_bytes,1063.21
profile,29,0.0001,2,isect_bytes_other_mode,58642.4
profile,29,0.0001,2,isect_bytes_per_defect,908.251
profile,29,0.0001,2,isect_scan_bytes_per_defect,881.427
profile,29,0.0001,2,isect_hit_bytes_per_defect,26.8236
profile,29,0.0001,2,isect_bytes_other_mode_per_defect,1479.49
profile,29,0.0001,2,max_isect_bytes,74479
profile,29,0.0001,2,max_isect_scan_bytes,72248
profile,29,0.0001,2,max_isect_hit_bytes,2815
profile,29,0.0001,2,max_isect_bytes_other_mode,119488
profile,29,0.0001,2,p99_isect_bytes,61032
profile,29,0.0001,2,p999_isect_bytes,70978
profile,29,0.0001,2,hbld_edges_written,33.757
profile,29,0.0001,2,max_hbld_edges_written,88
profile,29,0.0001,2,p99_hbld_edges_written,69
profile,29,0.0001,2,p999_hbld_edges_written,80
profile,29,0.0001,2,h_max_degree,9
profile,29,0.0001,2,mwpm_init_elements,105.484
profile,29,0.0001,2,mwpm_init_node_elements,45.66
profile,29,0.0001,2,mwpm_init_edge_elements,59.8235
profile,29,0.0001,2,max_mwpm_init_elements,230
profile,29,0.0001,2,p99_mwpm_init_elements,185
profile,29,0.0001,2,p999_mwpm_init_elements,213
profile,29,0.0003,1.5,mean_total_ns,143381
profile,29,0.0003,1.5,mean_g_reference_ns,92943.7
profile,29,0.0003,1.5,speedup_vs_m1,0.648227
profile,29,0.0003,1.5,mean_stock_ns,71969.7
profile,29,0.0003,1.5,p50_total_ns,137542
profile,29,0.0003,1.5,p99_total_ns,313666
profile,29,0.0003,1.5,p999_total_ns,401133
profile,29,0.0003,1.5,mean_h_nodes,118.872
profile,29,0.0003,1.5,mean_h_edges,84.0315
profile,29,0.0003,1.5,mean_degree,1.41381
profile,29,0.0003,1.5,max_degree,9
profile,29,0.0003,1.5,frac_intersect,0.652372
profile,29,0.0003,1.5,frac_h_build,0.00677119
profile,29,0.0003,1.5,frac_mwpm_build,0.0619349
profile,29,0.0003,1.5,frac_blossom_on_h,0.208667
profile,29,0.0003,1.5,frac_harvest,0.0599548
profile,29,0.0003,1.5,residual_density,3.36496e-05
profile,29,0.0003,1.5,q,0.004
profile,29,0.0003,1.5,residual_tie_rate,0
profile,29,0.0003,1.5,pairing_tie_rate,0
profile,29,0.0003,1.5,mean_restarts,0
profile,29,0.0003,1.5,isect_mode_bitset,1
profile,29,0.0003,1.5,isect_bytes,108440
profile,29,0.0003,1.5,isect_scan_bytes,104759
profile,29,0.0003,1.5,isect_hit_bytes,3680.62
profile,29,0.0003,1.5,isect_bytes_other_mode,83900.5
profile,29,0.0003,1.5,isect_bytes_per_defect,912.243
profile,29,0.0003,1.5,isect_scan_bytes_per_defect,881.28
profile,29,0.0003,1.5,isect_hit_bytes_per_defect,30.9629
profile,29,0.0003,1.5,isect_bytes_other_mode_per_defect,705.805
profile,29,0.0003,1.5,max_isect_bytes,175260
profile,29,0.0003,1.5,max_isect_scan_bytes,167784
profile,29,0.0003,1.5,max_isect_hit_bytes,7476
profile,29,0.0003,1.5,max_isect_bytes_other_mode,132440
profile,29,0.0003,1.5,p99_isect_bytes,150541
profile,29,0.0003,1.5,p999_isect_bytes,162601
profile,29,0.0003,1.5,hbld_edges_written,95.483
profile,29,0.0003,1.5,max_hbld_edges_written,189
profile,29,0.0003,1.5,p99_hbld_edges_written,151
profile,29,0.0003,1.5,p999_hbld_edges_written,170
profile,29,0.0003,1.5,h_max_degree,9
profile,29,0.0003,1.5,mwpm_init_elements,308.798
profile,29,0.0003,1.5,mwpm_init_node_elements,129.284
profile,29,0.0003,1.5,mwpm_init_edge_elements,179.514
profile,29,0.0003,1.5,max_mwpm_init_elements,546
profile,29,0.0003,1.5,p99_mwpm_init_elements,439
profile,29,0.0003,1.5,p999_mwpm_init_elements,496
profile,29,0.0003,2,mean_total_ns,139739
profile,29,0.0003,2,mean_g_reference_ns,90201.1
profile,29,0.0003,2,speedup_vs_m1,0.645496
profile,29,0.0003,2,mean_stock_ns,71969.7
profile,29,0.0003,2,p50_total_ns,134045
profile,29,0.0003,2,p99_total_ns,302705
profile,29,0.0003,2,p999_total_ns,416341
profile,29,0.0003,2,mean_h_nodes,118.872
profile,29,0.0003,2,mean_h_edges,114.698
profile,29,0.0003,2,mean_degree,1.92977
profile,29,0.0003,2,max_degree,13
profile,29,0.0003,2,frac_intersect,0.628266
profile,29,0.0003,2,frac_h_build,0.0103468
profile,29,0.0003,2,frac_mwpm_build,0.0735944
profile,29,0.0003,2,frac_blossom_on_h,0.216133
profile,29,0.0003,2,frac_harvest,0.0613739
profile,29,0.0003,2,residual_density,0
profile,29,0.0003,2,q,0
profile,29,0.0003,2,residual_tie_rate,0
profile,29,0.0003,2,pairing_tie_rate,0
profile,29,0.0003,2,mean_restarts,0
profile,29,0.0003,2,isect_mode_bitset,1
profile,29,0.0003,2,isect_bytes,109125
profile,29,0.0003,2,isect_scan_bytes,104759
profile,29,0.0003,2,isect_hit_bytes,4365.51
profile,29,0.0003,2,isect_bytes_other_mode,177032
profile,29,0.0003,2,isect_bytes_per_defect,918.004
profile,29,0.0003,2,isect_scan_bytes_per_defect,881.28
profile,29,0.0003,2,isect_hit_bytes_per_defect,36.7245
profile,29,0.0003,2,isect_bytes_other_mode_per_defect,1489.27
profile,29,0.0003,2,max_isect_bytes,176692
profile,29,0.0003,2,max_isect_scan_bytes,167784
profile,29,0.0003,2,max_isect_hit_bytes,8908
profile,29,0.0003,2,max_isect_bytes_other_mode,279680
profile,29,0.0003,2,p99_isect_bytes,151744
profile,29,0.0003,2,p999_isect_bytes,164041
profile,29,0.0003,2,hbld_edges_written,137.522
profile,29,0.0003,2,max_hbld_edges_written,278
profile,29,0.0003,2,p99_hbld_edges_written,223
profile,29,0.0003,2,p999_hbld_edges_written,252
profile,29,0.0003,2,h_max_degree,13
profile,29,0.0003,2,mwpm_init_elements,381.504
profile,29,0.0003,2,mwpm_init_node_elements,129.284
profile,29,0.0003,2,mwpm_init_edge_elements,252.22
profile,29,0.0003,2,max_mwpm_init_elements,715
profile,29,0.0003,2,p99_mwpm_init_elements,572
profile,29,0.0003,2,p999_mwpm_init_elements,642
profile,29,0.0005,1.5,mean_total_ns,258216
profile,29,0.0005,1.5,mean_g_reference_ns,158566
profile,29,0.0005,1.5,speedup_vs_m1,0.614082
profile,29,0.0005,1.5,mean_stock_ns,118715
profile,29,0.0005,1.5,p50_total_ns,245907
profile,29,0.0005,1.5,p99_total_ns,555906
profile,29,0.0005,1.5,p999_total_ns,652530
profile,29,0.0005,1.5,mean_h_nodes,196.922
profile,29,0.0005,1.5,mean_h_edges,167.859
profile,29,0.0005,1.5,mean_degree,1.70483
profile,29,0.0005,1.5,max_degree,12
profile,29,0.0005,1.5,frac_intersect,0.648113
profile,29,0.0005,1.5,frac_h_build,0.00814089
profile,29,0.0005,1.5,frac_mwpm_build,0.0661816
profile,29,0.0005,1.5,frac_blossom_on_h,0.211357
profile,29,0.0005,1.5,frac_harvest,0.0569364
profile,29,0.0005,1.5,residual_density,3.0469e-05
profile,29,0.0005,1.5,q,0.006
profile,29,0.0005,1.5,residual_tie_rate,0
profile,29,0.0005,1.5,pairing_tie_rate,0.0025
profile,29,0.0005,1.5,mean_restarts,0
profile,29,0.0005,1.5,isect_mode_bitset,1
profile,29,0.0005,1.5,isect_bytes,195265
profile,29,0.0005,1.5,isect_scan_bytes,187718
profile,29,0.0005,1.5,isect_hit_bytes,7547.15
profile,29,0.0005,1.5,isect_bytes_other_mode,140361
profile,29,0.0005,1.5,isect_bytes_per_defect,991.586
profile,29,0.0005,1.5,isect_scan_bytes_per_defect,953.261
profile,29,0.0005,1.5,isect_hit_bytes_per_defect,38.3257
profile,29,0.0005,1.5,isect_bytes_other_mode_per_defect,712.776
profile,29,0.0005,1.5,max_isect_bytes,281000
profile,29,0.0005,1.5,max_isect_scan_bytes,268160
profile,29,0.0005,1.5,max_isect_hit_bytes,14008
profile,29,0.0005,1.5,max_isect_bytes_other_mode,200896
profile,29,0.0005,1.5,p99_isect_bytes,255280
profile,29,0.0005,1.5,p999_isect_bytes,278616
profile,29,0.0005,1.5,hbld_edges_written,187.013
profile,29,0.0005,1.5,max_hbld_edges_written,343
profile,29,0.0005,1.5,p99_hbld_edges_written,283
profile,29,0.0005,1.5,p999_hbld_edges_written,318
profile,29,0.0005,1.5,h_max_degree,12
profile,29,0.0005,1.5,mwpm_init_elements,565.602
profile,29,0.0005,1.5,mwpm_init_node_elements,210.73
profile,29,0.0005,1.5,mwpm_init_edge_elements,354.873
profile,29,0.0005,1.5,max_mwpm_init_elements,938
profile,29,0.0005,1.5,p99_mwpm_init_elements,796
profile,29,0.0005,1.5,p999_mwpm_init_elements,867
profile,29,0.0005,2,mean_total_ns,260008
profile,29,0.0005,2,mean_g_reference_ns,157270
profile,29,0.0005,2,speedup_vs_m1,0.604865
profile,29,0.0005,2,mean_stock_ns,118715
profile,29,0.0005,2,p50_total_ns,248342
profile,29,0.0005,2,p99_total_ns,486635
profile,29,0.0005,2,p999_total_ns,649544
profile,29,0.0005,2,mean_h_nodes,196.922
profile,29,0.0005,2,mean_h_edges,251.572
profile,29,0.0005,2,mean_degree,2.55505
profile,29,0.0005,2,max_degree,15
profile,29,0.0005,2,frac_intersect,0.624338
profile,29,0.0005,2,frac_h_build,0.0129829
profile,29,0.0005,2,frac_mwpm_build,0.0815919
profile,29,0.0005,2,frac_blossom_on_h,0.216148
profile,29,0.0005,2,frac_harvest,0.0560519
profile,29,0.0005,2,residual_density,0
profile,29,0.0005,2,q,0
profile,29,0.0005,2,residual_tie_rate,0
profile,29,0.0005,2,pairing_tie_rate,0.0025
profile,29,0.0005,2,mean_restarts,0
profile,29,0.0005,2,isect_mode_bitset,1
profile,29,0.0005,2,isect_bytes,196931
profile,29,0.0005,2,isect_scan_bytes,187718
profile,29,0.0005,2,isect_hit_bytes,9213.53
profile,29,0.0005,2,isect_bytes_other_mode,296871
profile,29,0.0005,2,isect_bytes_per_defect,1000.05
profile,29,0.0005,2,isect_scan_bytes_per_defect,953.261
profile,29,0.0005,2,isect_hit_bytes_per_defect,46.7878
profile,29,0.0005,2,isect_bytes_other_mode_per_defect,1507.56
profile,29,0.0005,2,max_isect_bytes,284080
profile,29,0.0005,2,max_isect_scan_bytes,268160
profile,29,0.0005,2,max_isect_hit_bytes,17088
profile,29,0.0005,2,max_isect_bytes_other_mode,425856
profile,29,0.0005,2,p99_isect_bytes,258056
profile,29,0.0005,2,p999_isect_bytes,281760
profile,29,0.0005,2,hbld_edges_written,289.831
profile,29,0.0005,2,max_hbld_edges_written,533
profile,29,0.0005,2,p99_hbld_edges_written,446
profile,29,0.0005,2,p999_hbld_edges_written,519
profile,29,0.0005,2,h_max_degree,15
profile,29,0.0005,2,mwpm_init_elements,752.133
profile,29,0.0005,2,mwpm_init_node_elements,210.73
profile,29,0.0005,2,mwpm_init_edge_elements,541.403
profile,29,0.0005,2,max_mwpm_init_elements,1294
profile,29,0.0005,2,p99_mwpm_init_elements,1100
profile,29,0.0005,2,p999_mwpm_init_elements,1257
profile,29,0.001,1.5,mean_total_ns,625150
profile,29,0.001,1.5,mean_g_reference_ns,336278
profile,29,0.001,1.5,speedup_vs_m1,0.537916
profile,29,0.001,1.5,mean_stock_ns,255102
profile,29,0.001,1.5,p50_total_ns,603337
profile,29,0.001,1.5,p99_total_ns,1.05185e+06
profile,29,0.001,1.5,p999_total_ns,1.1977e+06
profile,29,0.001,1.5,mean_h_nodes,390.524
profile,29,0.001,1.5,mean_h_edges,468.481
profile,29,0.001,1.5,mean_degree,2.39925
profile,29,0.001,1.5,max_degree,15
profile,29,0.001,1.5,frac_intersect,0.598575
profile,29,0.001,1.5,frac_h_build,0.0104826
profile,29,0.001,1.5,frac_mwpm_build,0.0881574
profile,29,0.001,1.5,frac_blossom_on_h,0.244284
profile,29,0.001,1.5,frac_harvest,0.0498528
profile,29,0.001,1.5,residual_density,0.000106268
profile,29,0.001,1.5,q,0.04
profile,29,0.001,1.5,residual_tie_rate,0
profile,29,0.001,1.5,pairing_tie_rate,0.0085
profile,29,0.001,1.5,mean_restarts,0
profile,29,0.001,1.5,isect_mode_bitset,1
profile,29,0.001,1.5,isect_bytes,394340
profile,29,0.001,1.5,isect_scan_bytes,372333
profile,29,0.001,1.5,isect_hit_bytes,22007.4
profile,29,0.001,1.5,isect_bytes_other_mode,278780
profile,29,0.001,1.5,isect_bytes_per_defect,1009.77
profile,29,0.001,1.5,isect_scan_bytes_per_defect,953.42
profile,29,0.001,1.5,isect_hit_bytes_per_defect,56.3536
profile,29,0.001,1.5,isect_bytes_other_mode_per_defect,713.862
profile,29,0.001,1.5,max_isect_bytes,513703
profile,29,0.001,1.5,max_isect_scan_bytes,478688
profile,29,0.001,1.5,max_isect_hit_bytes,35015
profile,29,0.001,1.5,max_isect_bytes_other_mode,346904
profile,29,0.001,1.5,p99_isect_bytes,473150
profile,29,0.001,1.5,p999_isect_bytes,490996
profile,29,0.001,1.5,hbld_edges_written,506.349
profile,29,0.001,1.5,max_hbld_edges_written,790
profile,29,0.001,1.5,p99_hbld_edges_written,681
profile,29,0.001,1.5,p999_hbld_edges_written,747
profile,29,0.001,1.5,h_max_degree,15
profile,29,0.001,1.5,mwpm_init_elements,1383.77
profile,29,0.001,1.5,mwpm_init_node_elements,408.942
profile,29,0.001,1.5,mwpm_init_edge_elements,974.83
profile,29,0.001,1.5,max_mwpm_init_elements,2036
profile,29,0.001,1.5,p99_mwpm_init_elements,1769
profile,29,0.001,1.5,p999_mwpm_init_elements,1929
profile,29,0.001,2,mean_total_ns,1.92067e+06
profile,29,0.001,2,mean_g_reference_ns,933498
profile,29,0.001,2,speedup_vs_m1,0.486027
profile,29,0.001,2,mean_stock_ns,255102
profile,29,0.001,2,p50_total_ns,964121
profile,29,0.001,2,p99_total_ns,5.9181e+06
profile,29,0.001,2,p999_total_ns,8.93696e+06
profile,29,0.001,2,mean_h_nodes,390.524
profile,29,0.001,2,mean_h_edges,803.482
profile,29,0.001,2,mean_degree,4.1149
profile,29,0.001,2,max_degree,22
profile,29,0.001,2,frac_intersect,0.53801
profile,29,0.001,2,frac_h_build,0.0271863
profile,29,0.001,2,frac_mwpm_build,0.10602
profile,29,0.001,2,frac_blossom_on_h,0.26625
profile,29,0.001,2,frac_harvest,0.0515608
profile,29,0.001,2,residual_density,5.12133e-06
profile,29,0.001,2,q,0.002
profile,29,0.001,2,residual_tie_rate,0
profile,29,0.001,2,pairing_tie_rate,0.009
profile,29,0.001,2,mean_restarts,0
profile,29,0.001,2,isect_mode_bitset,1
profile,29,0.001,2,isect_bytes,400354
profile,29,0.001,2,isect_scan_bytes,372333
profile,29,0.001,2,isect_hit_bytes,28020.8
profile,29,0.001,2,isect_bytes_other_mode,597916
profile,29,0.001,2,isect_bytes_per_defect,1025.17
profile,29,0.001,2,isect_scan_bytes_per_defect,953.42
profile,29,0.001,2,isect_hit_bytes_per_defect,71.7519
profile,29,0.001,2,isect_bytes_other_mode_per_defect,1531.06
profile,29,0.001,2,max_isect_bytes,523819
profile,29,0.001,2,max_isect_scan_bytes,478688
profile,29,0.001,2,max_isect_hit_bytes,45131
profile,29,0.001,2,max_isect_bytes_other_mode,744600
profile,29,0.001,2,p99_isect_bytes,481087
profile,29,0.001,2,p999_isect_bytes,499701
profile,29,0.001,2,hbld_edges_written,879.238
profile,29,0.001,2,max_hbld_edges_written,1417
profile,29,0.001,2,p99_hbld_edges_written,1202
profile,29,0.001,2,p999_hbld_edges_written,1320
profile,29,0.001,2,h_max_degree,22
profile,29,0.001,2,mwpm_init_elements,2091.66
profile,29,0.001,2,mwpm_init_node_elements,408.942
profile,29,0.001,2,mwpm_init_edge_elements,1682.72
profile,29,0.001,2,max_mwpm_init_elements,3224
profile,29,0.001,2,p99_mwpm_init_elements,2769
profile,29,0.001,2,p999_mwpm_init_elements,3031
ler,5,0.0001,2,ler_exact,0
ler,5,0.0001,2,ler_m1,0
ler,5,0.0001,2,ler_m2,0
ler,5,0.0001,2,shots,10000
ler,5,0.0003,2,ler_exact,0
ler,5,0.0003,2,ler_m1,0
ler,5,0.0003,2,ler_m2,0
ler,5,0.0003,2,shots,10000
ler,5,0.0005,2,ler_exact,0.0001
ler,5,0.0005,2,ler_m1,0.0001
ler,5,0.0005,2,ler_m2,0.0001
ler,5,0.0005,2,shots,10000
ler,5,0.001,2,ler_exact,0
ler,5,0.001,2,ler_m1,0
ler,5,0.001,2,ler_m2,0
ler,5,0.001,2,shots,10000
ler,7,0.0001,2,ler_exact,0
ler,7,0.0001,2,ler_m1,0
ler,7,0.0001,2,ler_m2,0
ler,7,0.0001,2,shots,10000
ler,7,0.0003,2,ler_exact,0
ler,7,0.0003,2,ler_m1,0
ler,7,0.0003,2,ler_m2,0
ler,7,0.0003,2,shots,10000
ler,7,0.0005,2,ler_exact,0
ler,7,0.0005,2,ler_m1,0
ler,7,0.0005,2,ler_m2,0
ler,7,0.0005,2,shots,10000
ler,7,0.001,2,ler_exact,0
ler,7,0.001,2,ler_m1,0
ler,7,0.001,2,ler_m2,0
ler,7,0.001,2,shots,10000
ler,9,0.0001,2,ler_exact,0
ler,9,0.0001,2,ler_m1,0
ler,9,0.0001,2,ler_m2,0
ler,9,0.0001,2,shots,10000
ler,9,0.0003,2,ler_exact,0
ler,9,0.0003,2,ler_m1,0
ler,9,0.0003,2,ler_m2,0
ler,9,0.0003,2,shots,10000
ler,9,0.0005,2,ler_exact,0
ler,9,0.0005,2,ler_m1,0
ler,9,0.0005,2,ler_m2,0
ler,9,0.0005,2,shots,10000
ler,9,0.001,2,ler_exact,0
ler,9,0.001,2,ler_m1,0
ler,9,0.001,2,ler_m2,0
ler,9,0.001,2,shots,10000
ler,11,0.0001,2,ler_exact,0
ler,11,0.0001,2,ler_m1,0
ler,11,0.0001,2,ler_m2,0
ler,11,0.0001,2,shots,10000
ler,11,0.0003,2,ler_exact,0
ler,11,0.0003,2,ler_m1,0
ler,11,0.0003,2,ler_m2,0
ler,11,0.0003,2,shots,10000
ler,11,0.0005,2,ler_exact,0
ler,11,0.0005,2,ler_m1,0
ler,11,0.0005,2,ler_m2,0
ler,11,0.0005,2,shots,10000
ler,11,0.001,2,ler_exact,0
ler,11,0.001,2,ler_m1,0
ler,11,0.001,2,ler_m2,0
ler,11,0.001,2,shots,10000
ler,13,0.0001,2,ler_exact,0
ler,13,0.0001,2,ler_m1,0
ler,13,0.0001,2,ler_m2,0
ler,13,0.0001,2,shots,10000
ler,13,0.0003,2,ler_exact,0
ler,13,0.0003,2,ler_m1,0
ler,13,0.0003,2,ler_m2,0
ler,13,0.0003,2,shots,10000
ler,13,0.0005,2,ler_exact,0
ler,13,0.0005,2,ler_m1,0
ler,13,0.0005,2,ler_m2,0
ler,13,0.0005,2,shots,10000
ler,13,0.001,2,ler_exact,0
ler,13,0.001,2,ler_m1,0
ler,13,0.001,2,ler_m2,0
ler,13,0.001,2,shots,10000
ler,15,0.0001,2,ler_exact,0
ler,15,0.0001,2,ler_m1,0
ler,15,0.0001,2,ler_m2,0
ler,15,0.0001,2,shots,10000
ler,15,0.0003,2,ler_exact,0
ler,15,0.0003,2,ler_m1,0
ler,15,0.0003,2,ler_m2,0
ler,15,0.0003,2,shots,10000
ler,15,0.0005,2,ler_exact,0
ler,15,0.0005,2,ler_m1,0
ler,15,0.0005,2,ler_m2,0
ler,15,0.0005,2,shots,10000
ler,15,0.001,2,ler_exact,0
ler,15,0.001,2,ler_m1,0
ler,15,0.001,2,ler_m2,0
ler,15,0.001,2,shots,10000
ler,17,0.0001,2,ler_exact,0
ler,17,0.0001,2,ler_m1,0
ler,17,0.0001,2,ler_m2,0
ler,17,0.0001,2,shots,10000
ler,17,0.0003,2,ler_exact,0
ler,17,0.0003,2,ler_m1,0
ler,17,0.0003,2,ler_m2,0
ler,17,0.0003,2,shots,10000
ler,17,0.0005,2,ler_exact,0
ler,17,0.0005,2,ler_m1,0
ler,17,0.0005,2,ler_m2,0
ler,17,0.0005,2,shots,10000
ler,17,0.001,2,ler_exact,0
ler,17,0.001,2,ler_m1,0
ler,17,0.001,2,ler_m2,0
ler,17,0.001,2,shots,10000
ler,23,0.0001,2,ler_exact,0
ler,23,0.0001,2,ler_m1,0
ler,23,0.0001,2,ler_m2,0
ler,23,0.0001,2,shots,10000
ler,23,0.0003,2,ler_exact,0
ler,23,0.0003,2,ler_m1,0
ler,23,0.0003,2,ler_m2,0
ler,23,0.0003,2,shots,10000
ler,23,0.0005,2,ler_exact,0
ler,23,0.0005,2,ler_m1,0
ler,23,0.0005,2,ler_m2,0
ler,23,0.0005,2,shots,10000
ler,23,0.001,2,ler_exact,0
ler,23,0.001,2,ler_m1,0
ler,23,0.001,2,ler_m2,0
ler,23,0.001,2,shots,10000
ler,29,0.0001,2,ler_exact,0
ler,29,0.0001,2,ler_m1,0
ler,29,0.0001,2,ler_m2,0
ler,29,0.0001,2,shots,10000
ler,29,0.0003,2,ler_exact,0
ler,29,0.0003,2,ler_m1,0
ler,29,0.0003,2,ler_m2,0
ler,29,0.0003,2,shots,10000
ler,29,0.0005,2,ler_exact,0
ler,29,0.0005,2,ler_m1,0
ler,29,0.0005,2,ler_m2,0
ler,29,0.0005,2,shots,10000
ler,29,0.001,2,ler_exact,0
ler,29,0.001,2,ler_m1,0
ler,29,0.001,2,ler_m2,0
ler,29,0.001,2,shots,10000
ler_fit,0,0.0001,2,slope_exact,0
ler_fit,0,0.0001,2,stderr_exact,0
ler_fit,0,0.0001,2,slope_m1,0
ler_fit,0,0.0001,2,stderr_m1,0
ler_fit,0,0.0001,2,slope_m2,0
ler_fit,0,0.0001,2,stderr_m2,0
ler_fit,0,0.0003,2,slope_exact,0
ler_fit,0,0.0003,2,stderr_exact,0
ler_fit,0,0.0003,2,slope_m1,0
ler_fit,0,0.0003,2,stderr_m1,0
ler_fit,0,0.0003,2,slope_m2,0
ler_fit,0,0.0003,2,stderr_m2,0
ler_fit,0,0.0005,2,slope_exact,0
ler_fit,0,0.0005,2,stderr_exact,0
ler_fit,0,0.0005,2,slope_m1,0
ler_fit,0,0.0005,2,stderr_m1,0
ler_fit,0,0.0005,2,slope_m2,0
ler_fit,0,0.0005,2,stderr_m2,0
ler_fit,0,0.001,2,slope_exact,0
ler_fit,0,0.001,2,stderr_exact,0
ler_fit,0,0.001,2,slope_m1,0
ler_fit,0,0.001,2,stderr_m1,0
ler_fit,0,0.001,2,slope_m2,0
ler_fit,0,0.001,2,stderr_m2,0
