section,d,p,T,key,value
ball,5,0,0,nodes,120
ball,5,0,0,entries,10942
ball,5,0,0,bytes_total,281392
ball,5,0,0,bytes_targets,43768
ball,5,0,0,bytes_weights,43768
ball,5,0,0,bytes_masks,98504
ball,5,0,0,bytes_words,91864
ball,5,0,0,bytes_offsets,2888
ball,5,0,0,mean_ball_size,91.1833
ball,5,0,0,max_ball_size,116
ball,5,0,0,mean_ball_word_len,2
ball,5,0,0,ambiguous_mask_pairs,0
ball,5,0,0,compile_wall_seconds,0.00262382
ball,7,0,0,nodes,336
ball,7,0,0,entries,40386
ball,7,0,0,bytes_total,1.02988e+06
ball,7,0,0,bytes_targets,161544
ball,7,0,0,bytes_weights,161544
ball,7,0,0,bytes_masks,347904
ball,7,0,0,bytes_words,349136
ball,7,0,0,bytes_offsets,8072
ball,7,0,0,mean_ball_size,120.196
ball,7,0,0,max_ball_size,177
ball,7,0,0,mean_ball_word_len,5.45833
ball,7,0,0,ambiguous_mask_pairs,0
ball,7,0,0,compile_wall_seconds,0.00463681
ball,9,0,0,nodes,720
ball,9,0,0,entries,97314
ball,9,0,0,bytes_total,2.48662e+06
ball,9,0,0,bytes_targets,389256
ball,9,0,0,bytes_weights,389256
ball,9,0,0,bytes_masks,817624
ball,9,0,0,bytes_words,869600
ball,9,0,0,bytes_offsets,17288
ball,9,0,0,mean_ball_size,135.158
ball,9,0,0,max_ball_size,218
ball,9,0,0,mean_ball_word_len,9.54167
ball,9,0,0,ambiguous_mask_pairs,0
ball,9,0,0,compile_wall_seconds,0.010433
ball,11,0,0,nodes,1320
ball,11,0,0,entries,193018
ball,11,0,0,bytes_total,4.97676e+06
ball,11,0,0,bytes_targets,772072
ball,11,0,0,bytes_weights,772072
ball,11,0,0,bytes_masks,1.59922e+06
ball,11,0,0,bytes_words,1.79511e+06
ball,11,0,0,bytes_offsets,31688
ball,11,0,0,mean_ball_size,146.226
ball,11,0,0,max_ball_size,233
ball,11,0,0,mean_ball_word_len,14.8432
ball,11,0,0,ambiguous_mask_pairs,0
ball,11,0,0,compile_wall_seconds,0.019991
ball,13,0,0,nodes,2184
ball,13,0,0,entries,338250
ball,13,0,0,bytes_total,8.84274e+06
ball,13,0,0,bytes_targets,1.353e+06
ball,13,0,0,bytes_weights,1.353e+06
ball,13,0,0,bytes_masks,2.77921e+06
ball,13,0,0,bytes_words,3.29419e+06
ball,13,0,0,bytes_offsets,52424
ball,13,0,0,mean_ball_size,154.876
ball,13,0,0,max_ball_size,234
ball,13,0,0,mean_ball_word_len,21.4428
ball,13,0,0,ambiguous_mask_pairs,0
ball,13,0,0,compile_wall_seconds,0.0324301
ball,15,0,0,nodes,3360
ball,15,0,0,entries,543762
ball,15,0,0,bytes_total,1.44603e+07
ball,15,0,0,bytes_targets,2.17505e+06
ball,15,0,0,bytes_weights,2.17505e+06
ball,15,0,0,bytes_masks,4.444e+06
ball,15,0,0,bytes_words,5.56878e+06
ball,15,0,0,bytes_offsets,80648
ball,15,0,0,mean_ball_size,161.834
ball,15,0,0,max_ball_size,234
ball,15,0,0,mean_ball_word_len,29.225
ball,15,0,0,ambiguous_mask_pairs,0
ball,15,0,0,compile_wall_seconds,0.049708
ball,17,0,0,nodes,4896
ball,17,0,0,entries,820306
ball,17,0,0,bytes_total,2.22532e+07
ball,17,0,0,bytes_targets,3.28122e+06
ball,17,0,0,bytes_weights,3.28122e+06
ball,17,0,0,bytes_masks,6.67999e+06
ball,17,0,0,bytes_words,8.86881e+06
ball,17,0,0,bytes_offsets,117512
ball,17,0,0,mean_ball_size,167.546
ball,17,0,0,max_ball_size,234
ball,17,0,0,mean_ball_word_len,38.2557
ball,17,0,0,ambiguous_mask_pairs,0
ball,17,0,0,compile_wall_seconds,0.0773594
ball,23,0,0,nodes,12144
ball,23,0,0,entries,2.18365e+06
ball,23,0,0,bytes_total,6.37293e+07
ball,23,0,0,bytes_targets,8.7346e+06
ball,23,0,0,bytes_weights,8.7346e+06
ball,23,0,0,bytes_masks,1.76792e+07
ball,23,0,0,bytes_words,2.82287e+07
ball,23,0,0,bytes_offsets,291464
ball,23,0,0,mean_ball_size,179.813
ball,23,0,0,max_ball_size,234
ball,23,0,0,mean_ball_word_len,72.833
ball,23,0,0,ambiguous_mask_pairs,0
ball,23,0,0,compile_wall_seconds,0.182179
ball,29,0,0,nodes,24360
ball,29,0,0,entries,4.57335e+06
ball,29,0,0,bytes_total,1.45787e+08
ball,29,0,0,bytes_targets,1.82934e+07
ball,29,0,0,bytes_weights,1.82934e+07
ball,29,0,0,bytes_masks,3.69295e+07
ball,29,0,0,bytes_words,7.15642e+07
ball,29,0,0,bytes_offsets,584648
ball,29,0,0,mean_ball_size,187.74
ball,29,0,0,max_ball_size,234
ball,29,0,0,mean_ball_word_len,118.654
ball,29,0,0,ambiguous_mask_pairs,0
ball,29,0,0,compile_wall_seconds,0.383651
profile,5,0.0001,1.5,mean_total_ns,421.726
profile,5,0.0001,1.5,mean_g_reference_ns,136.031
profile,5,0.0001,1.5,speedup_vs_m1,0.322557
profile,5,0.0001,1.5,mean_stock_ns,64.22
profile,5,0.0001,1.5,p50_total_ns,341
profile,5,0.0001,1.5,p99_total_ns,2144
profile,5,0.0001,1.5,p999_total_ns,5601
profile,5,0.0001,1.5,mean_h_nodes,0.1505
profile,5,0.0001,1.5,mean_h_edges,0.107
profile,5,0.0001,1.5,mean_degree,1.42193
profile,5,0.0001,1.5,max_degree,5
profile,5,0.0001,1.5,frac_intersect,0.141956
profile,5,0.0001,1.5,frac_h_build,0.0612352
profile,5,0.0001,1.5,frac_mwpm_build,0.0844955
profile,5,0.0001,1.5,frac_blossom_on_h,0.125281
profile,5,0.0001,1.5,frac_harvest,0.209281
profile,5,0.0001,1.5,residual_density,0
profile,5,0.0001,1.5,q,0
profile,5,0.0001,1.5,residual_tie_rate,0
profile,5,0.0001,1.5,pairing_tie_rate,0
profile,5,0.0001,1.5,mean_restarts,0
profile,5,0.0001,1.5,isect_mode_bitset,0
profile,5,0.0001,1.5,isect_bytes,70.6625
profile,5,0.0001,1.5,isect_scan_bytes,66.416
profile,5,0.0001,1.5,isect_hit_bytes,4.2465
profile,5,0.0001,1.5,isect_bytes_other_mode,2.408
profile,5,0.0001,1.5,isect_bytes_per_defect,469.518
profile,5,0.0001,1.5,isect_scan_bytes_per_defect,441.302
profile,5,0.0001,1.5,isect_hit_bytes_per_defect,28.2159
profile,5,0.0001,1.5,isect_bytes_other_mode_per_defect,16
profile,5,0.0001,1.5,max_isect_bytes,2344
profile,5,0.0001,1.5,max_isect_scan_bytes,2232
profile,5,0.0001,1.5,max_isect_hit_bytes,277
profile,5,0.0001,1.5,max_isect_bytes_other_mode,80
profile,5,0.0001,1.5,p99_isect_bytes,1495
profile,5,0.0001,1.5,p999_isect_bytes,2244
profile,5,0.0001,1.5,hbld_edges_written,0.203
profile,5,0.0001,1.5,max_hbld_edges_written,14
profile,5,0.0001,1.5,p99_hbld_edges_written,5
profile,5,0.0001,1.5,p999_hbld_edges_written,10
profile,5,0.0001,1.5,h_max_degree,5
profile,5,0.0001,1.5,mwpm_init_elements,0.606
profile,5,0.0001,1.5,mwpm_init_node_elements,0.296
profile,5,0.0001,1.5,mwpm_init_edge_elements,0.31
profile,5,0.0001,1.5,max_mwpm_init_elements,29
profile,5,0.0001,1.5,p99_mwpm_init_elements,12
profile,5,0.0001,1.5,p999_mwpm_init_elements,20
profile,5,0.0001,2,mean_total_ns,439.113
profile,5,0.0001,2,mean_g_reference_ns,137.714
profile,5,0.0001,2,speedup_vs_m1,0.313617
profile,5,0.0001,2,mean_stock_ns,64.22
profile,5,0.0001,2,p50_total_ns,341
profile,5,0.0001,2,p99_total_ns,2484
profile,5,0.0001,2,p999_total_ns,5831
profile,5,0.0001,2,mean_h_nodes,0.1505
profile,5,0.0001,2,mean_h_edges,0.1185
profile,5,0.0001,2,mean_degree,1.57475
profile,5,0.0001,2,max_degree,5
profile,5,0.0001,2,frac_intersect,0.17359
profile,5,0.0001,2,frac_h_build,0.0590121
profile,5,0.0001,2,frac_mwpm_build,0.0802641
profile,5,0.0001,2,frac_blossom_on_h,0.131916
profile,5,0.0001,2,frac_harvest,0.201013
profile,5,0.0001,2,residual_density,0
profile,5,0.0001,2,q,0
profile,5,0.0001,2,residual_tie_rate,0
profile,5,0.0001,2,pairing_tie_rate,0
profile,5,0.0001,2,mean_restarts,0
profile,5,0.0001,2,isect_mode_bitset,0
profile,5,0.0001,2,isect_bytes,115.721
profile,5,0.0001,2,isect_scan_bytes,110.3
profile,5,0.0001,2,isect_hit_bytes,5.4205
profile,5,0.0001,2,isect_bytes_other_mode,2.408
profile,5,0.0001,2,isect_bytes_per_defect,768.907
profile,5,0.0001,2,isect_scan_bytes_per_defect,732.89
profile,5,0.0001,2,isect_hit_bytes_per_defect,36.0166
profile,5,0.0001,2,isect_bytes_other_mode_per_defect,16
profile,5,0.0001,2,max_isect_bytes,3656
profile,5,0.0001,2,max_isect_scan_bytes,3464
profile,5,0.0001,2,max_isect_hit_bytes,297
profile,5,0.0001,2,max_isect_bytes_other_mode,80
profile,5,0.0001,2,p99_isect_bytes,2539
profile,5,0.0001,2,p999_isect_bytes,3588
profile,5,0.0001,2,hbld_edges_written,0.269
profile,5,0.0001,2,max_hbld_edges_written,15
profile,5,0.0001,2,p99_hbld_edges_written,6
profile,5,0.0001,2,p999_hbld_edges_written,10
profile,5,0.0001,2,h_max_degree,5
profile,5,0.0001,2,mwpm_init_elements,0.6835
profile,5,0.0001,2,mwpm_init_node_elements,0.296
profile,5,0.0001,2,mwpm_init_edge_elements,0.3875
profile,5,0.0001,2,max_mwpm_init_elements,30
profile,5,0.0001,2,p99_mwpm_init_elements,12
profile,5,0.0001,2,p999_mwpm_init_elements,20
profile,5,0.0003,1.5,mean_total_ns,568.399
profile,5,0.0003,1.5,mean_g_reference_ns,209.423
profile,5,0.0003,1.5,speedup_vs_m1,0.368445
profile,5,0.0003,1.5,mean_stock_ns,136.362
profile,5,0.0003,1.5,p50_total_ns,341
profile,5,0.0003,1.5,p99_total_ns,2766
profile,5,0.0003,1.5,p999_total_ns,11332
profile,5,0.0003,1.5,mean_h_nodes,0.4665
profile,5,0.0003,1.5,mean_h_edges,0.351
profile,5,0.0003,1.5,mean_degree,1.50482
profile,5,0.0003,1.5,max_degree,7
profile,5,0.0003,1.5,frac_intersect,0.222914
profile,5,0.0003,1.5,frac_h_build,0.0504329
profile,5,0.0003,1.5,frac_mwpm_build,0.0875397
profile,5,0.0003,1.5,frac_blossom_on_h,0.171735
profile,5,0.0003,1.5,frac_harvest,0.179109
profile,5,0.0003,1.5,residual_density,0
profile,5,0.0003,1.5,q,0
profile,5,0.0003,1.5,residual_tie_rate,0
profile,5,0.0003,1.5,pairing_tie_rate,0
profile,5,0.0003,1.5,mean_restarts,0
profile,5,0.0003,1.5,isect_mode_bitset,0
profile,5,0.0003,1.5,isect_bytes,217.917
profile,5,0.0003,1.5,isect_scan_bytes,204.848
profile,5,0.0003,1.5,isect_hit_bytes,13.0685
profile,5,0.0003,1.5,isect_bytes_other_mode,7.464
profile,5,0.0003,1.5,isect_bytes_per_defect,467.131
profile,5,0.0003,1.5,isect_scan_bytes_per_defect,439.117
profile,5,0.0003,1.5,isect_hit_bytes_per_defect,28.0139
profile,5,0.0003,1.5,isect_bytes_other_mode_per_defect,16
profile,5,0.0003,1.5,max_isect_bytes,3923
profile,5,0.0003,1.5,max_isect_scan_bytes,3464
profile,5,0.0003,1.5,max_isect_hit_bytes,459
profile,5,0.0003,1.5,max_isect_bytes_other_mode,112
profile,5,0.0003,1.5,p99_isect_bytes,2208
profile,5,0.0003,1.5,p999_isect_bytes,3258
profile,5,0.0003,1.5,hbld_edges_written,0.636
profile,5,0.0003,1.5,max_hbld_edges_written,24
profile,5,0.0003,1.5,p99_hbld_edges_written,9
profile,5,0.0003,1.5,p999_hbld_edges_written,16
profile,5,0.0003,1.5,h_max_degree,7
profile,5,0.0003,1.5,mwpm_init_elements,1.855
profile,5,0.0003,1.5,mwpm_init_node_elements,0.868
profile,5,0.0003,1.5,mwpm_init_edge_elements,0.987
profile,5,0.0003,1.5,max_mwpm_init_elements,50
profile,5,0.0003,1.5,p99_mwpm_init_elements,20
profile,5,0.0003,1.5,p999_mwpm_init_elements,33
profile,5,0.0003,2,mean_total_ns,610.112
profile,5,0.0003,2,mean_g_reference_ns,214.819
profile,5,0.0003,2,speedup_vs_m1,0.352097
profile,5,0.0003,2,mean_stock_ns,136.362
profile,5,0.0003,2,p50_total_ns,341
profile,5,0.0003,2,p99_total_ns,3527
profile,5,0.0003,2,p999_total_ns,9438
profile,5,0.0003,2,mean_h_nodes,0.4665
profile,5,0.0003,2,mean_h_edges,0.4185
profile,5,0.0003,2,mean_degree,1.79421
profile,5,0.0003,2,max_degree,7
profile,5,0.0003,2,frac_intersect,0.278358
profile,5,0.0003,2,frac_h_build,0.0532369
profile,5,0.0003,2,frac_mwpm_build,0.0809326
profile,5,0.0003,2,frac_blossom_on_h,0.157051
profile,5,0.0003,2,frac_harvest,0.159706
profile,5,0.0003,2,residual_density,0
profile,5,0.0003,2,q,0
profile,5,0.0003,2,residual_tie_rate,0
profile,5,0.0003,2,pairing_tie_rate,0
profile,5,0.0003,2,mean_restarts,0
profile,5,0.0003,2,isect_mode_bitset,0
profile,5,0.0003,2,isect_bytes,361.39
profile,5,0.0003,2,isect_scan_bytes,343.912
profile,5,0.0003,2,isect_hit_bytes,17.4785
profile,5,0.0003,2,isect_bytes_other_mode,7.464
profile,5,0.0003,2,isect_bytes_per_defect,774.685
profile,5,0.0003,2,isect_scan_bytes_per_defect,737.218
profile,5,0.0003,2,isect_hit_bytes_per_defect,37.4673
profile,5,0.0003,2,isect_bytes_other_mode_per_defect,16
profile,5,0.0003,2,max_isect_bytes,6339
profile,5,0.0003,2,max_isect_scan_bytes,5808
profile,5,0.0003,2,max_isect_hit_bytes,531
profile,5,0.0003,2,max_isect_bytes_other_mode,112
profile,5,0.0003,2,p99_isect_bytes,3644
profile,5,0.0003,2,p999_isect_bytes,5394
profile,5,0.0003,2,hbld_edges_written,0.885
profile,5,0.0003,2,max_hbld_edges_written,28
profile,5,0.0003,2,p99_hbld_edges_written,10
profile,5,0.0003,2,p999_hbld_edges_written,21
profile,5,0.0003,2,h_max_degree,7
profile,5,0.0003,2,mwpm_init_elements,2.1715
profile,5,0.0003,2,mwpm_init_node_elements,0.868
profile,5,0.0003,2,mwpm_init_edge_elements,1.3035
profile,5,0.0003,2,max_mwpm_init_elements,56
profile,5,0.0003,2,p99_mwpm_init_elements,20
profile,5,0.0003,2,p999_mwpm_init_elements,42
profile,5,0.0005,1.5,mean_total_ns,728.958
profile,5,0.0005,1.5,mean_g_reference_ns,289.692
profile,5,0.0005,1.5,speedup_vs_m1,0.397406
profile,5,0.0005,1.5,mean_stock_ns,205.002
profile,5,0.0005,1.5,p50_total_ns,351
profile,5,0.0005,1.5,p99_total_ns,3697
profile,5,0.0005,1.5,p999_total_ns,6413
profile,5,0.0005,1.5,mean_h_nodes,0.8285
profile,5,0.0005,1.5,mean_h_edges,0.703
profile,5,0.0005,1.5,mean_degree,1.69704
profile,5,0.0005,1.5,max_degree,8
profile,5,0.0005,1.5,frac_intersect,0.281256
profile,5,0.0005,1.5,frac_h_build,0.0437494
profile,5,0.0005,1.5,frac_mwpm_build,0.0919388
profile,5,0.0005,1.5,frac_blossom_on_h,0.201979
profile,5,0.0005,1.5,frac_harvest,0.142949
profile,5,0.0005,1.5,residual_density,0
profile,5,0.0005,1.5,q,0
profile,5,0.0005,1.5,residual_tie_rate,0
profile,5,0.0005,1.5,pairing_tie_rate,0
profile,5,0.0005,1.5,mean_restarts,0
profile,5,0.0005,1.5,isect_mode_bitset,0
profile,5,0.0005,1.5,isect_bytes,392.303
profile,5,0.0005,1.5,isect_scan_bytes,368.244
profile,5,0.0005,1.5,isect_hit_bytes,24.0585
profile,5,0.0005,1.5,isect_bytes_other_mode,13.256
profile,5,0.0005,1.5,isect_bytes_per_defect,473.509
profile,5,0.0005,1.5,isect_scan_bytes_per_defect,444.471
profile,5,0.0005,1.5,isect_hit_bytes_per_defect,29.0386
profile,5,0.0005,1.5,isect_bytes_other_mode_per_defect,16
profile,5,0.0005,1.5,max_isect_bytes,4541
profile,5,0.0005,1.5,max_isect_scan_bytes,4136
profile,5,0.0005,1.5,max_isect_hit_bytes,496
profile,5,0.0005,1.5,max_isect_bytes_other_mode,144
profile,5,0.0005,1.5,p99_isect_bytes,3022
profile,5,0.0005,1.5,p999_isect_bytes,4289
profile,5,0.0005,1.5,hbld_edges_written,1.1815
profile,5,0.0005,1.5,max_hbld_edges_written,27
profile,5,0.0005,1.5,p99_hbld_edges_written,13
profile,5,0.0005,1.5,p999_hbld_edges_written,24
profile,5,0.0005,1.5,h_max_degree,8
profile,5,0.0005,1.5,mwpm_init_elements,3.3515
profile,5,0.0005,1.5,mwpm_init_node_elements,1.467
profile,5,0.0005,1.5,mwpm_init_edge_elements,1.8845
profile,5,0.0005,1.5,max_mwpm_init_elements,56
profile,5,0.0005,1.5,p99_mwpm_init_elements,28
profile,5,0.0005,1.5,p999_mwpm_init_elements,52
profile,5,0.0005,2,mean_total_ns,822.801
profile,5,0.0005,2,mean_g_reference_ns,294.981
profile,5,0.0005,2,speedup_vs_m1,0.358508
profile,5,0.0005,2,mean_stock_ns,205.002
profile,5,0.0005,2,p50_total_ns,351
profile,5,0.0005,2,p99_total_ns,4348
profile,5,0.0005,2,p999_total_ns,11592
profile,5,0.0005,2,mean_h_nodes,0.8285
profile,5,0.0005,2,mean_h_edges,0.881
profile,5,0.0005,2,mean_degree,2.12674
profile,5,0.0005,2,max_degree,9
profile,5,0.0005,2,frac_intersect,0.359089
profile,5,0.0005,2,frac_h_build,0.041346
profile,5,0.0005,2,frac_mwpm_build,0.0839978
profile,5,0.0005,2,frac_blossom_on_h,0.176881
profile,5,0.0005,2,frac_harvest,0.126361
profile,5,0.0005,2,residual_density,0
profile,5,0.0005,2,q,0
profile,5,0.0005,2,residual_tie_rate,0
profile,5,0.0005,2,pairing_tie_rate,0
profile,5,0.0005,2,mean_restarts,0
profile,5,0.0005,2,isect_mode_bitset,0
profile,5,0.0005,2,isect_bytes,648.403
profile,5,0.0005,2,isect_scan_bytes,615.02
profile,5,0.0005,2,isect_hit_bytes,33.3825
profile,5,0.0005,2,isect_bytes_other_mode,13.256
profile,5,0.0005,2,isect_bytes_per_defect,782.622
profile,5,0.0005,2,isect_scan_bytes_per_defect,742.33
profile,5,0.0005,2,isect_hit_bytes_per_defect,40.2927
profile,5,0.0005,2,isect_bytes_other_mode_per_defect,16
profile,5,0.0005,2,max_isect_bytes,7569
profile,5,0.0005,2,max_isect_scan_bytes,6792
profile,5,0.0005,2,max_isect_hit_bytes,777
profile,5,0.0005,2,max_isect_bytes_other_mode,144
profile,5,0.0005,2,p99_isect_bytes,4950
profile,5,0.0005,2,p999_isect_bytes,7068
profile,5,0.0005,2,hbld_edges_written,1.7095
profile,5,0.0005,2,max_hbld_edges_written,41
profile,5,0.0005,2,p99_hbld_edges_written,20
profile,5,0.0005,2,p999_hbld_edges_written,36
profile,5,0.0005,2,h_max_degree,9
profile,5,0.0005,2,mwpm_init_elements,4.0575
profile,5,0.0005,2,mwpm_init_node_elements,1.467
profile,5,0.0005,2,mwpm_init_edge_elements,2.5905
profile,5,0.0005,2,max_mwpm_init_elements,82
profile,5,0.0005,2,p99_mwpm_init_elements,40
profile,5,0.0005,2,p999_mwpm_init_elements,72
profile,5,0.001,1.5,mean_total_ns,1144.37
profile,5,0.001,1.5,mean_g_reference_ns,510.904
profile,5,0.001,1.5,speedup_vs_m1,0.446452
profile,5,0.001,1.5,mean_stock_ns,417.397
profile,5,0.001,1.5,p50_total_ns,811
profile,5,0.001,1.5,p99_total_ns,4959
profile,5,0.001,1.5,p999_total_ns,9278
profile,5,0.001,1.5,mean_h_nodes,1.671
profile,5,0.001,1.5,mean_h_edges,1.731
profile,5,0.001,1.5,mean_degree,2.07181
profile,5,0.001,1.5,max_degree,10
profile,5,0.001,1.5,frac_intersect,0.343111
profile,5,0.001,1.5,frac_h_build,0.0364315
profile,5,0.001,1.5,frac_mwpm_build,0.0966981
profile,5,0.001,1.5,frac_blossom_on_h,0.250863
profile,5,0.001,1.5,frac_harvest,0.108889
profile,5,0.001,1.5,residual_density,0.000598444
profile,5,0.001,1.5,q,0.001
profile,5,0.001,1.5,residual_tie_rate,0
profile,5,0.001,1.5,pairing_tie_rate,0
profile,5,0.001,1.5,mean_restarts,0
profile,5,0.001,1.5,isect_mode_bitset,0
profile,5,0.001,1.5,isect_bytes,805.887
profile,5,0.001,1.5,isect_scan_bytes,752.124
profile,5,0.001,1.5,isect_hit_bytes,53.763
profile,5,0.001,1.5,isect_bytes_other_mode,26.736
profile,5,0.001,1.5,isect_bytes_per_defect,482.278
profile,5,0.001,1.5,isect_scan_bytes_per_defect,450.104
profile,5,0.001,1.5,isect_hit_bytes_per_defect,32.1741
profile,5,0.001,1.5,isect_bytes_other_mode_per_defect,16
profile,5,0.001,1.5,max_isect_bytes,5819
profile,5,0.001,1.5,max_isect_scan_bytes,5136
profile,5,0.001,1.5,max_isect_hit_bytes,683
profile,5,0.001,1.5,max_isect_bytes_other_mode,176
profile,5,0.001,1.5,p99_isect_bytes,3907
profile,5,0.001,1.5,p999_isect_bytes,5450
profile,5,0.001,1.5,hbld_edges_written,2.694
profile,5,0.001,1.5,max_hbld_edges_written,39
profile,5,0.001,1.5,p99_hbld_edges_written,21
profile,5,0.001,1.5,p999_hbld_edges_written,30
profile,5,0.001,1.5,h_max_degree,10
profile,5,0.001,1.5,mwpm_init_elements,7.138
profile,5,0.001,1.5,mwpm_init_node_elements,2.713
profile,5,0.001,1.5,mwpm_init_edge_elements,4.425
profile,5,0.001,1.5,max_mwpm_init_elements,84
profile,5,0.001,1.5,p99_mwpm_init_elements,46
profile,5,0.001,1.5,p999_mwpm_init_elements,67
profile,5,0.001,2,mean_total_ns,1321
profile,5,0.001,2,mean_g_reference_ns,515.904
profile,5,0.001,2,speedup_vs_m1,0.390541
profile,5,0.001,2,mean_stock_ns,417.397
profile,5,0.001,2,p50_total_ns,892
profile,5,0.001,2,p99_total_ns,6242
profile,5,0.001,2,p999_total_ns,10861
profile,5,0.001,2,mean_h_nodes,1.671
profile,5,0.001,2,mean_h_edges,2.281
profile,5,0.001,2,mean_degree,2.7301
profile,5,0.001,2,max_degree,11
profile,5,0.001,2,frac_intersect,0.426515
profile,5,0.001,2,frac_h_build,0.0368278
profile,5,0.001,2,frac_mwpm_build,0.0851652
profile,5,0.001,2,frac_blossom_on_h,0.212896
profile,5,0.001,2,frac_harvest,0.0940448
profile,5,0.001,2,residual_density,0
profile,5,0.001,2,q,0
profile,5,0.001,2,residual_tie_rate,0
profile,5,0.001,2,pairing_tie_rate,0
profile,5,0.001,2,mean_restarts,0
profile,5,0.001,2,isect_mode_bitset,0
profile,5,0.001,2,isect_bytes,1333.59
profile,5,0.001,2,isect_scan_bytes,1257.77
profile,5,0.001,2,isect_hit_bytes,75.825
profile,5,0.001,2,isect_bytes_other_mode,26.736
profile,5,0.001,2,isect_bytes_per_defect,798.081
profile,5,0.001,2,isect_scan_bytes_per_defect,752.704
profile,5,0.001,2,isect_hit_bytes_per_defect,45.377
profile,5,0.001,2,isect_bytes_other_mode_per_defect,16
profile,5,0.001,2,max_isect_bytes,9399
profile,5,0.001,2,max_isect_scan_bytes,8424
profile,5,0.001,2,max_isect_hit_bytes,975
profile,5,0.001,2,max_isect_bytes_other_mode,176
profile,5,0.001,2,p99_isect_bytes,6443
profile,5,0.001,2,p999_isect_bytes,8915
profile,5,0.001,2,hbld_edges_written,3.952
profile,5,0.001,2,max_hbld_edges_written,57
profile,5,0.001,2,p99_hbld_edges_written,31
profile,5,0.001,2,p999_hbld_edges_written,51
profile,5,0.001,2,h_max_degree,11
profile,5,0.001,2,mwpm_init_elements,8.946
profile,5,0.001,2,mwpm_init_node_elements,2.713
profile,5,0.001,2,mwpm_init_edge_elements,6.233
profile,5,0.001,2,max_mwpm_init_elements,114
profile,5,0.001,2,p99_mwpm_init_elements,62
profile,5,0.001,2,p999_mwpm_init_elements,102
profile,7,0.0001,1.5,mean_total_ns,713.852
profile,7,0.0001,1.5,mean_g_reference_ns,248.536
profile,7,0.0001,1.5,speedup_vs_m1,0.348163
profile,7,0.0001,1.5,mean_stock_ns,129.412
profile,7,0.0001,1.5,p50_total_ns,341
profile,7,0.0001,1.5,p99_total_ns,4358
profile,7,0.0001,1.5,p999_total_ns,9659
profile,7,0.0001,1.5,mean_h_nodes,0.4745
profile,7,0.0001,1.5,mean_h_edges,0.303
profile,7,0.0001,1.5,mean_degree,1.27713
profile,7,0.0001,1.5,max_degree,5
profile,7,0.0001,1.5,frac_intersect,0.258297
profile,7,0.0001,1.5,frac_h_build,0.0530355
profile,7,0.0001,1.5,frac_mwpm_build,0.0892454
profile,7,0.0001,1.5,frac_blossom_on_h,0.160203
profile,7,0.0001,1.5,frac_harvest,0.163597
profile,7,0.0001,1.5,residual_density,0
profile,7,0.0001,1.5,q,0
profile,7,0.0001,1.5,residual_tie_rate,0
profile,7,0.0001,1.5,pairing_tie_rate,0
profile,7,0.0001,1.5,mean_restarts,0
profile,7,0.0001,1.5,isect_mode_bitset,0
profile,7,0.0001,1.5,isect_bytes,254.132
profile,7,0.0001,1.5,isect_scan_bytes,243.36
profile,7,0.0001,1.5,isect_hit_bytes,10.7725
profile,7,0.0001,1.5,isect_bytes_other_mode,20.412
profile,7,0.0001,1.5,isect_bytes_per_defect,535.58
profile,7,0.0001,1.5,isect_scan_bytes_per_defect,512.877
profile,7,0.0001,1.5,isect_hit_bytes_per_defect,22.7028
profile,7,0.0001,1.5,isect_bytes_other_mode_per_defect,43.0179
profile,7,0.0001,1.5,max_isect_bytes,4837
profile,7,0.0001,1.5,max_isect_scan_bytes,4584
profile,7,0.0001,1.5,max_isect_hit_bytes,257
profile,7,0.0001,1.5,max_isect_bytes_other_mode,392
profile,7,0.0001,1.5,p99_isect_bytes,2560
profile,7,0.0001,1.5,p999_isect_bytes,4467
profile,7,0.0001,1.5,hbld_edges_written,0.5035
profile,7,0.0001,1.5,max_hbld_edges_written,13
profile,7,0.0001,1.5,p99_hbld_edges_written,8
profile,7,0.0001,1.5,p999_hbld_edges_written,12
profile,7,0.0001,1.5,h_max_degree,5
profile,7,0.0001,1.5,mwpm_init_elements,1.6795
profile,7,0.0001,1.5,mwpm_init_node_elements,0.873
profile,7,0.0001,1.5,mwpm_init_edge_elements,0.8065
profile,7,0.0001,1.5,max_mwpm_init_elements,31
profile,7,0.0001,1.5,p99_mwpm_init_elements,18
profile,7,0.0001,1.5,p999_mwpm_init_elements,26
profile,7,0.0001,2,mean_total_ns,686.855
profile,7,0.0001,2,mean_g_reference_ns,215.706
profile,7,0.0001,2,speedup_vs_m1,0.314048
profile,7,0.0001,2,mean_stock_ns,129.412
profile,7,0.0001,2,p50_total_ns,341
profile,7,0.0001,2,p99_total_ns,4078
profile,7,0.0001,2,p999_total_ns,8737
profile,7,0.0001,2,mean_h_nodes,0.4745
profile,7,0.0001,2,mean_h_edges,0.369
profile,7,0.0001,2,mean_degree,1.55532
profile,7,0.0001,2,max_degree,7
profile,7,0.0001,2,frac_intersect,0.359843
profile,7,0.0001,2,frac_h_build,0.0425672
profile,7,0.0001,2,frac_mwpm_build,0.0789883
profile,7,0.0001,2,frac_blossom_on_h,0.136883
profile,7,0.0001,2,frac_harvest,0.140817
profile,7,0.0001,2,residual_density,0
profile,7,0.0001,2,q,0
profile,7,0.0001,2,residual_tie_rate,0
profile,7,0.0001,2,pairing_tie_rate,0
profile,7,0.0001,2,mean_restarts,0
profile,7,0.0001,2,isect_mode_bitset,0
profile,7,0.0001,2,isect_bytes,475.048
profile,7,0.0001,2,isect_scan_bytes,460.344
profile,7,0.0001,2,isect_hit_bytes,14.7045
profile,7,0.0001,2,isect_bytes_other_mode,20.412
profile,7,0.0001,2,isect_bytes_per_defect,1001.16
profile,7,0.0001,2,isect_scan_bytes_per_defect,970.166
profile,7,0.0001,2,isect_hit_bytes_per_defect,30.9895
profile,7,0.0001,2,isect_bytes_other_mode_per_defect,43.0179
profile,7,0.0001,2,max_isect_bytes,9309
profile,7,0.0001,2,max_isect_scan_bytes,8832
profile,7,0.0001,2,max_isect_hit_bytes,477
profile,7,0.0001,2,max_isect_bytes_other_mode,392
profile,7,0.0001,2,p99_isect_bytes,4804
profile,7,0.0001,2,p999_isect_bytes,7827
profile,7,0.0001,2,hbld_edges_written,0.7325
profile,7,0.0001,2,max_hbld_edges_written,27
profile,7,0.0001,2,p99_hbld_edges_written,10
profile,7,0.0001,2,p999_hbld_edges_written,18
profile,7,0.0001,2,h_max_degree,7
profile,7,0.0001,2,mwpm_init_elements,1.9745
profile,7,0.0001,2,mwpm_init_node_elements,0.873
profile,7,0.0001,2,mwpm_init_edge_elements,1.1015
profile,7,0.0001,2,max_mwpm_init_elements,56
profile,7,0.0001,2,p99_mwpm_init_elements,20
profile,7,0.0001,2,p999_mwpm_init_elements,37
profile,7,0.0003,1.5,mean_total_ns,1045.25
profile,7,0.0003,1.5,mean_g_reference_ns,426.338
profile,7,0.0003,1.5,speedup_vs_m1,0.407881
profile,7,0.0003,1.5,mean_stock_ns,322.017
profile,7,0.0003,1.5,p50_total_ns,441
profile,7,0.0003,1.5,p99_total_ns,4509
profile,7,0.0003,1.5,p999_total_ns,6402
profile,7,0.0003,1.5,mean_h_nodes,1.422
profile,7,0.0003,1.5,mean_h_edges,0.9735
profile,7,0.0003,1.5,mean_degree,1.3692
profile,7,0.0003,1.5,max_degree,6
profile,7,0.0003,1.5,frac_intersect,0.378743
profile,7,0.0003,1.5,frac_h_build,0.0322678
profile,7,0.0003,1.5,frac_mwpm_build,0.0819233
profile,7,0.0003,1.5,frac_blossom_on_h,0.207375
profile,7,0.0003,1.5,frac_harvest,0.112179
profile,7,0.0003,1.5,residual_density,0
profile,7,0.0003,1.5,q,0
profile,7,0.0003,1.5,residual_tie_rate,0
profile,7,0.0003,1.5,pairing_tie_rate,0
profile,7,0.0003,1.5,mean_restarts,0
profile,7,0.0003,1.5,isect_mode_bitset,0
profile,7,0.0003,1.5,isect_bytes,763.264
profile,7,0.0003,1.5,isect_scan_bytes,730.104
profile,7,0.0003,1.5,isect_hit_bytes,33.16
profile,7,0.0003,1.5,isect_bytes_other_mode,61.324
profile,7,0.0003,1.5,isect_bytes_per_defect,536.754
profile,7,0.0003,1.5,isect_scan_bytes_per_defect,513.435
profile,7,0.0003,1.5,isect_hit_bytes_per_defect,23.3193
profile,7,0.0003,1.5,isect_bytes_other_mode_per_defect,43.1252
profile,7,0.0003,1.5,max_isect_bytes,6150
profile,7,0.0003,1.5,max_isect_scan_bytes,5824
profile,7,0.0003,1.5,max_isect_hit_bytes,369
profile,7,0.0003,1.5,max_isect_bytes_other_mode,448
profile,7,0.0003,1.5,p99_isect_bytes,4155
profile,7,0.0003,1.5,p999_isect_bytes,5274
profile,7,0.0003,1.5,hbld_edges_written,1.565
profile,7,0.0003,1.5,max_hbld_edges_written,19
profile,7,0.0003,1.5,p99_hbld_edges_written,12
profile,7,0.0003,1.5,p999_hbld_edges_written,17
profile,7,0.0003,1.5,h_max_degree,6
profile,7,0.0003,1.5,mwpm_init_elements,4.881
profile,7,0.0003,1.5,mwpm_init_node_elements,2.3425
profile,7,0.0003,1.5,mwpm_init_edge_elements,2.5385
profile,7,0.0003,1.5,max_mwpm_init_elements,41
profile,7,0.0003,1.5,p99_mwpm_init_elements,28
profile,7,0.0003,1.5,p999_mwpm_init_elements,38
profile,7,0.0003,2,mean_total_ns,1369.01
profile,7,0.0003,2,mean_g_reference_ns,429.75
profile,7,0.0003,2,speedup_vs_m1,0.313914
profile,7,0.0003,2,mean_stock_ns,322.017
profile,7,0.0003,2,p50_total_ns,441
profile,7,0.0003,2,p99_total_ns,6382
profile,7,0.0003,2,p999_total_ns,17453
profile,7,0.0003,2,mean_h_nodes,1.422
profile,7,0.0003,2,mean_h_edges,1.237
profile,7,0.0003,2,mean_degree,1.7398
profile,7,0.0003,2,max_degree,8
profile,7,0.0003,2,frac_intersect,0.508584
profile,7,0.0003,2,frac_h_build,0.0268681
profile,7,0.0003,2,frac_mwpm_build,0.0711802
profile,7,0.0003,2,frac_blossom_on_h,0.162461
profile,7,0.0003,2,frac_harvest,0.0862857
profile,7,0.0003,2,residual_density,0
profile,7,0.0003,2,q,0
profile,7,0.0003,2,residual_tie_rate,0
profile,7,0.0003,2,pairing_tie_rate,0
profile,7,0.0003,2,mean_restarts,0
profile,7,0.0003,2,isect_mode_bitset,0
profile,7,0.0003,2,isect_bytes,1434.34
profile,7,0.0003,2,isect_scan_bytes,1388.63
profile,7,0.0003,2,isect_hit_bytes,45.706
profile,7,0.0003,2,isect_bytes_other_mode,61.324
profile,7,0.0003,2,isect_bytes_per_defect,1008.68
profile,7,0.0003,2,isect_scan_bytes_per_defect,976.534
profile,7,0.0003,2,isect_hit_bytes_per_defect,32.1421
profile,7,0.0003,2,isect_bytes_other_mode_per_defect,43.1252
profile,7,0.0003,2,max_isect_bytes,11702
profile,7,0.0003,2,max_isect_scan_bytes,11192
profile,7,0.0003,2,max_isect_hit_bytes,552
profile,7,0.0003,2,max_isect_bytes_other_mode,448
profile,7,0.0003,2,p99_isect_bytes,7844
profile,7,0.0003,2,p999_isect_bytes,10066
profile,7,0.0003,2,hbld_edges_written,2.292
profile,7,0.0003,2,max_hbld_edges_written,29
profile,7,0.0003,2,p99_hbld_edges_written,18
profile,7,0.0003,2,p999_hbld_edges_written,26
profile,7,0.0003,2,h_max_degree,8
profile,7,0.0003,2,mwpm_init_elements,5.8715
profile,7,0.0003,2,mwpm_init_node_elements,2.3425
profile,7,0.0003,2,mwpm_init_edge_elements,3.529
profile,7,0.0003,2,max_mwpm_init_elements,61
profile,7,0.0003,2,p99_mwpm_init_elements,38
profile,7,0.0003,2,p999_mwpm_init_elements,52
profile,7,0.0005,1.5,mean_total_ns,1512.69
profile,7,0.0005,1.5,mean_g_reference_ns,627.643
profile,7,0.0005,1.5,speedup_vs_m1,0.414917
profile,7,0.0005,1.5,mean_stock_ns,508.875
profile,7,0.0005,1.5,p50_total_ns,1203
profile,7,0.0005,1.5,p99_total_ns,6483
profile,7,0.0005,1.5,p999_total_ns,13005
profile,7,0.0005,1.5,mean_h_nodes,2.3305
profile,7,0.0005,1.5,mean_h_edges,1.8065
profile,7,0.0005,1.5,mean_degree,1.55031
profile,7,0.0005,1.5,max_degree,9
profile,7,0.0005,1.5,frac_intersect,0.424493
profile,7,0.0005,1.5,frac_h_build,0.0287325
profile,7,0.0005,1.5,frac_mwpm_build,0.08626
profile,7,0.0005,1.5,frac_blossom_on_h,0.231324
profile,7,0.0005,1.5,frac_harvest,0.0901795
profile,7,0.0005,1.5,residual_density,0
profile,7,0.0005,1.5,q,0
profile,7,0.0005,1.5,residual_tie_rate,0
profile,7,0.0005,1.5,pairing_tie_rate,0
profile,7,0.0005,1.5,mean_restarts,0
profile,7,0.0005,1.5,isect_mode_bitset,0
profile,7,0.0005,1.5,isect_bytes,1252.77
profile,7,0.0005,1.5,isect_scan_bytes,1194.75
profile,7,0.0005,1.5,isect_hit_bytes,58.0185
profile,7,0.0005,1.5,isect_bytes_other_mode,102.348
profile,7,0.0005,1.5,isect_bytes_per_defect,537.554
profile,7,0.0005,1.5,isect_scan_bytes_per_defect,512.659
profile,7,0.0005,1.5,isect_hit_bytes_per_defect,24.8953
profile,7,0.0005,1.5,isect_bytes_other_mode_per_defect,43.9168
profile,7,0.0005,1.5,max_isect_bytes,7998
profile,7,0.0005,1.5,max_isect_scan_bytes,7464
profile,7,0.0005,1.5,max_isect_hit_bytes,550
profile,7,0.0005,1.5,max_isect_bytes_other_mode,592
profile,7,0.0005,1.5,p99_isect_bytes,5582
profile,7,0.0005,1.5,p999_isect_bytes,7181
profile,7,0.0005,1.5,hbld_edges_written,2.7995
profile,7,0.0005,1.5,max_hbld_edges_written,29
profile,7,0.0005,1.5,p99_hbld_edges_written,20
profile,7,0.0005,1.5,p999_hbld_edges_written,26
profile,7,0.0005,1.5,h_max_degree,9
profile,7,0.0005,1.5,mwpm_init_elements,8.1915
profile,7,0.0005,1.5,mwpm_init_node_elements,3.5855
profile,7,0.0005,1.5,mwpm_init_edge_elements,4.606
profile,7,0.0005,1.5,max_mwpm_init_elements,64
profile,7,0.0005,1.5,p99_mwpm_init_elements,44
profile,7,0.0005,1.5,p999_mwpm_init_elements,59
profile,7,0.0005,2,mean_total_ns,2290.52
profile,7,0.0005,2,mean_g_reference_ns,720.692
profile,7,0.0005,2,speedup_vs_m1,0.314642
profile,7,0.0005,2,mean_stock_ns,508.875
profile,7,0.0005,2,p50_total_ns,1583
profile,7,0.0005,2,p99_total_ns,11711
profile,7,0.0005,2,p999_total_ns,29846
profile,7,0.0005,2,mean_h_nodes,2.3305
profile,7,0.0005,2,mean_h_edges,2.5
profile,7,0.0005,2,mean_degree,2.14546
profile,7,0.0005,2,max_degree,11
profile,7,0.0005,2,frac_intersect,0.546376
profile,7,0.0005,2,frac_h_build,0.0250103
profile,7,0.0005,2,frac_mwpm_build,0.0804899
profile,7,0.0005,2,frac_blossom_on_h,0.18313
profile,7,0.0005,2,frac_harvest,0.0671205
profile,7,0.0005,2,residual_density,0
profile,7,0.0005,2,q,0
profile,7,0.0005,2,residual_tie_rate,0
profile,7,0.0005,2,pairing_tie_rate,0
profile,7,0.0005,2,mean_restarts,0
profile,7,0.0005,2,isect_mode_bitset,0
profile,7,0.0005,2,isect_bytes,2358.15
profile,7,0.0005,2,isect_scan_bytes,2274.95
profile,7,0.0005,2,isect_hit_bytes,83.1985
profile,7,0.0005,2,isect_bytes_other_mode,102.348
profile,7,0.0005,2,isect_bytes_per_defect,1011.86
profile,7,0.0005,2,isect_scan_bytes_per_defect,976.165
profile,7,0.0005,2,isect_hit_bytes_per_defect,35.6998
profile,7,0.0005,2,isect_bytes_other_mode_per_defect,43.9168
profile,7,0.0005,2,max_isect_bytes,15222
profile,7,0.0005,2,max_isect_scan_bytes,14336
profile,7,0.0005,2,max_isect_hit_bytes,886
profile,7,0.0005,2,max_isect_bytes_other_mode,592
profile,7,0.0005,2,p99_isect_bytes,10426
profile,7,0.0005,2,p999_isect_bytes,13417
profile,7,0.0005,2,hbld_edges_written,4.269
profile,7,0.0005,2,max_hbld_edges_written,51
profile,7,0.0005,2,p99_hbld_edges_written,29
profile,7,0.0005,2,p999_hbld_edges_written,39
profile,7,0.0005,2,h_max_degree,11
profile,7,0.0005,2,mwpm_init_elements,10.3545
profile,7,0.0005,2,mwpm_init_node_elements,3.5855
profile,7,0.0005,2,mwpm_init_edge_elements,6.769
profile,7,0.0005,2,max_mwpm_init_elements,106
profile,7,0.0005,2,p99_mwpm_init_elements,60
profile,7,0.0005,2,p999_mwpm_init_elements,81
profile,7,0.001,1.5,mean_total_ns,2786.51
profile,7,0.001,1.5,mean_g_reference_ns,1211.82
profile,7,0.001,1.5,speedup_vs_m1,0.434889
profile,7,0.001,1.5,mean_stock_ns,1056.37
profile,7,0.001,1.5,p50_total_ns,2314
profile,7,0.001,1.5,p99_total_ns,9418
profile,7,0.001,1.5,p999_total_ns,16502
profile,7,0.001,1.5,mean_h_nodes,4.674
profile,7,0.001,1.5,mean_h_edges,4.6915
profile,7,0.001,1.5,mean_degree,2.00749
profile,7,0.001,1.5,max_degree,10
profile,7,0.001,1.5,frac_intersect,0.45546
profile,7,0.001,1.5,frac_h_build,0.0274833
profile,7,0.001,1.5,frac_mwpm_build,0.0948119
profile,7,0.001,1.5,frac_blossom_on_h,0.265596
profile,7,0.001,1.5,frac_harvest,0.0689406
profile,7,0.001,1.5,residual_density,0.000320924
profile,7,0.001,1.5,q,0.0015
profile,7,0.001,1.5,residual_tie_rate,0
profile,7,0.001,1.5,pairing_tie_rate,0
profile,7,0.001,1.5,mean_restarts,0
profile,7,0.001,1.5,isect_mode_bitset,0
profile,7,0.001,1.5,isect_bytes,2553.16
profile,7,0.001,1.5,isect_scan_bytes,2420.12
profile,7,0.001,1.5,isect_hit_bytes,133.046
profile,7,0.001,1.5,isect_bytes_other_mode,205.212
profile,7,0.001,1.5,isect_bytes_per_defect,546.248
profile,7,0.001,1.5,isect_scan_bytes_per_defect,517.783
profile,7,0.001,1.5,isect_hit_bytes_per_defect,28.4651
profile,7,0.001,1.5,isect_bytes_other_mode_per_defect,43.905
profile,7,0.001,1.5,max_isect_bytes,12112
profile,7,0.001,1.5,max_isect_scan_bytes,11160
profile,7,0.001,1.5,max_isect_hit_bytes,959
profile,7,0.001,1.5,max_isect_bytes_other_mode,880
profile,7,0.001,1.5,p99_isect_bytes,8079
profile,7,0.001,1.5,p999_isect_bytes,9579
profile,7,0.001,1.5,hbld_edges_written,6.629
profile,7,0.001,1.5,max_hbld_edges_written,53
profile,7,0.001,1.5,p99_hbld_edges_written,34
profile,7,0.001,1.5,p999_hbld_edges_written,47
profile,7,0.001,1.5,h_max_degree,10
profile,7,0.001,1.5,mwpm_init_elements,17.837
profile,7,0.001,1.5,mwpm_init_node_elements,6.5165
profile,7,0.001,1.5,mwpm_init_edge_elements,11.3205
profile,7,0.001,1.5,max_mwpm_init_elements,119
profile,7,0.001,1.5,p99_mwpm_init_elements,75
profile,7,0.001,1.5,p999_mwpm_init_elements,104
profile,7,0.001,2,mean_total_ns,3876.99
profile,7,0.001,2,mean_g_reference_ns,1242.36
profile,7,0.001,2,speedup_vs_m1,0.320445
profile,7,0.001,2,mean_stock_ns,1056.37
profile,7,0.001,2,p50_total_ns,3296
profile,7,0.001,2,p99_total_ns,14237
profile,7,0.001,2,p999_total_ns,23064
profile,7,0.001,2,mean_h_nodes,4.674
profile,7,0.001,2,mean_h_edges,7.087
profile,7,0.001,2,mean_degree,3.03252
profile,7,0.001,2,max_degree,15
profile,7,0.001,2,frac_intersect,0.579317
profile,7,0.001,2,frac_h_build,0.0292465
profile,7,0.001,2,frac_mwpm_build,0.0755439
profile,7,0.001,2,frac_blossom_on_h,0.204525
profile,7,0.001,2,frac_harvest,0.0489436
profile,7,0.001,2,residual_density,0
profile,7,0.001,2,q,0
profile,7,0.001,2,residual_tie_rate,0
profile,7,0.001,2,pairing_tie_rate,0
profile,7,0.001,2,mean_restarts,0
profile,7,0.001,2,isect_mode_bitset,0
profile,7,0.001,2,isect_bytes,4838.52
profile,7,0.001,2,isect_scan_bytes,4637.75
profile,7,0.001,2,isect_hit_bytes,200.774
profile,7,0.001,2,isect_bytes_other_mode,205.212
profile,7,0.001,2,isect_bytes_per_defect,1035.2
profile,7,0.001,2,isect_scan_bytes_per_defect,992.244
profile,7,0.001,2,isect_hit_bytes_per_defect,42.9555
profile,7,0.001,2,isect_bytes_other_mode_per_defect,43.905
profile,7,0.001,2,max_isect_bytes,22688
profile,7,0.001,2,max_isect_scan_bytes,20960
profile,7,0.001,2,max_isect_hit_bytes,1907
profile,7,0.001,2,max_isect_bytes_other_mode,880
profile,7,0.001,2,p99_isect_bytes,15651
profile,7,0.001,2,p999_isect_bytes,18493
profile,7,0.001,2,hbld_edges_written,10.587
profile,7,0.001,2,max_hbld_edges_written,107
profile,7,0.001,2,p99_hbld_edges_written,54
profile,7,0.001,2,p999_hbld_edges_written,83
profile,7,0.001,2,h_max_degree,15
profile,7,0.001,2,mwpm_init_elements,24.1905
profile,7,0.001,2,mwpm_init_node_elements,6.5165
profile,7,0.001,2,mwpm_init_edge_elements,17.674
profile,7,0.001,2,max_mwpm_init_elements,218
profile,7,0.001,2,p99_mwpm_init_elements,115
profile,7,0.001,2,p999_mwpm_init_elements,169
profile,9,0.0001,1.5,mean_total_ns,915.678
profile,9,0.0001,1.5,mean_g_reference_ns,347.817
profile,9,0.0001,1.5,speedup_vs_m1,0.379847
profile,9,0.0001,1.5,mean_stock_ns,238.266
profile,9,0.0001,1.5,p50_total_ns,361
profile,9,0.0001,1.5,p99_total_ns,4238
profile,9,0.0001,1.5,p999_total_ns,12814
profile,9,0.0001,1.5,mean_h_nodes,1.038
profile,9,0.0001,1.5,mean_h_edges,0.62
profile,9,0.0001,1.5,mean_degree,1.19461
profile,9,0.0001,1.5,max_degree,6
profile,9,0.0001,1.5,frac_intersect,0.362346
profile,9,0.0001,1.5,frac_h_build,0.0330198
profile,9,0.0001,1.5,frac_mwpm_build,0.106836
profile,9,0.0001,1.5,frac_blossom_on_h,0.172643
profile,9,0.0001,1.5,frac_harvest,0.125128
profile,9,0.0001,1.5,residual_density,0.000481696
profile,9,0.0001,1.5,q,0.0005
profile,9,0.0001,1.5,residual_tie_rate,0
profile,9,0.0001,1.5,pairing_tie_rate,0
profile,9,0.0001,1.5,mean_restarts,0
profile,9,0.0001,1.5,isect_mode_bitset,0
profile,9,0.0001,1.5,isect_bytes,598.442
profile,9,0.0001,1.5,isect_scan_bytes,577.46
profile,9,0.0001,1.5,isect_hit_bytes,20.982
profile,9,0.0001,1.5,isect_bytes_other_mode,76.152
profile,9,0.0001,1.5,isect_bytes_per_defect,576.534
profile,9,0.0001,1.5,isect_scan_bytes_per_defect,556.32
profile,9,0.0001,1.5,isect_hit_bytes_per_defect,20.2139
profile,9,0.0001,1.5,isect_bytes_other_mode_per_defect,73.3642
profile,9,0.0001,1.5,max_isect_bytes,6786
profile,9,0.0001,1.5,max_isect_scan_bytes,6600
profile,9,0.0001,1.5,max_isect_hit_bytes,334
profile,9,0.0001,1.5,max_isect_bytes_other_mode,792
profile,9,0.0001,1.5,p99_isect_bytes,3966
profile,9,0.0001,1.5,p999_isect_bytes,5502
profile,9,0.0001,1.5,hbld_edges_written,0.9595
profile,9,0.0001,1.5,max_hbld_edges_written,17
profile,9,0.0001,1.5,p99_hbld_edges_written,9
profile,9,0.0001,1.5,p999_hbld_edges_written,13
profile,9,0.0001,1.5,h_max_degree,6
profile,9,0.0001,1.5,mwpm_init_elements,3.354
profile,9,0.0001,1.5,mwpm_init_node_elements,1.7745
profile,9,0.0001,1.5,mwpm_init_edge_elements,1.5795
profile,9,0.0001,1.5,max_mwpm_init_elements,39
profile,9,0.0001,1.5,p99_mwpm_init_elements,20
profile,9,0.0001,1.5,p999_mwpm_init_elements,29
profile,9,0.0001,2,mean_total_ns,1174.26
profile,9,0.0001,2,mean_g_reference_ns,403.48
profile,9,0.0001,2,speedup_vs_m1,0.343603
profile,9,0.0001,2,mean_stock_ns,238.266
profile,9,0.0001,2,p50_total_ns,371
profile,9,0.0001,2,p99_total_ns,5941
profile,9,0.0001,2,p999_total_ns,15189
profile,9,0.0001,2,mean_h_nodes,1.038
profile,9,0.0001,2,mean_h_edges,0.7395
profile,9,0.0001,2,mean_degree,1.42486
profile,9,0.0001,2,max_degree,7
profile,9,0.0001,2,frac_intersect,0.4923
profile,9,0.0001,2,frac_h_build,0.0272409
profile,9,0.0001,2,frac_mwpm_build,0.0913676
profile,9,0.0001,2,frac_blossom_on_h,0.140142
profile,9,0.0001,2,frac_harvest,0.0924261
profile,9,0.0001,2,residual_density,0
profile,9,0.0001,2,q,0
profile,9,0.0001,2,residual_tie_rate,0
profile,9,0.0001,2,pairing_tie_rate,0
profile,9,0.0001,2,mean_restarts,0
profile,9,0.0001,2,isect_mode_bitset,0
profile,9,0.0001,2,isect_bytes,1150.97
profile,9,0.0001,2,isect_scan_bytes,1122.91
profile,9,0.0001,2,isect_hit_bytes,28.06
profile,9,0.0001,2,isect_bytes_other_mode,76.152
profile,9,0.0001,2,isect_bytes_per_defect,1108.83
profile,9,0.0001,2,isect_scan_bytes_per_defect,1081.8
profile,9,0.0001,2,isect_hit_bytes_per_defect,27.0328
profile,9,0.0001,2,isect_bytes_other_mode_per_defect,73.3642
profile,9,0.0001,2,max_isect_bytes,13026
profile,9,0.0001,2,max_isect_scan_bytes,12728
profile,9,0.0001,2,max_isect_hit_bytes,446
profile,9,0.0001,2,max_isect_bytes_other_mode,792
profile,9,0.0001,2,p99_isect_bytes,7547
profile,9,0.0001,2,p999_isect_bytes,10568
profile,9,0.0001,2,hbld_edges_written,1.375
profile,9,0.0001,2,max_hbld_edges_written,24
profile,9,0.0001,2,p99_hbld_edges_written,13
profile,9,0.0001,2,p999_hbld_edges_written,17
profile,9,0.0001,2,h_max_degree,7
profile,9,0.0001,2,mwpm_init_elements,3.889
profile,9,0.0001,2,mwpm_init_node_elements,1.7745
profile,9,0.0001,2,mwpm_init_edge_elements,2.1145
profile,9,0.0001,2,max_mwpm_init_elements,50
profile,9,0.0001,2,p99_mwpm_init_elements,26
profile,9,0.0001,2,p999_mwpm_init_elements,37
profile,9,0.0003,1.5,mean_total_ns,1997.11
profile,9,0.0003,1.5,mean_g_reference_ns,835.524
profile,9,0.0003,1.5,speedup_vs_m1,0.418366
profile,9,0.0003,1.5,mean_stock_ns,677.24
profile,9,0.0003,1.5,p50_total_ns,1623
profile,9,0.0003,1.5,p99_total_ns,7093
profile,9,0.0003,1.5,p999_total_ns,16972
profile,9,0.0003,1.5,mean_h_nodes,3.3425
profile,9,0.0003,1.5,mean_h_edges,2.361
profile,9,0.0003,1.5,mean_degree,1.41272
profile,9,0.0003,1.5,max_degree,9
profile,9,0.0003,1.5,frac_intersect,0.456331
profile,9,0.0003,1.5,frac_h_build,0.0241243
profile,9,0.0003,1.5,frac_mwpm_build,0.0970165
profile,9,0.0003,1.5,frac_blossom_on_h,0.23152
profile,9,0.0003,1.5,frac_harvest,0.0775958
profile,9,0.0003,1.5,residual_density,0
profile,9,0.0003,1.5,q,0
profile,9,0.0003,1.5,residual_tie_rate,0
profile,9,0.0003,1.5,pairing_tie_rate,0
profile,9,0.0003,1.5,mean_restarts,0
profile,9,0.0003,1.5,isect_mode_bitset,0
profile,9,0.0003,1.5,isect_bytes,1935.91
profile,9,0.0003,1.5,isect_scan_bytes,1863.26
profile,9,0.0003,1.5,isect_hit_bytes,72.6505
profile,9,0.0003,1.5,isect_bytes_other_mode,247.528
profile,9,0.0003,1.5,isect_bytes_per_defect,579.179
profile,9,0.0003,1.5,isect_scan_bytes_per_defect,557.444
profile,9,0.0003,1.5,isect_hit_bytes_per_defect,21.7354
profile,9,0.0003,1.5,isect_bytes_other_mode_per_defect,74.0547
profile,9,0.0003,1.5,max_isect_bytes,12530
profile,9,0.0003,1.5,max_isect_scan_bytes,11840
profile,9,0.0003,1.5,max_isect_hit_bytes,711
profile,9,0.0003,1.5,max_isect_bytes_other_mode,1424
profile,9,0.0003,1.5,p99_isect_bytes,7351
profile,9,0.0003,1.5,p999_isect_bytes,9611
profile,9,0.0003,1.5,hbld_edges_written,3.394
profile,9,0.0003,1.5,max_hbld_edges_written,37
profile,9,0.0003,1.5,p99_hbld_edges_written,19
profile,9,0.0003,1.5,p999_hbld_edges_written,36
profile,9,0.0003,1.5,h_max_degree,9
profile,9,0.0003,1.5,mwpm_init_elements,10.6845
profile,9,0.0003,1.5,mwpm_init_node_elements,4.9295
profile,9,0.0003,1.5,mwpm_init_edge_elements,5.755
profile,9,0.0003,1.5,max_mwpm_init_elements,88
profile,9,0.0003,1.5,p99_mwpm_init_elements,45
profile,9,0.0003,1.5,p999_mwpm_init_elements,78
profile,9,0.0003,2,mean_total_ns,2974.58
profile,9,0.0003,2,mean_g_reference_ns,876.601
profile,9,0.0003,2,speedup_vs_m1,0.294698
profile,9,0.0003,2,mean_stock_ns,677.24
profile,9,0.0003,2,p50_total_ns,2225
profile,9,0.0003,2,p99_total_ns,11632
profile,9,0.0003,2,p999_total_ns,20629
profile,9,0.0003,2,mean_h_nodes,3.3425
profile,9,0.0003,2,mean_h_edges,3.1355
profile,9,0.0003,2,mean_degree,1.87614
profile,9,0.0003,2,max_degree,11
profile,9,0.0003,2,frac_intersect,0.601334
profile,9,0.0003,2,frac_h_build,0.0198832
profile,9,0.0003,2,frac_mwpm_build,0.0837919
profile,9,0.0003,2,frac_blossom_on_h,0.166363
profile,9,0.0003,2,frac_harvest,0.0529568
profile,9,0.0003,2,residual_density,0
profile,9,0.0003,2,q,0
profile,9,0.0003,2,residual_tie_rate,0
profile,9,0.0003,2,pairing_tie_rate,0
profile,9,0.0003,2,mean_restarts,0
profile,9,0.0003,2,isect_mode_bitset,0
profile,9,0.0003,2,isect_bytes,3750.11
profile,9,0.0003,2,isect_scan_bytes,3648
profile,9,0.0003,2,isect_hit_bytes,102.109
profile,9,0.0003,2,isect_bytes_other_mode,247.528
profile,9,0.0003,2,isect_bytes_per_defect,1121.95
profile,9,0.0003,2,isect_scan_bytes_per_defect,1091.4
profile,9,0.0003,2,isect_hit_bytes_per_defect,30.5485
profile,9,0.0003,2,isect_bytes_other_mode_per_defect,74.0547
profile,9,0.0003,2,max_isect_bytes,24982
profile,9,0.0003,2,max_isect_scan_bytes,23848
profile,9,0.0003,2,max_isect_hit_bytes,1134
profile,9,0.0003,2,max_isect_bytes_other_mode,1424
profile,9,0.0003,2,p99_isect_bytes,14253
profile,9,0.0003,2,p999_isect_bytes,18475
profile,9,0.0003,2,hbld_edges_written,5.125
profile,9,0.0003,2,max_hbld_edges_written,64
profile,9,0.0003,2,p99_hbld_edges_written,29
profile,9,0.0003,2,p999_hbld_edges_written,48
profile,9,0.0003,2,h_max_degree,11
profile,9,0.0003,2,mwpm_init_elements,13.19
profile,9,0.0003,2,mwpm_init_node_elements,4.9295
profile,9,0.0003,2,mwpm_init_edge_elements,8.2605
profile,9,0.0003,2,max_mwpm_init_elements,137
profile,9,0.0003,2,p99_mwpm_init_elements,62
profile,9,0.0003,2,p999_mwpm_init_elements,98
profile,9,0.0005,1.5,mean_total_ns,3087.43
profile,9,0.0005,1.5,mean_g_reference_ns,1361.21
profile,9,0.0005,1.5,speedup_vs_m1,0.440889
profile,9,0.0005,1.5,mean_stock_ns,1089.47
profile,9,0.0005,1.5,p50_total_ns,2635
profile,9,0.0005,1.5,p99_total_ns,10921
profile,9,0.0005,1.5,p999_total_ns,21050
profile,9,0.0005,1.5,mean_h_nodes,5.321
profile,9,0.0005,1.5,mean_h_edges,4.2015
profile,9,0.0005,1.5,mean_degree,1.57921
profile,9,0.0005,1.5,max_degree,9
profile,9,0.0005,1.5,frac_intersect,0.483882
profile,9,0.0005,1.5,frac_h_build,0.0216829
profile,9,0.0005,1.5,frac_mwpm_build,0.104137
profile,9,0.0005,1.5,frac_blossom_on_h,0.244045
profile,9,0.0005,1.5,frac_harvest,0.064742
profile,9,0.0005,1.5,residual_density,0.000281902
profile,9,0.0005,1.5,q,0.0015
profile,9,0.0005,1.5,residual_tie_rate,0
profile,9,0.0005,1.5,pairing_tie_rate,0
profile,9,0.0005,1.5,mean_restarts,0
profile,9,0.0005,1.5,isect_mode_bitset,0
profile,9,0.0005,1.5,isect_bytes,3105.11
profile,9,0.0005,1.5,isect_scan_bytes,2982.01
profile,9,0.0005,1.5,isect_hit_bytes,123.103
profile,9,0.0005,1.5,isect_bytes_other_mode,407.388
profile,9,0.0005,1.5,isect_bytes_per_defect,583.558
profile,9,0.0005,1.5,isect_scan_bytes_per_defect,560.422
profile,9,0.0005,1.5,isect_hit_bytes_per_defect,23.1353
profile,9,0.0005,1.5,isect_bytes_other_mode_per_defect,76.5623
profile,9,0.0005,1.5,max_isect_bytes,14370
profile,9,0.0005,1.5,max_isect_scan_bytes,13648
profile,9,0.0005,1.5,max_isect_hit_bytes,992
profile,9,0.0005,1.5,max_isect_bytes_other_mode,1832
profile,9,0.0005,1.5,p99_isect_bytes,9876
profile,9,0.0005,1.5,p999_isect_bytes,12926
profile,9,0.0005,1.5,hbld_edges_written,5.8735
profile,9,0.0005,1.5,max_hbld_edges_written,53
profile,9,0.0005,1.5,p99_hbld_edges_written,28
profile,9,0.0005,1.5,p999_hbld_edges_written,39
profile,9,0.0005,1.5,h_max_degree,9
profile,9,0.0005,1.5,mwpm_init_elements,17.4485
profile,9,0.0005,1.5,mwpm_init_node_elements,7.3735
profile,9,0.0005,1.5,mwpm_init_edge_elements,10.075
profile,9,0.0005,1.5,max_mwpm_init_elements,116
profile,9,0.0005,1.5,p99_mwpm_init_elements,67
profile,9,0.0005,1.5,p999_mwpm_init_elements,93
profile,9,0.0005,2,mean_total_ns,4635.95
profile,9,0.0005,2,mean_g_reference_ns,1448.15
profile,9,0.0005,2,speedup_vs_m1,0.312374
profile,9,0.0005,2,mean_stock_ns,1089.47
profile,9,0.0005,2,p50_total_ns,3927
profile,9,0.0005,2,p99_total_ns,16841
profile,9,0.0005,2,p999_total_ns,28544
profile,9,0.0005,2,mean_h_nodes,5.321
profile,9,0.0005,2,mean_h_edges,5.9045
profile,9,0.0005,2,mean_degree,2.21932
profile,9,0.0005,2,max_degree,12
profile,9,0.0005,2,frac_intersect,0.620861
profile,9,0.0005,2,frac_h_build,0.0202236
profile,9,0.0005,2,frac_mwpm_build,0.0860117
profile,9,0.0005,2,frac_blossom_on_h,0.174187
profile,9,0.0005,2,frac_harvest,0.0430914
profile,9,0.0005,2,residual_density,9.39673e-05
profile,9,0.0005,2,q,0.0005
profile,9,0.0005,2,residual_tie_rate,0
profile,9,0.0005,2,pairing_tie_rate,0
profile,9,0.0005,2,mean_restarts,0
profile,9,0.0005,2,isect_mode_bitset,0
profile,9,0.0005,2,isect_bytes,6006.08
profile,9,0.0005,2,isect_scan_bytes,5828.71
profile,9,0.0005,2,isect_hit_bytes,177.371
profile,9,0.0005,2,isect_bytes_other_mode,407.388
profile,9,0.0005,2,isect_bytes_per_defect,1128.75
profile,9,0.0005,2,isect_scan_bytes_per_defect,1095.42
profile,9,0.0005,2,isect_hit_bytes_per_defect,33.3341
profile,9,0.0005,2,isect_bytes_other_mode_per_defect,76.5623
profile,9,0.0005,2,max_isect_bytes,28258
profile,9,0.0005,2,max_isect_scan_bytes,26984
profile,9,0.0005,2,max_isect_hit_bytes,1424
profile,9,0.0005,2,max_isect_bytes_other_mode,1832
profile,9,0.0005,2,p99_isect_bytes,19293
profile,9,0.0005,2,p999_isect_bytes,24777
profile,9,0.0005,2,hbld_edges_written,9.088
profile,9,0.0005,2,max_hbld_edges_written,77
profile,9,0.0005,2,p99_hbld_edges_written,47
profile,9,0.0005,2,p999_hbld_edges_written,70
profile,9,0.0005,2,h_max_degree,12
profile,9,0.0005,2,mwpm_init_elements,22.366
profile,9,0.0005,2,mwpm_init_node_elements,7.3735
profile,9,0.0005,2,mwpm_init_edge_elements,14.9925
profile,9,0.0005,2,max_mwpm_init_elements,157
profile,9,0.0005,2,p99_mwpm_init_elements,100
profile,9,0.0005,2,p999_mwpm_init_elements,149
profile,9,0.001,1.5,mean_total_ns,5880.99
profile,9,0.001,1.5,mean_g_reference_ns,2686.19
profile,9,0.001,1.5,speedup_vs_m1,0.456759
profile,9,0.001,1.5,mean_stock_ns,2340.19
profile,9,0.001,1.5,p50_total_ns,5400
profile,9,0.001,1.5,p99_total_ns,15640
profile,9,0.001,1.5,p999_total_ns,27994
profile,9,0.001,1.5,mean_h_nodes,10.563
profile,9,0.001,1.5,mean_h_edges,10.83
profile,9,0.001,1.5,mean_degree,2.05055
profile,9,0.001,1.5,max_degree,11
profile,9,0.001,1.5,frac_intersect,0.498746
profile,9,0.001,1.5,frac_h_build,0.0249435
profile,9,0.001,1.5,frac_mwpm_build,0.10123
profile,9,0.001,1.5,frac_blossom_on_h,0.271693
profile,9,0.001,1.5,frac_harvest,0.0545418
profile,9,0.001,1.5,residual_density,0.000331345
profile,9,0.001,1.5,q,0.003
profile,9,0.001,1.5,residual_tie_rate,0
profile,9,0.001,1.5,pairing_tie_rate,0
profile,9,0.001,1.5,mean_restarts,0
profile,9,0.001,1.5,isect_mode_bitset,0
profile,9,0.001,1.5,isect_bytes,6242.61
profile,9,0.001,1.5,isect_scan_bytes,5956.92
profile,9,0.001,1.5,isect_hit_bytes,285.693
profile,9,0.001,1.5,isect_bytes_other_mode,812.48
profile,9,0.001,1.5,isect_bytes_per_defect,590.988
profile,9,0.001,1.5,isect_scan_bytes_per_defect,563.942
profile,9,0.001,1.5,isect_hit_bytes_per_defect,27.0466
profile,9,0.001,1.5,isect_bytes_other_mode_per_defect,76.9175
profile,9,0.001,1.5,max_isect_bytes,20536
profile,9,0.001,1.5,max_isect_scan_bytes,18944
profile,9,0.001,1.5,max_isect_hit_bytes,1592
profile,9,0.001,1.5,max_isect_bytes_other_mode,2576
profile,9,0.001,1.5,p99_isect_bytes,14633
profile,9,0.001,1.5,p999_isect_bytes,17398
profile,9,0.001,1.5,hbld_edges_written,14.201
profile,9,0.001,1.5,max_hbld_edges_written,88
profile,9,0.001,1.5,p99_hbld_edges_written,50
profile,9,0.001,1.5,p999_hbld_edges_written,75
profile,9,0.001,1.5,h_max_degree,11
profile,9,0.001,1.5,mwpm_init_elements,38.321
profile,9,0.001,1.5,mwpm_init_node_elements,13.29
profile,9,0.001,1.5,mwpm_init_edge_elements,25.031
profile,9,0.001,1.5,max_mwpm_init_elements,197
profile,9,0.001,1.5,p99_mwpm_init_elements,114
profile,9,0.001,1.5,p999_mwpm_init_elements,168
profile,9,0.001,2,mean_total_ns,9209.52
profile,9,0.001,2,mean_g_reference_ns,2741.34
profile,9,0.001,2,speedup_vs_m1,0.297664
profile,9,0.001,2,mean_stock_ns,2340.19
profile,9,0.001,2,p50_total_ns,8556
profile,9,0.001,2,p99_total_ns,24086
profile,9,0.001,2,p999_total_ns,33885
profile,9,0.001,2,mean_h_nodes,10.563
profile,9,0.001,2,mean_h_edges,16.998
profile,9,0.001,2,mean_degree,3.2184
profile,9,0.001,2,max_degree,18
profile,9,0.001,2,frac_intersect,0.622707
profile,9,0.001,2,frac_h_build,0.0278983
profile,9,0.001,2,frac_mwpm_build,0.0888758
profile,9,0.001,2,frac_blossom_on_h,0.194281
profile,9,0.001,2,frac_harvest,0.034405
profile,9,0.001,2,residual_density,0
profile,9,0.001,2,q,0
profile,9,0.001,2,residual_tie_rate,0
profile,9,0.001,2,pairing_tie_rate,0
profile,9,0.001,2,mean_restarts,0
profile,9,0.001,2,isect_mode_bitset,0
profile,9,0.001,2,isect_bytes,12209.3
profile,9,0.001,2,isect_scan_bytes,11771.1
profile,9,0.001,2,isect_hit_bytes,438.213
profile,9,0.001,2,isect_bytes_other_mode,812.48
profile,9,0.001,2,isect_bytes_per_defect,1155.86
profile,9,0.001,2,isect_scan_bytes_per_defect,1114.37
profile,9,0.001,2,isect_hit_bytes_per_defect,41.4857
profile,9,0.001,2,isect_bytes_other_mode_per_defect,76.9175
profile,9,0.001,2,max_isect_bytes,40468
profile,9,0.001,2,max_isect_scan_bytes,37712
profile,9,0.001,2,max_isect_hit_bytes,2756
profile,9,0.001,2,max_isect_bytes_other_mode,2576
profile,9,0.001,2,p99_isect_bytes,28931
profile,9,0.001,2,p999_isect_bytes,34020
profile,9,0.001,2,hbld_edges_written,23.321
profile,9,0.001,2,max_hbld_edges_written,159
profile,9,0.001,2,p99_hbld_edges_written,81
profile,9,0.001,2,p999_hbld_edges_written,132
profile,9,0.001,2,h_max_degree,18
profile,9,0.001,2,mwpm_init_elements,53.609
profile,9,0.001,2,mwpm_init_node_elements,13.29
profile,9,0.001,2,mwpm_init_edge_elements,40.319
profile,9,0.001,2,max_mwpm_init_elements,328
profile,9,0.001,2,p99_mwpm_init_elements,173
profile,9,0.001,2,p999_mwpm_init_elements,278
profile,11,0.0001,1.5,mean_total_ns,1354.93
profile,11,0.0001,1.5,mean_g_reference_ns,568.723
profile,11,0.0001,1.5,speedup_vs_m1,0.419743
profile,11,0.0001,1.5,mean_stock_ns,425.032
profile,11,0.0001,1.5,p50_total_ns,1122
profile,11,0.0001,1.5,p99_total_ns,5981
profile,11,0.0001,1.5,p999_total_ns,15039
profile,11,0.0001,1.5,mean_h_nodes,1.874
profile,11,0.0001,1.5,mean_h_edges,1.104
profile,11,0.0001,1.5,mean_degree,1.17823
profile,11,0.0001,1.5,max_degree,6
profile,11,0.0001,1.5,frac_intersect,0.424727
profile,11,0.0001,1.5,frac_h_build,0.0250374
profile,11,0.0001,1.5,frac_mwpm_build,0.108762
profile,11,0.0001,1.5,frac_blossom_on_h,0.192927
profile,11,0.0001,1.5,frac_harvest,0.0952741
profile,11,0.0001,1.5,residual_density,0.000266809
profile,11,0.0001,1.5,q,0.0005
profile,11,0.0001,1.5,residual_tie_rate,0
profile,11,0.0001,1.5,pairing_tie_rate,0
profile,11,0.0001,1.5,mean_restarts,0
profile,11,0.0001,1.5,isect_mode_bitset,0
profile,11,0.0001,1.5,isect_bytes,1141.57
profile,11,0.0001,1.5,isect_scan_bytes,1107.09
profile,11,0.0001,1.5,isect_hit_bytes,34.478
profile,11,0.0001,1.5,isect_bytes_other_mode,213.908
profile,11,0.0001,1.5,isect_bytes_per_defect,609.16
profile,11,0.0001,1.5,isect_scan_bytes_per_defect,590.762
profile,11,0.0001,1.5,isect_hit_bytes_per_defect,18.3981
profile,11,0.0001,1.5,isect_bytes_other_mode_per_defect,114.145
profile,11,0.0001,1.5,max_isect_bytes,7678
profile,11,0.0001,1.5,max_isect_scan_bytes,7392
profile,11,0.0001,1.5,max_isect_hit_bytes,344
profile,11,0.0001,1.5,max_isect_bytes_other_mode,1288
profile,11,0.0001,1.5,p99_isect_bytes,5480
profile,11,0.0001,1.5,p999_isect_bytes,7016
profile,11,0.0001,1.5,hbld_edges_written,1.5895
profile,11,0.0001,1.5,max_hbld_edges_written,18
profile,11,0.0001,1.5,p99_hbld_edges_written,10
profile,11,0.0001,1.5,p999_hbld_edges_written,16
profile,11,0.0001,1.5,h_max_degree,6
profile,11,0.0001,1.5,mwpm_init_elements,5.7135
profile,11,0.0001,1.5,mwpm_init_node_elements,3.02
profile,11,0.0001,1.5,mwpm_init_edge_elements,2.6935
profile,11,0.0001,1.5,max_mwpm_init_elements,40
profile,11,0.0001,1.5,p99_mwpm_init_elements,27
profile,11,0.0001,1.5,p999_mwpm_init_elements,40
profile,11,0.0001,2,mean_total_ns,1946.75
profile,11,0.0001,2,mean_g_reference_ns,661.434
profile,11,0.0001,2,speedup_vs_m1,0.339762
profile,11,0.0001,2,mean_stock_ns,425.032
profile,11,0.0001,2,p50_total_ns,1553
profile,11,0.0001,2,p99_total_ns,8296
profile,11,0.0001,2,p999_total_ns,21211
profile,11,0.0001,2,mean_h_nodes,1.874
profile,11,0.0001,2,mean_h_edges,1.3045
profile,11,0.0001,2,mean_degree,1.39221
profile,11,0.0001,2,max_degree,8
profile,11,0.0001,2,frac_intersect,0.576596
profile,11,0.0001,2,frac_h_build,0.0191303
profile,11,0.0001,2,frac_mwpm_build,0.0904855
profile,11,0.0001,2,frac_blossom_on_h,0.140169
profile,11,0.0001,2,frac_harvest,0.0675468
profile,11,0.0001,2,residual_density,0
profile,11,0.0001,2,q,0
profile,11,0.0001,2,residual_tie_rate,0
profile,11,0.0001,2,pairing_tie_rate,0
profile,11,0.0001,2,mean_restarts,0
profile,11,0.0001,2,isect_mode_bitset,0
profile,11,0.0001,2,isect_bytes,2241.45
profile,11,0.0001,2,isect_scan_bytes,2195.72
profile,11,0.0001,2,isect_hit_bytes,45.734
profile,11,0.0001,2,isect_bytes_other_mode,213.908
profile,11,0.0001,2,isect_bytes_per_defect,1196.08
profile,11,0.0001,2,isect_scan_bytes_per_defect,1171.68
profile,11,0.0001,2,isect_hit_bytes_per_defect,24.4045
profile,11,0.0001,2,isect_bytes_other_mode_per_defect,114.145
profile,11,0.0001,2,max_isect_bytes,15254
profile,11,0.0001,2,max_isect_scan_bytes,14936
profile,11,0.0001,2,max_isect_hit_bytes,516
profile,11,0.0001,2,max_isect_bytes_other_mode,1288
profile,11,0.0001,2,p99_isect_bytes,10748
profile,11,0.0001,2,p999_isect_bytes,13690
profile,11,0.0001,2,hbld_edges_written,2.2485
profile,11,0.0001,2,max_hbld_edges_written,28
profile,11,0.0001,2,p99_hbld_edges_written,16
profile,11,0.0001,2,p999_hbld_edges_written,23
profile,11,0.0001,2,h_max_degree,8
profile,11,0.0001,2,mwpm_init_elements,6.573
profile,11,0.0001,2,mwpm_init_node_elements,3.02
profile,11,0.0001,2,mwpm_init_edge_elements,3.553
profile,11,0.0001,2,max_mwpm_init_elements,60
profile,11,0.0001,2,p99_mwpm_init_elements,34
profile,11,0.0001,2,p999_mwpm_init_elements,48
profile,11,0.0003,1.5,mean_total_ns,3373.34
profile,11,0.0003,1.5,mean_g_reference_ns,1566.05
profile,11,0.0003,1.5,speedup_vs_m1,0.464243
profile,11,0.0003,1.5,mean_stock_ns,1239.12
profile,11,0.0003,1.5,p50_total_ns,3016
profile,11,0.0003,1.5,p99_total_ns,10680
profile,11,0.0003,1.5,p999_total_ns,29677
profile,11,0.0003,1.5,mean_h_nodes,6.0605
profile,11,0.0003,1.5,mean_h_edges,4.2075
profile,11,0.0003,1.5,mean_degree,1.3885
profile,11,0.0003,1.5,max_degree,7
profile,11,0.0003,1.5,frac_intersect,0.502357
profile,11,0.0003,1.5,frac_h_build,0.0190438
profile,11,0.0003,1.5,frac_mwpm_build,0.103888
profile,11,0.0003,1.5,frac_blossom_on_h,0.236936
profile,11,0.0003,1.5,frac_harvest,0.0624188
profile,11,0.0003,1.5,residual_density,8.25014e-05
profile,11,0.0003,1.5,q,0.0005
profile,11,0.0003,1.5,residual_tie_rate,0
profile,11,0.0003,1.5,pairing_tie_rate,0
profile,11,0.0003,1.5,mean_restarts,0
profile,11,0.0003,1.5,isect_mode_bitset,0
profile,11,0.0003,1.5,isect_bytes,3691.91
profile,11,0.0003,1.5,isect_scan_bytes,3570.12
profile,11,0.0003,1.5,isect_hit_bytes,121.79
profile,11,0.0003,1.5,isect_bytes_other_mode,691.84
profile,11,0.0003,1.5,isect_bytes_per_defect,609.175
profile,11,0.0003,1.5,isect_scan_bytes_per_defect,589.079
profile,11,0.0003,1.5,isect_hit_bytes_per_defect,20.0958
profile,11,0.0003,1.5,isect_bytes_other_mode_per_defect,114.156
profile,11,0.0003,1.5,max_isect_bytes,18524
profile,11,0.0003,1.5,max_isect_scan_bytes,17824
profile,11,0.0003,1.5,max_isect_hit_bytes,734
profile,11,0.0003,1.5,max_isect_bytes_other_mode,3296
profile,11,0.0003,1.5,p99_isect_bytes,10657
profile,11,0.0003,1.5,p999_isect_bytes,14650
profile,11,0.0003,1.5,hbld_edges_written,5.7635
profile,11,0.0003,1.5,max_hbld_edges_written,37
profile,11,0.0003,1.5,p99_hbld_edges_written,24
profile,11,0.0003,1.5,p999_hbld_edges_written,35
profile,11,0.0003,1.5,h_max_degree,7
profile,11,0.0003,1.5,mwpm_init_elements,18.241
profile,11,0.0003,1.5,mwpm_init_node_elements,8.27
profile,11,0.0003,1.5,mwpm_init_edge_elements,9.971
profile,11,0.0003,1.5,max_mwpm_init_elements,95
profile,11,0.0003,1.5,p99_mwpm_init_elements,57
profile,11,0.0003,1.5,p999_mwpm_init_elements,85
profile,11,0.0003,2,mean_total_ns,5190.3
profile,11,0.0003,2,mean_g_reference_ns,1646.76
profile,11,0.0003,2,speedup_vs_m1,0.317277
profile,11,0.0003,2,mean_stock_ns,1239.12
profile,11,0.0003,2,p50_total_ns,4640
profile,11,0.0003,2,p99_total_ns,16171
profile,11,0.0003,2,p999_total_ns,26982
profile,11,0.0003,2,mean_h_nodes,6.0605
profile,11,0.0003,2,mean_h_edges,5.6035
profile,11,0.0003,2,mean_degree,1.84919
profile,11,0.0003,2,max_degree,11
profile,11,0.0003,2,frac_intersect,0.641882
profile,11,0.0003,2,frac_h_build,0.0161551
profile,11,0.0003,2,frac_mwpm_build,0.0832363
profile,11,0.0003,2,frac_blossom_on_h,0.168984
profile,11,0.0003,2,frac_harvest,0.0410502
profile,11,0.0003,2,residual_density,0
profile,11,0.0003,2,q,0
profile,11,0.0003,2,residual_tie_rate,0
profile,11,0.0003,2,pairing_tie_rate,0
profile,11,0.0003,2,mean_restarts,0
profile,11,0.0003,2,isect_mode_bitset,0
profile,11,0.0003,2,isect_bytes,7274
profile,11,0.0003,2,isect_scan_bytes,7103.99
profile,11,0.0003,2,isect_hit_bytes,170.011
profile,11,0.0003,2,isect_bytes_other_mode,691.84
profile,11,0.0003,2,isect_bytes_per_defect,1200.23
profile,11,0.0003,2,isect_scan_bytes_per_defect,1172.18
profile,11,0.0003,2,isect_hit_bytes_per_defect,28.0522
profile,11,0.0003,2,isect_bytes_other_mode_per_defect,114.156
profile,11,0.0003,2,max_isect_bytes,35316
profile,11,0.0003,2,max_isect_scan_bytes,34304
profile,11,0.0003,2,max_isect_hit_bytes,1147
profile,11,0.0003,2,max_isect_bytes_other_mode,3296
profile,11,0.0003,2,p99_isect_bytes,21356
profile,11,0.0003,2,p999_isect_bytes,29966
profile,11,0.0003,2,hbld_edges_written,8.632
profile,11,0.0003,2,max_hbld_edges_written,62
profile,11,0.0003,2,p99_hbld_edges_written,37
profile,11,0.0003,2,p999_hbld_edges_written,56
profile,11,0.0003,2,h_max_degree,11
profile,11,0.0003,2,mwpm_init_elements,22.5055
profile,11,0.0003,2,mwpm_init_node_elements,8.27
profile,11,0.0003,2,mwpm_init_edge_elements,14.2355
profile,11,0.0003,2,max_mwpm_init_elements,135
profile,11,0.0003,2,p99_mwpm_init_elements,82
profile,11,0.0003,2,p999_mwpm_init_elements,128
profile,11,0.0005,1.5,mean_total_ns,5422.75
profile,11,0.0005,1.5,mean_g_reference_ns,2609.19
profile,11,0.0005,1.5,speedup_vs_m1,0.481156
profile,11,0.0005,1.5,mean_stock_ns,2317.66
profile,11,0.0005,1.5,p50_total_ns,4890
profile,11,0.0005,1.5,p99_total_ns,14347
profile,11,0.0005,1.5,p999_total_ns,26731
profile,11,0.0005,1.5,mean_h_nodes,10.031
profile,11,0.0005,1.5,mean_h_edges,8.1165
profile,11,0.0005,1.5,mean_degree,1.61828
profile,11,0.0005,1.5,max_degree,9
profile,11,0.0005,1.5,frac_intersect,0.513221
profile,11,0.0005,1.5,frac_h_build,0.019844
profile,11,0.0005,1.5,frac_mwpm_build,0.100309
profile,11,0.0005,1.5,frac_blossom_on_h,0.259131
profile,11,0.0005,1.5,frac_harvest,0.0551687
profile,11,0.0005,1.5,residual_density,4.98455e-05
profile,11,0.0005,1.5,q,0.0005
profile,11,0.0005,1.5,residual_tie_rate,0
profile,11,0.0005,1.5,pairing_tie_rate,0
profile,11,0.0005,1.5,mean_restarts,0
profile,11,0.0005,1.5,isect_mode_bitset,0
profile,11,0.0005,1.5,isect_bytes,6204.72
profile,11,0.0005,1.5,isect_scan_bytes,5984.99
profile,11,0.0005,1.5,isect_hit_bytes,219.725
profile,11,0.0005,1.5,isect_bytes_other_mode,1197.99
profile,11,0.0005,1.5,isect_bytes_per_defect,618.554
profile,11,0.0005,1.5,isect_scan_bytes_per_defect,596.65
profile,11,0.0005,1.5,isect_hit_bytes_per_defect,21.9046
profile,11,0.0005,1.5,isect_bytes_other_mode_per_defect,119.429
profile,11,0.0005,1.5,max_isect_bytes,17945
profile,11,0.0005,1.5,max_isect_scan_bytes,17296
profile,11,0.0005,1.5,max_isect_hit_bytes,968
profile,11,0.0005,1.5,max_isect_bytes_other_mode,3312
profile,11,0.0005,1.5,p99_isect_bytes,14978
profile,11,0.0005,1.5,p999_isect_bytes,16808
profile,11,0.0005,1.5,hbld_edges_written,10.669
profile,11,0.0005,1.5,max_hbld_edges_written,49
profile,11,0.0005,1.5,p99_hbld_edges_written,36
profile,11,0.0005,1.5,p999_hbld_edges_written,48
profile,11,0.0005,1.5,h_max_degree,9
profile,11,0.0005,1.5,mwpm_init_elements,31.661
profile,11,0.0005,1.5,mwpm_init_node_elements,12.8755
profile,11,0.0005,1.5,mwpm_init_edge_elements,18.7855
profile,11,0.0005,1.5,max_mwpm_init_elements,117
profile,11,0.0005,1.5,p99_mwpm_init_elements,88
profile,11,0.0005,1.5,p999_mwpm_init_elements,113
profile,11,0.0005,2,mean_total_ns,8940.85
profile,11,0.0005,2,mean_g_reference_ns,2933.83
profile,11,0.0005,2,speedup_vs_m1,0.328137
profile,11,0.0005,2,mean_stock_ns,2317.66
profile,11,0.0005,2,p50_total_ns,8005
profile,11,0.0005,2,p99_total_ns,24978
profile,11,0.0005,2,p999_total_ns,44354
profile,11,0.0005,2,mean_h_nodes,10.031
profile,11,0.0005,2,mean_h_edges,11.4395
profile,11,0.0005,2,mean_degree,2.28083
profile,11,0.0005,2,max_degree,12
profile,11,0.0005,2,frac_intersect,0.655028
profile,11,0.0005,2,frac_h_build,0.0191
profile,11,0.0005,2,frac_mwpm_build,0.0826421
profile,11,0.0005,2,frac_blossom_on_h,0.176524
profile,11,0.0005,2,frac_harvest,0.0344524
profile,11,0.0005,2,residual_density,0
profile,11,0.0005,2,q,0
profile,11,0.0005,2,residual_tie_rate,0
profile,11,0.0005,2,pairing_tie_rate,0
profile,11,0.0005,2,mean_restarts,0
profile,11,0.0005,2,isect_mode_bitset,0
profile,11,0.0005,2,isect_bytes,12242.5
profile,11,0.0005,2,isect_scan_bytes,11927.6
profile,11,0.0005,2,isect_hit_bytes,314.831
profile,11,0.0005,2,isect_bytes_other_mode,1197.99
profile,11,0.0005,2,isect_bytes_per_defect,1220.46
profile,11,0.0005,2,isect_scan_bytes_per_defect,1189.08
profile,11,0.0005,2,isect_hit_bytes_per_defect,31.3858
profile,11,0.0005,2,isect_bytes_other_mode_per_defect,119.429
profile,11,0.0005,2,max_isect_bytes,35761
profile,11,0.0005,2,max_isect_scan_bytes,34768
profile,11,0.0005,2,max_isect_hit_bytes,1440
profile,11,0.0005,2,max_isect_bytes_other_mode,3312
profile,11,0.0005,2,p99_isect_bytes,29418
profile,11,0.0005,2,p999_isect_bytes,33065
profile,11,0.0005,2,hbld_edges_written,16.3715
profile,11,0.0005,2,max_hbld_edges_written,77
profile,11,0.0005,2,p99_hbld_edges_written,55
profile,11,0.0005,2,p999_hbld_edges_written,77
profile,11,0.0005,2,h_max_degree,12
profile,11,0.0005,2,mwpm_init_elements,40.6865
profile,11,0.0005,2,mwpm_init_node_elements,12.8755
profile,11,0.0005,2,mwpm_init_edge_elements,27.811
profile,11,0.0005,2,max_mwpm_init_elements,167
profile,11,0.0005,2,p99_mwpm_init_elements,122
profile,11,0.0005,2,p999_mwpm_init_elements,160
profile,11,0.001,1.5,mean_total_ns,11278.7
profile,11,0.001,1.5,mean_g_reference_ns,5554.36
profile,11,0.001,1.5,speedup_vs_m1,0.492466
profile,11,0.001,1.5,mean_stock_ns,4642.25
profile,11,0.001,1.5,p50_total_ns,10791
profile,11,0.001,1.5,p99_total_ns,25178
profile,11,0.001,1.5,p999_total_ns,52610
profile,11,0.001,1.5,mean_h_nodes,19.8745
profile,11,0.001,1.5,mean_h_edges,21.5575
profile,11,0.001,1.5,mean_degree,2.16936
profile,11,0.001,1.5,max_degree,12
profile,11,0.001,1.5,frac_intersect,0.509086
profile,11,0.001,1.5,frac_h_build,0.0261489
profile,11,0.001,1.5,frac_mwpm_build,0.103563
profile,11,0.001,1.5,frac_blossom_on_h,0.274226
profile,11,0.001,1.5,frac_harvest,0.0536082
profile,11,0.001,1.5,residual_density,0.000377368
profile,11,0.001,1.5,q,0.007
profile,11,0.001,1.5,residual_tie_rate,0
profile,11,0.001,1.5,pairing_tie_rate,0
profile,11,0.001,1.5,mean_restarts,0
profile,11,0.001,1.5,isect_mode_bitset,0
profile,11,0.001,1.5,isect_bytes,12424.2
profile,11,0.001,1.5,isect_scan_bytes,11898.5
profile,11,0.001,1.5,isect_hit_bytes,525.646
profile,11,0.001,1.5,isect_bytes_other_mode,2377.95
profile,11,0.001,1.5,isect_bytes_per_defect,625.132
profile,11,0.001,1.5,isect_scan_bytes_per_defect,598.684
profile,11,0.001,1.5,isect_hit_bytes_per_defect,26.4483
profile,11,0.001,1.5,isect_bytes_other_mode_per_defect,119.648
profile,11,0.001,1.5,max_isect_bytes,31177
profile,11,0.001,1.5,max_isect_scan_bytes,29224
profile,11,0.001,1.5,max_isect_hit_bytes,1953
profile,11,0.001,1.5,max_isect_bytes_other_mode,5384
profile,11,0.001,1.5,p99_isect_bytes,24124
profile,11,0.001,1.5,p999_isect_bytes,27924
profile,11,0.001,1.5,hbld_edges_written,26.7325
profile,11,0.001,1.5,max_hbld_edges_written,108
profile,11,0.001,1.5,p99_hbld_edges_written,75
profile,11,0.001,1.5,p999_hbld_edges_written,94
profile,11,0.001,1.5,h_max_degree,12
profile,11,0.001,1.5,mwpm_init_elements,72.1515
profile,11,0.001,1.5,mwpm_init_node_elements,23.8615
profile,11,0.001,1.5,mwpm_init_edge_elements,48.29
profile,11,0.001,1.5,max_mwpm_init_elements,251
profile,11,0.001,1.5,p99_mwpm_init_elements,177
profile,11,0.001,1.5,p999_mwpm_init_elements,212
profile,11,0.001,2,mean_total_ns,18363.9
profile,11,0.001,2,mean_g_reference_ns,6046.76
profile,11,0.001,2,speedup_vs_m1,0.329274
profile,11,0.001,2,mean_stock_ns,4642.25
profile,11,0.001,2,p50_total_ns,17533
profile,11,0.001,2,p99_total_ns,40417
profile,11,0.001,2,p999_total_ns,55586
profile,11,0.001,2,mean_h_nodes,19.8745
profile,11,0.001,2,mean_h_edges,34.4045
profile,11,0.001,2,mean_degree,3.46218
profile,11,0.001,2,max_degree,16
profile,11,0.001,2,frac_intersect,0.638423
profile,11,0.001,2,frac_h_build,0.0291336
profile,11,0.001,2,frac_mwpm_build,0.0903122
profile,11,0.001,2,frac_blossom_on_h,0.18935
profile,11,0.001,2,frac_harvest,0.0325064
profile,11,0.001,2,residual_density,0
profile,11,0.001,2,q,0
profile,11,0.001,2,residual_tie_rate,0
profile,11,0.001,2,pairing_tie_rate,0
profile,11,0.001,2,mean_restarts,0
profile,11,0.001,2,isect_mode_bitset,0
profile,11,0.001,2,isect_bytes,24801.7
profile,11,0.001,2,isect_scan_bytes,23985.9
profile,11,0.001,2,isect_hit_bytes,815.804
profile,11,0.001,2,isect_bytes_other_mode,2377.95
profile,11,0.001,2,isect_bytes_per_defect,1247.91
profile,11,0.001,2,isect_scan_bytes_per_defect,1206.87
profile,11,0.001,2,isect_hit_bytes_per_defect,41.0478
profile,11,0.001,2,isect_bytes_other_mode_per_defect,119.648
profile,11,0.001,2,max_isect_bytes,61817
profile,11,0.001,2,max_isect_scan_bytes,58616
profile,11,0.001,2,max_isect_hit_bytes,3201
profile,11,0.001,2,max_isect_bytes_other_mode,5384
profile,11,0.001,2,p99_isect_bytes,47855
profile,11,0.001,2,p999_isect_bytes,55300
profile,11,0.001,2,hbld_edges_written,44.2965
profile,11,0.001,2,max_hbld_edges_written,185
profile,11,0.001,2,p99_hbld_edges_written,133
profile,11,0.001,2,p999_hbld_edges_written,153
profile,11,0.001,2,h_max_degree,16
profile,11,0.001,2,mwpm_init_elements,102.562
profile,11,0.001,2,mwpm_init_node_elements,23.8615
profile,11,0.001,2,mwpm_init_edge_elements,78.701
profile,11,0.001,2,max_mwpm_init_elements,397
profile,11,0.001,2,p99_mwpm_init_elements,286
profile,11,0.001,2,p999_mwpm_init_elements,330
profile,13,0.0001,1.5,mean_total_ns,2083.9
profile,13,0.0001,1.5,mean_g_reference_ns,1022.12
profile,13,0.0001,1.5,speedup_vs_m1,0.490482
profile,13,0.0001,1.5,mean_stock_ns,837.216
profile,13,0.0001,1.5,p50_total_ns,1713
profile,13,0.0001,1.5,p99_total_ns,7675
profile,13,0.0001,1.5,p999_total_ns,18585
profile,13,0.0001,1.5,mean_h_nodes,3.3365
profile,13,0.0001,1.5,mean_h_edges,1.897
profile,13,0.0001,1.5,mean_degree,1.13712
profile,13,0.0001,1.5,max_degree,7
profile,13,0.0001,1.5,frac_intersect,0.481025
profile,13,0.0001,1.5,frac_h_build,0.0196552
profile,13,0.0001,1.5,frac_mwpm_build,0.1108
profile,13,0.0001,1.5,frac_blossom_on_h,0.205483
profile,13,0.0001,1.5,frac_harvest,0.0747924
profile,13,0.0001,1.5,residual_density,0
profile,13,0.0001,1.5,q,0
profile,13,0.0001,1.5,residual_tie_rate,0
profile,13,0.0001,1.5,pairing_tie_rate,0.0005
profile,13,0.0001,1.5,mean_restarts,0
profile,13,0.0001,1.5,isect_mode_bitset,0
profile,13,0.0001,1.5,isect_bytes,2110.78
profile,13,0.0001,1.5,isect_scan_bytes,2054.46
profile,13,0.0001,1.5,isect_hit_bytes,56.3265
profile,13,0.0001,1.5,isect_bytes_other_mode,542.504
profile,13,0.0001,1.5,isect_bytes_per_defect,632.634
profile,13,0.0001,1.5,isect_scan_bytes_per_defect,615.752
profile,13,0.0001,1.5,isect_hit_bytes_per_defect,16.8819
profile,13,0.0001,1.5,isect_bytes_other_mode_per_defect,162.597
profile,13,0.0001,1.5,max_isect_bytes,11545
profile,13,0.0001,1.5,max_isect_scan_bytes,11200
profile,13,0.0001,1.5,max_isect_hit_bytes,584
profile,13,0.0001,1.5,max_isect_bytes_other_mode,2840
profile,13,0.0001,1.5,p99_isect_bytes,7988
profile,13,0.0001,1.5,p999_isect_bytes,10432
profile,13,0.0001,1.5,hbld_edges_written,2.6255
profile,13,0.0001,1.5,max_hbld_edges_written,33
profile,13,0.0001,1.5,p99_hbld_edges_written,13
profile,13,0.0001,1.5,p999_hbld_edges_written,18
profile,13,0.0001,1.5,h_max_degree,7
profile,13,0.0001,1.5,mwpm_init_elements,9.507
profile,13,0.0001,1.5,mwpm_init_node_elements,4.9845
profile,13,0.0001,1.5,mwpm_init_edge_elements,4.5225
profile,13,0.0001,1.5,max_mwpm_init_elements,79
profile,13,0.0001,1.5,p99_mwpm_init_elements,33
profile,13,0.0001,1.5,p999_mwpm_init_elements,47
profile,13,0.0001,2,mean_total_ns,3059.9
profile,13,0.0001,2,mean_g_reference_ns,1097.8
profile,13,0.0001,2,speedup_vs_m1,0.35877
profile,13,0.0001,2,mean_stock_ns,837.216
profile,13,0.0001,2,p50_total_ns,2365
profile,13,0.0001,2,p99_total_ns,11191
profile,13,0.0001,2,p999_total_ns,21921
profile,13,0.0001,2,mean_h_nodes,3.3365
profile,13,0.0001,2,mean_h_edges,2.2215
profile,13,0.0001,2,mean_degree,1.33163
profile,13,0.0001,2,max_degree,9
profile,13,0.0001,2,frac_intersect,0.622757
profile,13,0.0001,2,frac_h_build,0.0148261
profile,13,0.0001,2,frac_mwpm_build,0.0862691
profile,13,0.0001,2,frac_blossom_on_h,0.150635
profile,13,0.0001,2,frac_harvest,0.0515531
profile,13,0.0001,2,residual_density,0
profile,13,0.0001,2,q,0
profile,13,0.0001,2,residual_tie_rate,0
profile,13,0.0001,2,pairing_tie_rate,0.0005
profile,13,0.0001,2,mean_restarts,0
profile,13,0.0001,2,isect_mode_bitset,0
profile,13,0.0001,2,isect_bytes,4191.5
profile,13,0.0001,2,isect_scan_bytes,4117.92
profile,13,0.0001,2,isect_hit_bytes,73.5825
profile,13,0.0001,2,isect_bytes_other_mode,542.504
profile,13,0.0001,2,isect_bytes_per_defect,1256.26
profile,13,0.0001,2,isect_scan_bytes_per_defect,1234.2
profile,13,0.0001,2,isect_hit_bytes_per_defect,22.0538
profile,13,0.0001,2,isect_bytes_other_mode_per_defect,162.597
profile,13,0.0001,2,max_isect_bytes,23745
profile,13,0.0001,2,max_isect_scan_bytes,23208
profile,13,0.0001,2,max_isect_hit_bytes,904
profile,13,0.0001,2,max_isect_bytes_other_mode,2840
profile,13,0.0001,2,p99_isect_bytes,16140
profile,13,0.0001,2,p999_isect_bytes,19822
profile,13,0.0001,2,hbld_edges_written,3.6425
profile,13,0.0001,2,max_hbld_edges_written,53
profile,13,0.0001,2,p99_hbld_edges_written,20
profile,13,0.0001,2,p999_hbld_edges_written,29
profile,13,0.0001,2,h_max_degree,9
profile,13,0.0001,2,mwpm_init_elements,10.8485
profile,13,0.0001,2,mwpm_init_node_elements,4.9845
profile,13,0.0001,2,mwpm_init_edge_elements,5.864
profile,13,0.0001,2,max_mwpm_init_elements,114
profile,13,0.0001,2,p99_mwpm_init_elements,44
profile,13,0.0001,2,p999_mwpm_init_elements,68
profile,13,0.0003,1.5,mean_total_ns,5431.12
profile,13,0.0003,1.5,mean_g_reference_ns,2923.53
profile,13,0.0003,1.5,speedup_vs_m1,0.538293
profile,13,0.0003,1.5,mean_stock_ns,2284.37
profile,13,0.0003,1.5,p50_total_ns,4919
profile,13,0.0003,1.5,p99_total_ns,14808
profile,13,0.0003,1.5,p999_total_ns,29295
profile,13,0.0003,1.5,mean_h_nodes,10.023
profile,13,0.0003,1.5,mean_h_edges,6.9105
profile,13,0.0003,1.5,mean_degree,1.37893
profile,13,0.0003,1.5,max_degree,8
profile,13,0.0003,1.5,frac_intersect,0.534707
profile,13,0.0003,1.5,frac_h_build,0.0164172
profile,13,0.0003,1.5,frac_mwpm_build,0.0985033
profile,13,0.0003,1.5,frac_blossom_on_h,0.242208
profile,13,0.0003,1.5,frac_harvest,0.0556616
profile,13,0.0003,1.5,residual_density,0
profile,13,0.0003,1.5,q,0
profile,13,0.0003,1.5,residual_tie_rate,0
profile,13,0.0003,1.5,pairing_tie_rate,0.0005
profile,13,0.0003,1.5,mean_restarts,0
profile,13,0.0003,1.5,isect_mode_bitset,0
profile,13,0.0003,1.5,isect_bytes,6378.39
profile,13,0.0003,1.5,isect_scan_bytes,6189.74
profile,13,0.0003,1.5,isect_hit_bytes,188.651
profile,13,0.0003,1.5,isect_bytes_other_mode,1636.48
profile,13,0.0003,1.5,isect_bytes_per_defect,636.375
profile,13,0.0003,1.5,isect_scan_bytes_per_defect,617.554
profile,13,0.0003,1.5,isect_hit_bytes_per_defect,18.8218
profile,13,0.0003,1.5,isect_bytes_other_mode_per_defect,163.273
profile,13,0.0003,1.5,max_isect_bytes,24803
profile,13,0.0003,1.5,max_isect_scan_bytes,23824
profile,13,0.0003,1.5,max_isect_hit_bytes,979
profile,13,0.0003,1.5,max_isect_bytes_other_mode,6048
profile,13,0.0003,1.5,p99_isect_bytes,15867
profile,13,0.0003,1.5,p999_isect_bytes,22448
profile,13,0.0003,1.5,hbld_edges_written,9.043
profile,13,0.0003,1.5,max_hbld_edges_written,52
profile,13,0.0003,1.5,p99_hbld_edges_written,30
profile,13,0.0003,1.5,p999_hbld_edges_written,45
profile,13,0.0003,1.5,h_max_degree,8
profile,13,0.0003,1.5,mwpm_init_elements,28.949
profile,13,0.0003,1.5,mwpm_init_node_elements,12.9955
profile,13,0.0003,1.5,mwpm_init_edge_elements,15.9535
profile,13,0.0003,1.5,max_mwpm_init_elements,135
profile,13,0.0003,1.5,p99_mwpm_init_elements,78
profile,13,0.0003,1.5,p999_mwpm_init_elements,115
profile,13,0.0003,2,mean_total_ns,8641.77
profile,13,0.0003,2,mean_g_reference_ns,3223.51
profile,13,0.0003,2,speedup_vs_m1,0.373015
profile,13,0.0003,2,mean_stock_ns,2284.37
profile,13,0.0003,2,p50_total_ns,7845
profile,13,0.0003,2,p99_total_ns,23806
profile,13,0.0003,2,p999_total_ns,39465
profile,13,0.0003,2,mean_h_nodes,10.023
profile,13,0.0003,2,mean_h_edges,9.182
profile,13,0.0003,2,mean_degree,1.83219
profile,13,0.0003,2,max_degree,12
profile,13,0.0003,2,frac_intersect,0.666266
profile,13,0.0003,2,frac_h_build,0.0144992
profile,13,0.0003,2,frac_mwpm_build,0.0774259
profile,13,0.0003,2,frac_blossom_on_h,0.171574
profile,13,0.0003,2,frac_harvest,0.0365276
profile,13,0.0003,2,residual_density,0
profile,13,0.0003,2,q,0
profile,13,0.0003,2,residual_tie_rate,0
profile,13,0.0003,2,pairing_tie_rate,0.0005
profile,13,0.0003,2,mean_restarts,0
profile,13,0.0003,2,isect_mode_bitset,0
profile,13,0.0003,2,isect_bytes,12748.3
profile,13,0.0003,2,isect_scan_bytes,12487.8
profile,13,0.0003,2,isect_hit_bytes,260.433
profile,13,0.0003,2,isect_bytes_other_mode,1636.48
profile,13,0.0003,2,isect_bytes_per_defect,1271.9
profile,13,0.0003,2,isect_scan_bytes_per_defect,1245.92
profile,13,0.0003,2,isect_hit_bytes_per_defect,25.9835
profile,13,0.0003,2,isect_bytes_other_mode_per_defect,163.273
profile,13,0.0003,2,max_isect_bytes,49267
profile,13,0.0003,2,max_isect_scan_bytes,47840
profile,13,0.0003,2,max_isect_hit_bytes,1464
profile,13,0.0003,2,max_isect_bytes_other_mode,6048
profile,13,0.0003,2,p99_isect_bytes,32159
profile,13,0.0003,2,p999_isect_bytes,44640
profile,13,0.0003,2,hbld_edges_written,13.3525
profile,13,0.0003,2,max_hbld_edges_written,82
profile,13,0.0003,2,p99_hbld_edges_written,46
profile,13,0.0003,2,p999_hbld_edges_written,73
profile,13,0.0003,2,h_max_degree,12
profile,13,0.0003,2,mwpm_init_elements,35.53
profile,13,0.0003,2,mwpm_init_node_elements,12.9955
profile,13,0.0003,2,mwpm_init_edge_elements,22.5345
profile,13,0.0003,2,max_mwpm_init_elements,188
profile,13,0.0003,2,p99_mwpm_init_elements,106
profile,13,0.0003,2,p999_mwpm_init_elements,165
profile,13,0.0005,1.5,mean_total_ns,8933.68
profile,13,0.0005,1.5,mean_g_reference_ns,4869.12
profile,13,0.0005,1.5,speedup_vs_m1,0.545029
profile,13,0.0005,1.5,mean_stock_ns,3749.16
profile,13,0.0005,1.5,p50_total_ns,8286
profile,13,0.0005,1.5,p99_total_ns,20069
profile,13,0.0005,1.5,p999_total_ns,34286
profile,13,0.0005,1.5,mean_h_nodes,16.4225
profile,13,0.0005,1.5,mean_h_edges,13.1325
profile,13,0.0005,1.5,mean_degree,1.59933
profile,13,0.0005,1.5,max_degree,8
profile,13,0.0005,1.5,frac_intersect,0.536957
profile,13,0.0005,1.5,frac_h_build,0.0177315
profile,13,0.0005,1.5,frac_mwpm_build,0.0958192
profile,13,0.0005,1.5,frac_blossom_on_h,0.25826
profile,13,0.0005,1.5,frac_harvest,0.0532585
profile,13,0.0005,1.5,residual_density,6.08921e-05
profile,13,0.0005,1.5,q,0.001
profile,13,0.0005,1.5,residual_tie_rate,0
profile,13,0.0005,1.5,pairing_tie_rate,0.0005
profile,13,0.0005,1.5,mean_restarts,0
profile,13,0.0005,1.5,isect_mode_bitset,0
profile,13,0.0005,1.5,isect_bytes,10540.8
profile,13,0.0005,1.5,isect_scan_bytes,10200.7
profile,13,0.0005,1.5,isect_hit_bytes,340.062
profile,13,0.0005,1.5,isect_bytes_other_mode,2827.47
profile,13,0.0005,1.5,isect_bytes_per_defect,641.849
profile,13,0.0005,1.5,isect_scan_bytes_per_defect,621.142
profile,13,0.0005,1.5,isect_hit_bytes_per_defect,20.7071
profile,13,0.0005,1.5,isect_bytes_other_mode_per_defect,172.171
profile,13,0.0005,1.5,max_isect_bytes,26931
profile,13,0.0005,1.5,max_isect_scan_bytes,26008
profile,13,0.0005,1.5,max_isect_hit_bytes,1348
profile,13,0.0005,1.5,max_isect_bytes_other_mode,7512
profile,13,0.0005,1.5,p99_isect_bytes,22513
profile,13,0.0005,1.5,p999_isect_bytes,26056
profile,13,0.0005,1.5,hbld_edges_written,16.724
profile,13,0.0005,1.5,max_hbld_edges_written,70
profile,13,0.0005,1.5,p99_hbld_edges_written,46
profile,13,0.0005,1.5,p999_hbld_edges_written,60
profile,13,0.0005,1.5,h_max_degree,8
profile,13,0.0005,1.5,mwpm_init_elements,50.0905
profile,13,0.0005,1.5,mwpm_init_node_elements,20.234
profile,13,0.0005,1.5,mwpm_init_edge_elements,29.8565
profile,13,0.0005,1.5,max_mwpm_init_elements,168
profile,13,0.0005,1.5,p99_mwpm_init_elements,118
profile,13,0.0005,1.5,p999_mwpm_init_elements,144
profile,13,0.0005,2,mean_total_ns,14764.9
profile,13,0.0005,2,mean_g_reference_ns,5515.02
profile,13,0.0005,2,speedup_vs_m1,0.373522
profile,13,0.0005,2,mean_stock_ns,3749.16
profile,13,0.0005,2,p50_total_ns,13756
profile,13,0.0005,2,p99_total_ns,33774
profile,13,0.0005,2,p999_total_ns,49234
profile,13,0.0005,2,mean_h_nodes,16.4225
profile,13,0.0005,2,mean_h_edges,18.83
profile,13,0.0005,2,mean_degree,2.2932
profile,13,0.0005,2,max_degree,12
profile,13,0.0005,2,frac_intersect,0.670471
profile,13,0.0005,2,frac_h_build,0.0178457
profile,13,0.0005,2,frac_mwpm_build,0.0783718
profile,13,0.0005,2,frac_blossom_on_h,0.175706
profile,13,0.0005,2,frac_harvest,0.034173
profile,13,0.0005,2,residual_density,0
profile,13,0.0005,2,q,0
profile,13,0.0005,2,residual_tie_rate,0
profile,13,0.0005,2,pairing_tie_rate,0.0005
profile,13,0.0005,2,mean_restarts,0
profile,13,0.0005,2,isect_mode_bitset,0
profile,13,0.0005,2,isect_bytes,21085
profile,13,0.0005,2,isect_scan_bytes,20593.9
profile,13,0.0005,2,isect_hit_bytes,491.125
profile,13,0.0005,2,isect_bytes_other_mode,2827.47
profile,13,0.0005,2,isect_bytes_per_defect,1283.91
profile,13,0.0005,2,isect_scan_bytes_per_defect,1254
profile,13,0.0005,2,isect_hit_bytes_per_defect,29.9056
profile,13,0.0005,2,isect_bytes_other_mode_per_defect,172.171
profile,13,0.0005,2,max_isect_bytes,54351
profile,13,0.0005,2,max_isect_scan_bytes,52856
profile,13,0.0005,2,max_isect_hit_bytes,1928
profile,13,0.0005,2,max_isect_bytes_other_mode,7512
profile,13,0.0005,2,p99_isect_bytes,45528
profile,13,0.0005,2,p999_isect_bytes,52572
profile,13,0.0005,2,hbld_edges_written,25.832
profile,13,0.0005,2,max_hbld_edges_written,105
profile,13,0.0005,2,p99_hbld_edges_written,76
profile,13,0.0005,2,p999_hbld_edges_written,98
profile,13,0.0005,2,h_max_degree,12
profile,13,0.0005,2,mwpm_init_elements,64.896
profile,13,0.0005,2,mwpm_init_node_elements,20.234
profile,13,0.0005,2,mwpm_init_edge_elements,44.662
profile,13,0.0005,2,max_mwpm_init_elements,229
profile,13,0.0005,2,p99_mwpm_init_elements,171
profile,13,0.0005,2,p999_mwpm_init_elements,212
profile,13,0.001,1.5,mean_total_ns,20014.3
profile,13,0.001,1.5,mean_g_reference_ns,10918.5
profile,13,0.001,1.5,speedup_vs_m1,0.545535
profile,13,0.001,1.5,mean_stock_ns,8046.38
profile,13,0.001,1.5,p50_total_ns,19246
profile,13,0.001,1.5,p99_total_ns,40096
profile,13,0.001,1.5,p999_total_ns,77277
profile,13,0.001,1.5,mean_h_nodes,33.304
profile,13,0.001,1.5,mean_h_edges,36.726
profile,13,0.001,1.5,mean_degree,2.2055
profile,13,0.001,1.5,max_degree,13
profile,13,0.001,1.5,frac_intersect,0.527753
profile,13,0.001,1.5,frac_h_build,0.0253063
profile,13,0.001,1.5,frac_mwpm_build,0.105045
profile,13,0.001,1.5,frac_blossom_on_h,0.264428
profile,13,0.001,1.5,frac_harvest,0.0509227
profile,13,0.001,1.5,residual_density,0.000225198
profile,13,0.001,1.5,q,0.0075
profile,13,0.001,1.5,residual_tie_rate,0
profile,13,0.001,1.5,pairing_tie_rate,0
profile,13,0.001,1.5,mean_restarts,0
profile,13,0.001,1.5,isect_mode_bitset,0
profile,13,0.001,1.5,isect_bytes,21592.1
profile,13,0.001,1.5,isect_scan_bytes,20740
profile,13,0.001,1.5,isect_hit_bytes,852.102
profile,13,0.001,1.5,isect_bytes_other_mode,5756.8
profile,13,0.001,1.5,isect_bytes_per_defect,648.334
profile,13,0.001,1.5,isect_scan_bytes_per_defect,622.748
profile,13,0.001,1.5,isect_hit_bytes_per_defect,25.5856
profile,13,0.001,1.5,isect_bytes_other_mode_per_defect,172.856
profile,13,0.001,1.5,max_isect_bytes,50129
profile,13,0.001,1.5,max_isect_scan_bytes,47360
profile,13,0.001,1.5,max_isect_hit_bytes,2769
profile,13,0.001,1.5,max_isect_bytes_other_mode,12648
profile,13,0.001,1.5,p99_isect_bytes,37906
profile,13,0.001,1.5,p999_isect_bytes,42564
profile,13,0.001,1.5,hbld_edges_written,44.036
profile,13,0.001,1.5,max_hbld_edges_written,152
profile,13,0.001,1.5,p99_hbld_edges_written,102
profile,13,0.001,1.5,p999_hbld_edges_written,129
profile,13,0.001,1.5,h_max_degree,13
profile,13,0.001,1.5,mwpm_init_elements,119.371
profile,13,0.001,1.5,mwpm_init_node_elements,38.609
profile,13,0.001,1.5,mwpm_init_edge_elements,80.762
profile,13,0.001,1.5,max_mwpm_init_elements,364
profile,13,0.001,1.5,p99_mwpm_init_elements,254
profile,13,0.001,1.5,p999_mwpm_init_elements,303
profile,13,0.001,2,mean_total_ns,32819.2
profile,13,0.001,2,mean_g_reference_ns,12128.7
profile,13,0.001,2,speedup_vs_m1,0.369563
profile,13,0.001,2,mean_stock_ns,8046.38
profile,13,0.001,2,p50_total_ns,31480
profile,13,0.001,2,p99_total_ns,67689
profile,13,0.001,2,p999_total_ns,116512
profile,13,0.001,2,mean_h_nodes,33.304
profile,13,0.001,2,mean_h_edges,59.234
profile,13,0.001,2,mean_degree,3.55717
profile,13,0.001,2,max_degree,18
profile,13,0.001,2,frac_intersect,0.647878
profile,13,0.001,2,frac_h_build,0.0310022
profile,13,0.001,2,frac_mwpm_build,0.0904599
profile,13,0.001,2,frac_blossom_on_h,0.182791
profile,13,0.001,2,frac_harvest,0.0308977
profile,13,0.001,2,residual_density,1.50132e-05
profile,13,0.001,2,q,0.0005
profile,13,0.001,2,residual_tie_rate,0
profile,13,0.001,2,pairing_tie_rate,0
profile,13,0.001,2,mean_restarts,0
profile,13,0.001,2,isect_mode_bitset,0
profile,13,0.001,2,isect_bytes,43756
profile,13,0.001,2,isect_scan_bytes,42423.4
profile,13,0.001,2,isect_hit_bytes,1332.58
profile,13,0.001,2,isect_bytes_other_mode,5756.8
profile,13,0.001,2,isect_bytes_per_defect,1313.84
profile,13,0.001,2,isect_scan_bytes_per_defect,1273.82
profile,13,0.001,2,isect_hit_bytes_per_defect,40.0127
profile,13,0.001,2,isect_bytes_other_mode_per_defect,172.856
profile,13,0.001,2,max_isect_bytes,101605
profile,13,0.001,2,max_isect_scan_bytes,96632
profile,13,0.001,2,max_isect_hit_bytes,4973
profile,13,0.001,2,max_isect_bytes_other_mode,12648
profile,13,0.001,2,p99_isect_bytes,76866
profile,13,0.001,2,p999_isect_bytes,85996
profile,13,0.001,2,hbld_edges_written,73.3115
profile,13,0.001,2,max_hbld_edges_written,288
profile,13,0.001,2,p99_hbld_edges_written,183
profile,13,0.001,2,p999_hbld_edges_written,216
profile,13,0.001,2,h_max_degree,18
profile,13,0.001,2,mwpm_init_elements,171.155
profile,13,0.001,2,mwpm_init_node_elements,38.609
profile,13,0.001,2,mwpm_init_edge_elements,132.546
profile,13,0.001,2,max_mwpm_init_elements,616
profile,13,0.001,2,p99_mwpm_init_elements,399
profile,13,0.001,2,p999_mwpm_init_elements,467
profile,15,0.0001,1.5,mean_total_ns,3042.5
profile,15,0.0001,1.5,mean_g_reference_ns,1698.7
profile,15,0.0001,1.5,speedup_vs_m1,0.558326
profile,15,0.0001,1.5,mean_stock_ns,1286.83
profile,15,0.0001,1.5,p50_total_ns,2705
profile,15,0.0001,1.5,p99_total_ns,9869
profile,15,0.0001,1.5,p999_total_ns,19397
profile,15,0.0001,1.5,mean_h_nodes,5.2575
profile,15,0.0001,1.5,mean_h_edges,3.013
profile,15,0.0001,1.5,mean_degree,1.14617
profile,15,0.0001,1.5,max_degree,7
profile,15,0.0001,1.5,frac_intersect,0.527603
profile,15,0.0001,1.5,frac_h_build,0.0167082
profile,15,0.0001,1.5,frac_mwpm_build,0.101002
profile,15,0.0001,1.5,frac_blossom_on_h,0.210011
profile,15,0.0001,1.5,frac_harvest,0.062714
profile,15,0.0001,1.5,residual_density,0
profile,15,0.0001,1.5,q,0
profile,15,0.0001,1.5,residual_tie_rate,0
profile,15,0.0001,1.5,pairing_tie_rate,0
profile,15,0.0001,1.5,mean_restarts,0
profile,15,0.0001,1.5,isect_mode_bitset,0
profile,15,0.0001,1.5,isect_bytes,3406.02
profile,15,0.0001,1.5,isect_scan_bytes,3320.51
profile,15,0.0001,1.5,isect_hit_bytes,85.5035
profile,15,0.0001,1.5,isect_bytes_other_mode,1164.45
profile,15,0.0001,1.5,isect_bytes_per_defect,647.839
profile,15,0.0001,1.5,isect_scan_bytes_per_defect,631.576
profile,15,0.0001,1.5,isect_hit_bytes_per_defect,16.2631
profile,15,0.0001,1.5,isect_bytes_other_mode_per_defect,221.483
profile,15,0.0001,1.5,max_isect_bytes,15047
profile,15,0.0001,1.5,max_isect_scan_bytes,14696
profile,15,0.0001,1.5,max_isect_hit_bytes,480
profile,15,0.0001,1.5,max_isect_bytes_other_mode,5608
profile,15,0.0001,1.5,p99_isect_bytes,10686
profile,15,0.0001,1.5,p999_isect_bytes,12994
profile,15,0.0001,1.5,hbld_edges_written,4.0655
profile,15,0.0001,1.5,max_hbld_edges_written,25
profile,15,0.0001,1.5,p99_hbld_edges_written,16
profile,15,0.0001,1.5,p999_hbld_edges_written,23
profile,15,0.0001,1.5,h_max_degree,7
profile,15,0.0001,1.5,mwpm_init_elements,14.4135
profile,15,0.0001,1.5,mwpm_init_node_elements,7.335
profile,15,0.0001,1.5,mwpm_init_edge_elements,7.0785
profile,15,0.0001,1.5,max_mwpm_init_elements,60
profile,15,0.0001,1.5,p99_mwpm_init_elements,43
profile,15,0.0001,1.5,p999_mwpm_init_elements,56
profile,15,0.0001,2,mean_total_ns,4626.05
profile,15,0.0001,2,mean_g_reference_ns,1827.78
profile,15,0.0001,2,speedup_vs_m1,0.395106
profile,15,0.0001,2,mean_stock_ns,1286.83
profile,15,0.0001,2,p50_total_ns,3988
profile,15,0.0001,2,p99_total_ns,15319
profile,15,0.0001,2,p999_total_ns,39074
profile,15,0.0001,2,mean_h_nodes,5.2575
profile,15,0.0001,2,mean_h_edges,3.511
profile,15,0.0001,2,mean_degree,1.33562
profile,15,0.0001,2,max_degree,8
profile,15,0.0001,2,frac_intersect,0.660079
profile,15,0.0001,2,frac_h_build,0.0123994
profile,15,0.0001,2,frac_mwpm_build,0.0763482
profile,15,0.0001,2,frac_blossom_on_h,0.155544
profile,15,0.0001,2,frac_harvest,0.0418021
profile,15,0.0001,2,residual_density,0
profile,15,0.0001,2,q,0
profile,15,0.0001,2,residual_tie_rate,0
profile,15,0.0001,2,pairing_tie_rate,0
profile,15,0.0001,2,mean_restarts,0
profile,15,0.0001,2,isect_mode_bitset,0
profile,15,0.0001,2,isect_bytes,6838.63
profile,15,0.0001,2,isect_scan_bytes,6729.55
profile,15,0.0001,2,isect_hit_bytes,109.076
profile,15,0.0001,2,isect_bytes_other_mode,1164.45
profile,15,0.0001,2,isect_bytes_per_defect,1300.74
profile,15,0.0001,2,isect_scan_bytes_per_defect,1279.99
profile,15,0.0001,2,isect_hit_bytes_per_defect,20.7466
profile,15,0.0001,2,isect_bytes_other_mode_per_defect,221.483
profile,15,0.0001,2,max_isect_bytes,30551
profile,15,0.0001,2,max_isect_scan_bytes,30056
profile,15,0.0001,2,max_isect_hit_bytes,644
profile,15,0.0001,2,max_isect_bytes_other_mode,5608
profile,15,0.0001,2,p99_isect_bytes,21316
profile,15,0.0001,2,p999_isect_bytes,26618
profile,15,0.0001,2,hbld_edges_written,5.47
profile,15,0.0001,2,max_hbld_edges_written,35
profile,15,0.0001,2,p99_hbld_edges_written,22
profile,15,0.0001,2,p999_hbld_edges_written,30
profile,15,0.0001,2,h_max_degree,8
profile,15,0.0001,2,mwpm_init_elements,16.316
profile,15,0.0001,2,mwpm_init_node_elements,7.335
profile,15,0.0001,2,mwpm_init_edge_elements,8.981
profile,15,0.0001,2,max_mwpm_init_elements,75
profile,15,0.0001,2,p99_mwpm_init_elements,53
profile,15,0.0001,2,p999_mwpm_init_elements,69
profile,15,0.0003,1.5,mean_total_ns,8528.96
profile,15,0.0003,1.5,mean_g_reference_ns,5015.36
profile,15,0.0003,1.5,speedup_vs_m1,0.588039
profile,15,0.0003,1.5,mean_stock_ns,3766
profile,15,0.0003,1.5,p50_total_ns,7725
profile,15,0.0003,1.5,p99_total_ns,20850
profile,15,0.0003,1.5,p999_total_ns,52931
profile,15,0.0003,1.5,mean_h_nodes,15.625
profile,15,0.0003,1.5,mean_h_edges,10.661
profile,15,0.0003,1.5,mean_degree,1.36461
profile,15,0.0003,1.5,max_degree,9
profile,15,0.0003,1.5,frac_intersect,0.550788
profile,15,0.0003,1.5,frac_h_build,0.014265
profile,15,0.0003,1.5,frac_mwpm_build,0.0916875
profile,15,0.0003,1.5,frac_blossom_on_h,0.249652
profile,15,0.0003,1.5,frac_harvest,0.0533557
profile,15,0.0003,1.5,residual_density,9.6e-05
profile,15,0.0003,1.5,q,0.0015
profile,15,0.0003,1.5,residual_tie_rate,0
profile,15,0.0003,1.5,pairing_tie_rate,0
profile,15,0.0003,1.5,mean_restarts,0
profile,15,0.0003,1.5,isect_mode_bitset,0
profile,15,0.0003,1.5,isect_bytes,10193.2
profile,15,0.0003,1.5,isect_scan_bytes,9912.22
profile,15,0.0003,1.5,isect_hit_bytes,281.003
profile,15,0.0003,1.5,isect_bytes_other_mode,3469.61
profile,15,0.0003,1.5,isect_bytes_per_defect,652.366
profile,15,0.0003,1.5,isect_scan_bytes_per_defect,634.382
profile,15,0.0003,1.5,isect_hit_bytes_per_defect,17.9842
profile,15,0.0003,1.5,isect_bytes_other_mode_per_defect,222.055
profile,15,0.0003,1.5,max_isect_bytes,27814
profile,15,0.0003,1.5,max_isect_scan_bytes,26984
profile,15,0.0003,1.5,max_isect_hit_bytes,1100
profile,15,0.0003,1.5,max_isect_bytes_other_mode,9440
profile,15,0.0003,1.5,p99_isect_bytes,22009
profile,15,0.0003,1.5,p999_isect_bytes,26485
profile,15,0.0003,1.5,hbld_edges_written,13.6265
profile,15,0.0003,1.5,max_hbld_edges_written,59
profile,15,0.0003,1.5,p99_hbld_edges_written,39
profile,15,0.0003,1.5,p999_hbld_edges_written,49
profile,15,0.0003,1.5,h_max_degree,9
profile,15,0.0003,1.5,mwpm_init_elements,43.641
profile,15,0.0003,1.5,mwpm_init_node_elements,19.3535
profile,15,0.0003,1.5,mwpm_init_edge_elements,24.2875
profile,15,0.0003,1.5,max_mwpm_init_elements,144
profile,15,0.0003,1.5,p99_mwpm_init_elements,104
profile,15,0.0003,1.5,p999_mwpm_init_elements,129
profile,15,0.0003,2,mean_total_ns,13618.2
profile,15,0.0003,2,mean_g_reference_ns,5539.92
profile,15,0.0003,2,speedup_vs_m1,0.406801
profile,15,0.0003,2,mean_stock_ns,3766
profile,15,0.0003,2,p50_total_ns,12533
profile,15,0.0003,2,p99_total_ns,32412
profile,15,0.0003,2,p999_total_ns,55636
profile,15,0.0003,2,mean_h_nodes,15.625
profile,15,0.0003,2,mean_h_edges,14.207
profile,15,0.0003,2,mean_degree,1.8185
profile,15,0.0003,2,max_degree,11
profile,15,0.0003,2,frac_intersect,0.680429
profile,15,0.0003,2,frac_h_build,0.0135436
profile,15,0.0003,2,frac_mwpm_build,0.0733088
profile,15,0.0003,2,frac_blossom_on_h,0.171493
profile,15,0.0003,2,frac_harvest,0.0354767
profile,15,0.0003,2,residual_density,0
profile,15,0.0003,2,q,0
profile,15,0.0003,2,residual_tie_rate,0
profile,15,0.0003,2,pairing_tie_rate,0
profile,15,0.0003,2,mean_restarts,0
profile,15,0.0003,2,isect_mode_bitset,0
profile,15,0.0003,2,isect_bytes,20580
profile,15,0.0003,2,isect_scan_bytes,20194.1
profile,15,0.0003,2,isect_hit_bytes,385.891
profile,15,0.0003,2,isect_bytes_other_mode,3469.61
profile,15,0.0003,2,isect_bytes_per_defect,1317.12
profile,15,0.0003,2,isect_scan_bytes_per_defect,1292.42
profile,15,0.0003,2,isect_hit_bytes_per_defect,24.697
profile,15,0.0003,2,isect_bytes_other_mode_per_defect,222.055
profile,15,0.0003,2,max_isect_bytes,56664
profile,15,0.0003,2,max_isect_scan_bytes,55368
profile,15,0.0003,2,max_isect_hit_bytes,1630
profile,15,0.0003,2,max_isect_bytes_other_mode,9440
profile,15,0.0003,2,p99_isect_bytes,44474
profile,15,0.0003,2,p999_isect_bytes,53849
profile,15,0.0003,2,hbld_edges_written,19.9465
profile,15,0.0003,2,max_hbld_edges_written,93
profile,15,0.0003,2,p99_hbld_edges_written,62
profile,15,0.0003,2,p999_hbld_edges_written,79
profile,15,0.0003,2,h_max_degree,11
profile,15,0.0003,2,mwpm_init_elements,53.507
profile,15,0.0003,2,mwpm_init_node_elements,19.3535
profile,15,0.0003,2,mwpm_init_edge_elements,34.1535
profile,15,0.0003,2,max_mwpm_init_elements,217
profile,15,0.0003,2,p99_mwpm_init_elements,140
profile,15,0.0003,2,p999_mwpm_init_elements,181
profile,15,0.0005,1.5,mean_total_ns,14983.6
profile,15,0.0005,1.5,mean_g_reference_ns,8788.85
profile,15,0.0005,1.5,speedup_vs_m1,0.586564
profile,15,0.0005,1.5,mean_stock_ns,6194.98
profile,15,0.0005,1.5,p50_total_ns,14258
profile,15,0.0005,1.5,p99_total_ns,31700
profile,15,0.0005,1.5,p999_total_ns,62679
profile,15,0.0005,1.5,mean_h_nodes,26.144
profile,15,0.0005,1.5,mean_h_edges,21.215
profile,15,0.0005,1.5,mean_degree,1.62293
profile,15,0.0005,1.5,max_degree,10
profile,15,0.0005,1.5,frac_intersect,0.552475
profile,15,0.0005,1.5,frac_h_build,0.0178381
profile,15,0.0005,1.5,frac_mwpm_build,0.0931615
profile,15,0.0005,1.5,frac_blossom_on_h,0.253422
profile,15,0.0005,1.5,frac_harvest,0.0527424
profile,15,0.0005,1.5,residual_density,0.000133874
profile,15,0.0005,1.5,q,0.0035
profile,15,0.0005,1.5,residual_tie_rate,0
profile,15,0.0005,1.5,pairing_tie_rate,0
profile,15,0.0005,1.5,mean_restarts,0
profile,15,0.0005,1.5,isect_mode_bitset,0
profile,15,0.0005,1.5,isect_bytes,17295.8
profile,15,0.0005,1.5,isect_scan_bytes,16770.6
profile,15,0.0005,1.5,isect_hit_bytes,525.274
profile,15,0.0005,1.5,isect_bytes_other_mode,6153.63
profile,15,0.0005,1.5,isect_bytes_per_defect,661.561
profile,15,0.0005,1.5,isect_scan_bytes_per_defect,641.469
profile,15,0.0005,1.5,isect_hit_bytes_per_defect,20.0916
profile,15,0.0005,1.5,isect_bytes_other_mode_per_defect,235.374
profile,15,0.0005,1.5,max_isect_bytes,36615
profile,15,0.0005,1.5,max_isect_scan_bytes,35280
profile,15,0.0005,1.5,max_isect_hit_bytes,1466
profile,15,0.0005,1.5,max_isect_bytes_other_mode,12776
profile,15,0.0005,1.5,p99_isect_bytes,31960
profile,15,0.0005,1.5,p999_isect_bytes,35500
profile,15,0.0005,1.5,hbld_edges_written,26.225
profile,15,0.0005,1.5,max_hbld_edges_written,80
profile,15,0.0005,1.5,p99_hbld_edges_written,61
profile,15,0.0005,1.5,p999_hbld_edges_written,73
profile,15,0.0005,1.5,h_max_degree,10
profile,15,0.0005,1.5,mwpm_init_elements,78.302
profile,15,0.0005,1.5,mwpm_init_node_elements,30.862
profile,15,0.0005,1.5,mwpm_init_edge_elements,47.44
profile,15,0.0005,1.5,max_mwpm_init_elements,197
profile,15,0.0005,1.5,p99_mwpm_init_elements,158
profile,15,0.0005,1.5,p999_mwpm_init_elements,187
profile,15,0.0005,2,mean_total_ns,24309.7
profile,15,0.0005,2,mean_g_reference_ns,9756.87
profile,15,0.0005,2,speedup_vs_m1,0.401356
profile,15,0.0005,2,mean_stock_ns,6194.98
profile,15,0.0005,2,p50_total_ns,23335
profile,15,0.0005,2,p99_total_ns,50636
profile,15,0.0005,2,p999_total_ns,80934
profile,15,0.0005,2,mean_h_nodes,26.144
profile,15,0.0005,2,mean_h_edges,30.604
profile,15,0.0005,2,mean_degree,2.34119
profile,15,0.0005,2,max_degree,12
profile,15,0.0005,2,frac_intersect,0.66985
profile,15,0.0005,2,frac_h_build,0.0183443
profile,15,0.0005,2,frac_mwpm_build,0.0792686
profile,15,0.0005,2,frac_blossom_on_h,0.178396
profile,15,0.0005,2,frac_harvest,0.0346079
profile,15,0.0005,2,residual_density,0
profile,15,0.0005,2,q,0
profile,15,0.0005,2,residual_tie_rate,0
profile,15,0.0005,2,pairing_tie_rate,0
profile,15,0.0005,2,mean_restarts,0
profile,15,0.0005,2,isect_mode_bitset,0
profile,15,0.0005,2,isect_bytes,34985.2
profile,15,0.0005,2,isect_scan_bytes,34228.7
profile,15,0.0005,2,isect_hit_bytes,756.51
profile,15,0.0005,2,isect_bytes_other_mode,6153.63
profile,15,0.0005,2,isect_bytes_per_defect,1338.17
profile,15,0.0005,2,isect_scan_bytes_per_defect,1309.24
profile,15,0.0005,2,isect_hit_bytes_per_defect,28.9363
profile,15,0.0005,2,isect_bytes_other_mode_per_defect,235.374
profile,15,0.0005,2,max_isect_bytes,74663
profile,15,0.0005,2,max_isect_scan_bytes,72216
profile,15,0.0005,2,max_isect_hit_bytes,2447
profile,15,0.0005,2,max_isect_bytes_other_mode,12776
profile,15,0.0005,2,p99_isect_bytes,65116
profile,15,0.0005,2,p999_isect_bytes,71392
profile,15,0.0005,2,hbld_edges_written,40.264
profile,15,0.0005,2,max_hbld_edges_written,135
profile,15,0.0005,2,p99_hbld_edges_written,101
profile,15,0.0005,2,p999_hbld_edges_written,124
profile,15,0.0005,2,h_max_degree,12
profile,15,0.0005,2,mwpm_init_elements,101.73
profile,15,0.0005,2,mwpm_init_node_elements,30.862
profile,15,0.0005,2,mwpm_init_edge_elements,70.868
profile,15,0.0005,2,max_mwpm_init_elements,306
profile,15,0.0005,2,p99_mwpm_init_elements,234
profile,15,0.0005,2,p999_mwpm_init_elements,281
profile,15,0.001,1.5,mean_total_ns,31887.4
profile,15,0.001,1.5,mean_g_reference_ns,18562.1
profile,15,0.001,1.5,speedup_vs_m1,0.582115
profile,15,0.001,1.5,mean_stock_ns,13098.8
profile,15,0.001,1.5,p50_total_ns,31070
profile,15,0.001,1.5,p99_total_ns,58461
profile,15,0.001,1.5,p999_total_ns,86765
profile,15,0.001,1.5,mean_h_nodes,51.477
profile,15,0.001,1.5,mean_h_edges,57.0765
profile,15,0.001,1.5,mean_degree,2.21755
profile,15,0.001,1.5,max_degree,13
profile,15,0.001,1.5,frac_intersect,0.539852
profile,15,0.001,1.5,frac_h_build,0.0251636
profile,15,0.001,1.5,frac_mwpm_build,0.103218
profile,15,0.001,1.5,frac_blossom_on_h,0.258523
profile,15,0.001,1.5,frac_harvest,0.0492899
profile,15,0.001,1.5,residual_density,0.000262253
profile,15,0.001,1.5,q,0.0125
profile,15,0.001,1.5,residual_tie_rate,0
profile,15,0.001,1.5,pairing_tie_rate,0.001
profile,15,0.001,1.5,mean_restarts,0
profile,15,0.001,1.5,isect_mode_bitset,0
profile,15,0.001,1.5,isect_bytes,34426.5
profile,15,0.001,1.5,isect_scan_bytes,33147.8
profile,15,0.001,1.5,isect_hit_bytes,1278.63
profile,15,0.001,1.5,isect_bytes_other_mode,12127.6
profile,15,0.001,1.5,isect_bytes_per_defect,668.774
profile,15,0.001,1.5,isect_scan_bytes_per_defect,643.935
profile,15,0.001,1.5,isect_hit_bytes_per_defect,24.839
profile,15,0.001,1.5,isect_bytes_other_mode_per_defect,235.593
profile,15,0.001,1.5,max_isect_bytes,68516
profile,15,0.001,1.5,max_isect_scan_bytes,64400
profile,15,0.001,1.5,max_isect_hit_bytes,4116
profile,15,0.001,1.5,max_isect_bytes_other_mode,22816
profile,15,0.001,1.5,p99_isect_bytes,54694
profile,15,0.001,1.5,p999_isect_bytes,61630
profile,15,0.001,1.5,hbld_edges_written,66.827
profile,15,0.001,1.5,max_hbld_edges_written,235
profile,15,0.001,1.5,p99_hbld_edges_written,133
profile,15,0.001,1.5,p999_hbld_edges_written,162
profile,15,0.001,1.5,h_max_degree,13
profile,15,0.001,1.5,mwpm_init_elements,181.853
profile,15,0.001,1.5,mwpm_init_node_elements,57.9495
profile,15,0.001,1.5,mwpm_init_edge_elements,123.903
profile,15,0.001,1.5,max_mwpm_init_elements,551
profile,15,0.001,1.5,p99_mwpm_init_elements,333
profile,15,0.001,1.5,p999_mwpm_init_elements,389
profile,15,0.001,2,mean_total_ns,51636.4
profile,15,0.001,2,mean_g_reference_ns,19976.6
profile,15,0.001,2,speedup_vs_m1,0.38687
profile,15,0.001,2,mean_stock_ns,13098.8
profile,15,0.001,2,p50_total_ns,50867
profile,15,0.001,2,p99_total_ns,90262
profile,15,0.001,2,p999_total_ns,106503
profile,15,0.001,2,mean_h_nodes,51.477
profile,15,0.001,2,mean_h_edges,93.7305
profile,15,0.001,2,mean_degree,3.64165
profile,15,0.001,2,max_degree,18
profile,15,0.001,2,frac_intersect,0.654434
profile,15,0.001,2,frac_h_build,0.0293217
profile,15,0.001,2,frac_mwpm_build,0.0881461
profile,15,0.001,2,frac_blossom_on_h,0.182336
profile,15,0.001,2,frac_harvest,0.0311993
profile,15,0.001,2,residual_density,0
profile,15,0.001,2,q,0
profile,15,0.001,2,residual_tie_rate,0
profile,15,0.001,2,pairing_tie_rate,0.001
profile,15,0.001,2,mean_restarts,0
profile,15,0.001,2,isect_mode_bitset,0
profile,15,0.001,2,isect_bytes,70553.5
profile,15,0.001,2,isect_scan_bytes,68522.3
profile,15,0.001,2,isect_hit_bytes,2031.15
profile,15,0.001,2,isect_bytes_other_mode,12127.6
profile,15,0.001,2,isect_bytes_per_defect,1370.58
profile,15,0.001,2,isect_scan_bytes_per_defect,1331.12
profile,15,0.001,2,isect_hit_bytes_per_defect,39.4575
profile,15,0.001,2,isect_bytes_other_mode_per_defect,235.593
profile,15,0.001,2,max_isect_bytes,139956
profile,15,0.001,2,max_isect_scan_bytes,132992
profile,15,0.001,2,max_isect_hit_bytes,6964
profile,15,0.001,2,max_isect_bytes_other_mode,22816
profile,15,0.001,2,p99_isect_bytes,112694
profile,15,0.001,2,p999_isect_bytes,125436
profile,15,0.001,2,hbld_edges_written,112.855
profile,15,0.001,2,max_hbld_edges_written,412
profile,15,0.001,2,p99_hbld_edges_written,237
profile,15,0.001,2,p999_hbld_edges_written,297
profile,15,0.001,2,h_max_degree,18
profile,15,0.001,2,mwpm_init_elements,264.535
profile,15,0.001,2,mwpm_init_node_elements,57.9495
profile,15,0.001,2,mwpm_init_edge_elements,206.585
profile,15,0.001,2,max_mwpm_init_elements,893
profile,15,0.001,2,p99_mwpm_init_elements,526
profile,15,0.001,2,p999_mwpm_init_elements,656
profile,17,0.0001,1.5,mean_total_ns,4527.23
profile,17,0.0001,1.5,mean_g_reference_ns,2845.3
profile,17,0.0001,1.5,speedup_vs_m1,0.628486
profile,17,0.0001,1.5,mean_stock_ns,2126.88
profile,17,0.0001,1.5,p50_total_ns,4017
profile,17,0.0001,1.5,p99_total_ns,14688
profile,17,0.0001,1.5,p999_total_ns,31781
profile,17,0.0001,1.5,mean_h_nodes,7.845
profile,17,0.0001,1.5,mean_h_edges,4.465
profile,17,0.0001,1.5,mean_degree,1.1383
profile,17,0.0001,1.5,max_degree,7
profile,17,0.0001,1.5,frac_intersect,0.545158
profile,17,0.0001,1.5,frac_h_build,0.0138521
profile,17,0.0001,1.5,frac_mwpm_build,0.0950746
profile,17,0.0001,1.5,frac_blossom_on_h,0.225708
profile,17,0.0001,1.5,frac_harvest,0.0590903
profile,17,0.0001,1.5,residual_density,0
profile,17,0.0001,1.5,q,0
profile,17,0.0001,1.5,residual_tie_rate,0
profile,17,0.0001,1.5,pairing_tie_rate,0
profile,17,0.0001,1.5,mean_restarts,0
profile,17,0.0001,1.5,isect_mode_bitset,0
profile,17,0.0001,1.5,isect_bytes,5244.12
profile,17,0.0001,1.5,isect_scan_bytes,5124.08
profile,17,0.0001,1.5,isect_hit_bytes,120.039
profile,17,0.0001,1.5,isect_bytes_other_mode,2267.16
profile,17,0.0001,1.5,isect_bytes_per_defect,668.466
profile,17,0.0001,1.5,isect_scan_bytes_per_defect,653.165
profile,17,0.0001,1.5,isect_hit_bytes_per_defect,15.3013
profile,17,0.0001,1.5,isect_bytes_other_mode_per_defect,288.994
profile,17,0.0001,1.5,max_isect_bytes,24301
profile,17,0.0001,1.5,max_isect_scan_bytes,23664
profile,17,0.0001,1.5,max_isect_hit_bytes,637
profile,17,0.0001,1.5,max_isect_bytes_other_mode,9712
profile,17,0.0001,1.5,p99_isect_bytes,14404
profile,17,0.0001,1.5,p999_isect_bytes,19015
profile,17,0.0001,1.5,hbld_edges_written,5.7325
profile,17,0.0001,1.5,max_hbld_edges_written,32
profile,17,0.0001,1.5,p99_hbld_edges_written,20
profile,17,0.0001,1.5,p999_hbld_edges_written,26
profile,17,0.0001,1.5,h_max_degree,7
profile,17,0.0001,1.5,mwpm_init_elements,20.7625
profile,17,0.0001,1.5,mwpm_init_node_elements,10.565
profile,17,0.0001,1.5,mwpm_init_edge_elements,10.1975
profile,17,0.0001,1.5,max_mwpm_init_elements,92
profile,17,0.0001,1.5,p99_mwpm_init_elements,56
profile,17,0.0001,1.5,p999_mwpm_init_elements,71
profile,17,0.0001,2,mean_total_ns,6886.24
profile,17,0.0001,2,mean_g_reference_ns,3087.96
profile,17,0.0001,2,speedup_vs_m1,0.448425
profile,17,0.0001,2,mean_stock_ns,2126.88
profile,17,0.0001,2,p50_total_ns,6072
profile,17,0.0001,2,p99_total_ns,21671
profile,17,0.0001,2,p999_total_ns,47159
profile,17,0.0001,2,mean_h_nodes,7.845
profile,17,0.0001,2,mean_h_edges,5.2005
profile,17,0.0001,2,mean_degree,1.32581
profile,17,0.0001,2,max_degree,8
profile,17,0.0001,2,frac_intersect,0.675923
profile,17,0.0001,2,frac_h_build,0.0106866
profile,17,0.0001,2,frac_mwpm_build,0.0740107
profile,17,0.0001,2,frac_blossom_on_h,0.160108
profile,17,0.0001,2,frac_harvest,0.0387484
profile,17,0.0001,2,residual_density,0
profile,17,0.0001,2,q,0
profile,17,0.0001,2,residual_tie_rate,0
profile,17,0.0001,2,pairing_tie_rate,0
profile,17,0.0001,2,mean_restarts,0
profile,17,0.0001,2,isect_mode_bitset,0
profile,17,0.0001,2,isect_bytes,10612.7
profile,17,0.0001,2,isect_scan_bytes,10458.9
profile,17,0.0001,2,isect_hit_bytes,153.847
profile,17,0.0001,2,isect_bytes_other_mode,2267.16
profile,17,0.0001,2,isect_bytes_per_defect,1352.8
profile,17,0.0001,2,isect_scan_bytes_per_defect,1333.19
profile,17,0.0001,2,isect_hit_bytes_per_defect,19.6108
profile,17,0.0001,2,isect_bytes_other_mode_per_defect,288.994
profile,17,0.0001,2,max_isect_bytes,48929
profile,17,0.0001,2,max_isect_scan_bytes,47960
profile,17,0.0001,2,max_isect_hit_bytes,969
profile,17,0.0001,2,max_isect_bytes_other_mode,9712
profile,17,0.0001,2,p99_isect_bytes,29651
profile,17,0.0001,2,p999_isect_bytes,38767
profile,17,0.0001,2,hbld_edges_written,7.7465
profile,17,0.0001,2,max_hbld_edges_written,52
profile,17,0.0001,2,p99_hbld_edges_written,28
profile,17,0.0001,2,p999_hbld_edges_written,36
profile,17,0.0001,2,h_max_degree,8
profile,17,0.0001,2,mwpm_init_elements,23.512
profile,17,0.0001,2,mwpm_init_node_elements,10.565
profile,17,0.0001,2,mwpm_init_edge_elements,12.947
profile,17,0.0001,2,max_mwpm_init_elements,129
profile,17,0.0001,2,p99_mwpm_init_elements,70
profile,17,0.0001,2,p999_mwpm_init_elements,89
profile,17,0.0003,1.5,mean_total_ns,12861.8
profile,17,0.0003,1.5,mean_g_reference_ns,8345.02
profile,17,0.0003,1.5,speedup_vs_m1,0.648823
profile,17,0.0003,1.5,mean_stock_ns,6047.13
profile,17,0.0003,1.5,p50_total_ns,12323
profile,17,0.0003,1.5,p99_total_ns,27332
profile,17,0.0003,1.5,p999_total_ns,35738
profile,17,0.0003,1.5,mean_h_nodes,23.093
profile,17,0.0003,1.5,mean_h_edges,15.867
profile,17,0.0003,1.5,mean_degree,1.37418
profile,17,0.0003,1.5,max_degree,9
profile,17,0.0003,1.5,frac_intersect,0.562171
profile,17,0.0003,1.5,frac_h_build,0.0143636
profile,17,0.0003,1.5,frac_mwpm_build,0.0906826
profile,17,0.0003,1.5,frac_blossom_on_h,0.247067
profile,17,0.0003,1.5,frac_harvest,0.0530353
profile,17,0.0003,1.5,residual_density,2.16516e-05
profile,17,0.0003,1.5,q,0.0005
profile,17,0.0003,1.5,residual_tie_rate,0
profile,17,0.0003,1.5,pairing_tie_rate,0.0005
profile,17,0.0003,1.5,mean_restarts,0
profile,17,0.0003,1.5,isect_mode_bitset,0
profile,17,0.0003,1.5,isect_bytes,15430.4
profile,17,0.0003,1.5,isect_scan_bytes,15029.6
profile,17,0.0003,1.5,isect_hit_bytes,400.751
profile,17,0.0003,1.5,isect_bytes_other_mode,6646.02
profile,17,0.0003,1.5,isect_bytes_per_defect,668.184
profile,17,0.0003,1.5,isect_scan_bytes_per_defect,650.83
profile,17,0.0003,1.5,isect_hit_bytes_per_defect,17.3538
profile,17,0.0003,1.5,isect_bytes_other_mode_per_defect,287.794
profile,17,0.0003,1.5,max_isect_bytes,40869
profile,17,0.0003,1.5,max_isect_scan_bytes,39336
profile,17,0.0003,1.5,max_isect_hit_bytes,1533
profile,17,0.0003,1.5,max_isect_bytes_other_mode,19120
profile,17,0.0003,1.5,p99_isect_bytes,29488
profile,17,0.0003,1.5,p999_isect_bytes,33848
profile,17,0.0003,1.5,hbld_edges_written,19.6965
profile,17,0.0003,1.5,max_hbld_edges_written,80
profile,17,0.0003,1.5,p99_hbld_edges_written,48
profile,17,0.0003,1.5,p999_hbld_edges_written,61
profile,17,0.0003,1.5,h_max_degree,9
profile,17,0.0003,1.5,mwpm_init_elements,63.2175
profile,17,0.0003,1.5,mwpm_init_node_elements,27.654
profile,17,0.0003,1.5,mwpm_init_edge_elements,35.5635
profile,17,0.0003,1.5,max_mwpm_init_elements,211
profile,17,0.0003,1.5,p99_mwpm_init_elements,131
profile,17,0.0003,1.5,p999_mwpm_init_elements,166
profile,17,0.0003,2,mean_total_ns,20639.4
profile,17,0.0003,2,mean_g_reference_ns,9378.09
profile,17,0.0003,2,speedup_vs_m1,0.454378
profile,17,0.0003,2,mean_stock_ns,6047.13
profile,17,0.0003,2,p50_total_ns,19878
profile,17,0.0003,2,p99_total_ns,43393
profile,17,0.0003,2,p999_total_ns,59002
profile,17,0.0003,2,mean_h_nodes,23.093
profile,17,0.0003,2,mean_h_edges,21.028
profile,17,0.0003,2,mean_degree,1.82116
profile,17,0.0003,2,max_degree,12
profile,17,0.0003,2,frac_intersect,0.676829
profile,17,0.0003,2,frac_h_build,0.0137975
profile,17,0.0003,2,frac_mwpm_build,0.0761928
profile,17,0.0003,2,frac_blossom_on_h,0.175385
profile,17,0.0003,2,frac_harvest,0.0367491
profile,17,0.0003,2,residual_density,0
profile,17,0.0003,2,q,0
profile,17,0.0003,2,residual_tie_rate,0
profile,17,0.0003,2,pairing_tie_rate,0.0005
profile,17,0.0003,2,mean_restarts,0
profile,17,0.0003,2,isect_mode_bitset,0
profile,17,0.0003,2,isect_bytes,31405.6
profile,17,0.0003,2,isect_scan_bytes,30858.3
profile,17,0.0003,2,isect_hit_bytes,547.295
profile,17,0.0003,2,isect_bytes_other_mode,6646.02
profile,17,0.0003,2,isect_bytes_per_defect,1359.96
profile,17,0.0003,2,isect_scan_bytes_per_defect,1336.26
profile,17,0.0003,2,isect_hit_bytes_per_defect,23.6996
profile,17,0.0003,2,isect_bytes_other_mode_per_defect,287.794
profile,17,0.0003,2,max_isect_bytes,82477
profile,17,0.0003,2,max_isect_scan_bytes,80120
profile,17,0.0003,2,max_isect_hit_bytes,2357
profile,17,0.0003,2,max_isect_bytes_other_mode,19120
profile,17,0.0003,2,p99_isect_bytes,60164
profile,17,0.0003,2,p999_isect_bytes,68915
profile,17,0.0003,2,hbld_edges_written,28.563
profile,17,0.0003,2,max_hbld_edges_written,130
profile,17,0.0003,2,p99_hbld_edges_written,76
profile,17,0.0003,2,p999_hbld_edges_written,98
profile,17,0.0003,2,h_max_degree,12
profile,17,0.0003,2,mwpm_init_elements,77.245
profile,17,0.0003,2,mwpm_init_node_elements,27.654
profile,17,0.0003,2,mwpm_init_edge_elements,49.591
profile,17,0.0003,2,max_mwpm_init_elements,299
profile,17,0.0003,2,p99_mwpm_init_elements,177
profile,17,0.0003,2,p999_mwpm_init_elements,226
profile,17,0.0005,1.5,mean_total_ns,23021.9
profile,17,0.0005,1.5,mean_g_reference_ns,14689.5
profile,17,0.0005,1.5,speedup_vs_m1,0.638067
profile,17,0.0005,1.5,mean_stock_ns,10924.4
profile,17,0.0005,1.5,p50_total_ns,22283
profile,17,0.0005,1.5,p99_total_ns,41900
profile,17,0.0005,1.5,p999_total_ns,51508
profile,17,0.0005,1.5,mean_h_nodes,39.1445
profile,17,0.0005,1.5,mean_h_edges,32.6855
profile,17,0.0005,1.5,mean_degree,1.66999
profile,17,0.0005,1.5,max_degree,11
profile,17,0.0005,1.5,frac_intersect,0.561936
profile,17,0.0005,1.5,frac_h_build,0.0178378
profile,17,0.0005,1.5,frac_mwpm_build,0.0949312
profile,17,0.0005,1.5,frac_blossom_on_h,0.248199
profile,17,0.0005,1.5,frac_harvest,0.0506002
profile,17,0.0005,1.5,residual_density,2.55464e-05
profile,17,0.0005,1.5,q,0.001
profile,17,0.0005,1.5,residual_tie_rate,0
profile,17,0.0005,1.5,pairing_tie_rate,0.0005
profile,17,0.0005,1.5,mean_restarts,0
profile,17,0.0005,1.5,isect_mode_bitset,0
profile,17,0.0005,1.5,isect_bytes,26562.2
profile,17,0.0005,1.5,isect_scan_bytes,25790.1
profile,17,0.0005,1.5,isect_hit_bytes,772.067
profile,17,0.0005,1.5,isect_bytes_other_mode,12042.2
profile,17,0.0005,1.5,isect_bytes_per_defect,678.568
profile,17,0.0005,1.5,isect_scan_bytes_per_defect,658.845
profile,17,0.0005,1.5,isect_hit_bytes_per_defect,19.7235
profile,17,0.0005,1.5,isect_bytes_other_mode_per_defect,307.635
profile,17,0.0005,1.5,max_isect_bytes,52258
profile,17,0.0005,1.5,max_isect_scan_bytes,50456
profile,17,0.0005,1.5,max_isect_hit_bytes,1818
profile,17,0.0005,1.5,max_isect_bytes_other_mode,23368
profile,17,0.0005,1.5,p99_isect_bytes,43891
profile,17,0.0005,1.5,p999_isect_bytes,47515
profile,17,0.0005,1.5,hbld_edges_written,39.1445
profile,17,0.0005,1.5,max_hbld_edges_written,102
profile,17,0.0005,1.5,p99_hbld_edges_written,81
profile,17,0.0005,1.5,p999_hbld_edges_written,92
profile,17,0.0005,1.5,h_max_degree,11
profile,17,0.0005,1.5,mwpm_init_elements,116.444
profile,17,0.0005,1.5,mwpm_init_node_elements,44.614
profile,17,0.0005,1.5,mwpm_init_edge_elements,71.83
profile,17,0.0005,1.5,max_mwpm_init_elements,269
profile,17,0.0005,1.5,p99_mwpm_init_elements,214
profile,17,0.0005,1.5,p999_mwpm_init_elements,237
profile,17,0.0005,2,mean_total_ns,37099.5
profile,17,0.0005,2,mean_g_reference_ns,16460.9
profile,17,0.0005,2,speedup_vs_m1,0.443697
profile,17,0.0005,2,mean_stock_ns,10924.4
profile,17,0.0005,2,p50_total_ns,36129
profile,17,0.0005,2,p99_total_ns,64162
profile,17,0.0005,2,p999_total_ns,79651
profile,17,0.0005,2,mean_h_nodes,39.1445
profile,17,0.0005,2,mean_h_edges,47.791
profile,17,0.0005,2,mean_degree,2.44177
profile,17,0.0005,2,max_degree,14
profile,17,0.0005,2,frac_intersect,0.667987
profile,17,0.0005,2,frac_h_build,0.0186706
profile,17,0.0005,2,frac_mwpm_build,0.0798623
profile,17,0.0005,2,frac_blossom_on_h,0.180448
profile,17,0.0005,2,frac_harvest,0.0364172
profile,17,0.0005,2,residual_density,0
profile,17,0.0005,2,q,0
profile,17,0.0005,2,residual_tie_rate,0
profile,17,0.0005,2,pairing_tie_rate,0.0005
profile,17,0.0005,2,mean_restarts,0
profile,17,0.0005,2,isect_mode_bitset,0
profile,17,0.0005,2,isect_bytes,54193.7
profile,17,0.0005,2,isect_scan_bytes,53069.6
profile,17,0.0005,2,isect_hit_bytes,1124.04
profile,17,0.0005,2,isect_bytes_other_mode,12042.2
profile,17,0.0005,2,isect_bytes_per_defect,1384.45
profile,17,0.0005,2,isect_scan_bytes_per_defect,1355.74
profile,17,0.0005,2,isect_hit_bytes_per_defect,28.7152
profile,17,0.0005,2,isect_bytes_other_mode_per_defect,307.635
profile,17,0.0005,2,max_isect_bytes,107354
profile,17,0.0005,2,max_isect_scan_bytes,104688
profile,17,0.0005,2,max_isect_hit_bytes,2856
profile,17,0.0005,2,max_isect_bytes_other_mode,23368
profile,17,0.0005,2,p99_isect_bytes,89986
profile,17,0.0005,2,p999_isect_bytes,97755
profile,17,0.0005,2,hbld_edges_written,60.603
profile,17,0.0005,2,max_hbld_edges_written,164
profile,17,0.0005,2,p99_hbld_edges_written,134
profile,17,0.0005,2,p999_hbld_edges_written,151
profile,17,0.0005,2,h_max_degree,14
profile,17,0.0005,2,mwpm_init_elements,153.008
profile,17,0.0005,2,mwpm_init_node_elements,44.614
profile,17,0.0005,2,mwpm_init_edge_elements,108.394
profile,17,0.0005,2,max_mwpm_init_elements,366
profile,17,0.0005,2,p99_mwpm_init_elements,306
profile,17,0.0005,2,p999_mwpm_init_elements,340
profile,17,0.001,1.5,mean_total_ns,49330.6
profile,17,0.001,1.5,mean_g_reference_ns,32194.8
profile,17,0.001,1.5,speedup_vs_m1,0.652634
profile,17,0.001,1.5,mean_stock_ns,21746.5
profile,17,0.001,1.5,p50_total_ns,48041
profile,17,0.001,1.5,p99_total_ns,83168
profile,17,0.001,1.5,p999_total_ns,92126
profile,17,0.001,1.5,mean_h_nodes,75.9305
profile,17,0.001,1.5,mean_h_edges,85.8675
profile,17,0.001,1.5,mean_degree,2.26174
profile,17,0.001,1.5,max_degree,13
profile,17,0.001,1.5,frac_intersect,0.53281
profile,17,0.001,1.5,frac_h_build,0.0247346
profile,17,0.001,1.5,frac_mwpm_build,0.103607
profile,17,0.001,1.5,frac_blossom_on_h,0.262357
profile,17,0.001,1.5,frac_harvest,0.0552936
profile,17,0.001,1.5,residual_density,0.000144869
profile,17,0.001,1.5,q,0.011
profile,17,0.001,1.5,residual_tie_rate,0
profile,17,0.001,1.5,pairing_tie_rate,0.0015
profile,17,0.001,1.5,mean_restarts,0
profile,17,0.001,1.5,isect_mode_bitset,0
profile,17,0.001,1.5,isect_bytes,51898
profile,17,0.001,1.5,isect_scan_bytes,50037.2
profile,17,0.001,1.5,isect_hit_bytes,1860.82
profile,17,0.001,1.5,isect_bytes_other_mode,23369
profile,17,0.001,1.5,isect_bytes_per_defect,683.493
profile,17,0.001,1.5,isect_scan_bytes_per_defect,658.986
profile,17,0.001,1.5,isect_hit_bytes_per_defect,24.5069
profile,17,0.001,1.5,isect_bytes_other_mode_per_defect,307.768
profile,17,0.001,1.5,max_isect_bytes,86293
profile,17,0.001,1.5,max_isect_scan_bytes,83088
profile,17,0.001,1.5,max_isect_hit_bytes,3832
profile,17,0.001,1.5,max_isect_bytes_other_mode,38376
profile,17,0.001,1.5,p99_isect_bytes,74665
profile,17,0.001,1.5,p999_isect_bytes,80984
profile,17,0.001,1.5,hbld_edges_written,98.5335
profile,17,0.001,1.5,max_hbld_edges_written,209
profile,17,0.001,1.5,p99_hbld_edges_written,177
profile,17,0.001,1.5,p999_hbld_edges_written,196
profile,17,0.001,1.5,h_max_degree,13
profile,17,0.001,1.5,mwpm_init_elements,268.425
profile,17,0.001,1.5,mwpm_init_node_elements,84.024
profile,17,0.001,1.5,mwpm_init_edge_elements,184.401
profile,17,0.001,1.5,max_mwpm_init_elements,507
profile,17,0.001,1.5,p99_mwpm_init_elements,448
profile,17,0.001,1.5,p999_mwpm_init_elements,484
profile,17,0.001,2,mean_total_ns,81003.7
profile,17,0.001,2,mean_g_reference_ns,36112.5
profile,17,0.001,2,speedup_vs_m1,0.445813
profile,17,0.001,2,mean_stock_ns,21746.5
profile,17,0.001,2,p50_total_ns,79191
profile,17,0.001,2,p99_total_ns,133043
profile,17,0.001,2,p999_total_ns,152681
profile,17,0.001,2,mean_h_nodes,75.9305
profile,17,0.001,2,mean_h_edges,142.198
profile,17,0.001,2,mean_degree,3.74549
profile,17,0.001,2,max_degree,19
profile,17,0.001,2,frac_intersect,0.632201
profile,17,0.001,2,frac_h_build,0.0286779
profile,17,0.001,2,frac_mwpm_build,0.0898698
profile,17,0.001,2,frac_blossom_on_h,0.195087
profile,17,0.001,2,frac_harvest,0.0411428
profile,17,0.001,2,residual_density,0
profile,17,0.001,2,q,0
profile,17,0.001,2,residual_tie_rate,0
profile,17,0.001,2,pairing_tie_rate,0.0015
profile,17,0.001,2,mean_restarts,0
profile,17,0.001,2,isect_mode_bitset,0
profile,17,0.001,2,isect_bytes,107292
profile,17,0.001,2,isect_scan_bytes,104317
profile,17,0.001,2,isect_hit_bytes,2975.12
profile,17,0.001,2,isect_bytes_other_mode,23369
profile,17,0.001,2,isect_bytes_per_defect,1413.03
profile,17,0.001,2,isect_scan_bytes_per_defect,1373.84
profile,17,0.001,2,isect_hit_bytes_per_defect,39.1821
profile,17,0.001,2,isect_bytes_other_mode_per_defect,307.768
profile,17,0.001,2,max_isect_bytes,178849
profile,17,0.001,2,max_isect_scan_bytes,173216
profile,17,0.001,2,max_isect_hit_bytes,6360
profile,17,0.001,2,max_isect_bytes_other_mode,38376
profile,17,0.001,2,p99_isect_bytes,155965
profile,17,0.001,2,p999_isect_bytes,167347
profile,17,0.001,2,hbld_edges_written,167.001
profile,17,0.001,2,max_hbld_edges_written,371
profile,17,0.001,2,p99_hbld_edges_written,311
profile,17,0.001,2,p999_hbld_edges_written,350
profile,17,0.001,2,h_max_degree,19
profile,17,0.001,2,mwpm_init_elements,393.224
profile,17,0.001,2,mwpm_init_node_elements,84.024
profile,17,0.001,2,mwpm_init_edge_elements,309.2
profile,17,0.001,2,max_mwpm_init_elements,820
profile,17,0.001,2,p99_mwpm_init_elements,691
profile,17,0.001,2,p999_mwpm_init_elements,781
profile,23,0.0001,1.5,mean_total_ns,12242.3
profile,23,0.0001,1.5,mean_g_reference_ns,9978
profile,23,0.0001,1.5,speedup_vs_m1,0.815043
profile,23,0.0001,1.5,mean_stock_ns,7304.97
profile,23,0.0001,1.5,p50_total_ns,12303
profile,23,0.0001,1.5,p99_total_ns,29226
profile,23,0.0001,1.5,p999_total_ns,65024
profile,23,0.0001,1.5,mean_h_nodes,19.398
profile,23,0.0001,1.5,mean_h_edges,11.008
profile,23,0.0001,1.5,mean_degree,1.13496
profile,23,0.0001,1.5,max_degree,7
profile,23,0.0001,1.5,frac_intersect,0.534104
profile,23,0.0001,1.5,frac_h_build,0.00937164
profile,23,0.0001,1.5,frac_mwpm_build,0.0826946
profile,23,0.0001,1.5,frac_blossom_on_h,0.274959
profile,23,0.0001,1.5,frac_harvest,0.0685375
profile,23,0.0001,1.5,residual_density,0
profile,23,0.0001,1.5,q,0
profile,23,0.0001,1.5,residual_tie_rate,0
profile,23,0.0001,1.5,pairing_tie_rate,0.0005
profile,23,0.0001,1.5,mean_restarts,0
profile,23,0.0001,1.5,isect_mode_bitset,0
profile,23,0.0001,1.5,isect_bytes,13558.5
profile,23,0.0001,1.5,isect_scan_bytes,13286.1
profile,23,0.0001,1.5,isect_hit_bytes,272.39
profile,23,0.0001,1.5,isect_bytes_other_mode,10540.2
profile,23,0.0001,1.5,isect_bytes_per_defect,698.964
profile,23,0.0001,1.5,isect_scan_bytes_per_defect,684.922
profile,23,0.0001,1.5,isect_hit_bytes_per_defect,14.0422
profile,23,0.0001,1.5,isect_bytes_other_mode_per_defect,543.366
profile,23,0.0001,1.5,max_isect_bytes,37013
profile,23,0.0001,1.5,max_isect_scan_bytes,36176
profile,23,0.0001,1.5,max_isect_hit_bytes,874
profile,23,0.0001,1.5,max_isect_bytes_other_mode,28040
profile,23,0.0001,1.5,p99_isect_bytes,27967
profile,23,0.0001,1.5,p999_isect_bytes,33623
profile,23,0.0001,1.5,hbld_edges_written,13.419
profile,23,0.0001,1.5,max_hbld_edges_written,46
profile,23,0.0001,1.5,p99_hbld_edges_written,32
profile,23,0.0001,1.5,p999_hbld_edges_written,42
profile,23,0.0001,1.5,h_max_degree,7
profile,23,0.0001,1.5,mwpm_init_elements,47.9395
profile,23,0.0001,1.5,mwpm_init_node_elements,23.5125
profile,23,0.0001,1.5,mwpm_init_edge_elements,24.427
profile,23,0.0001,1.5,max_mwpm_init_elements,139
profile,23,0.0001,1.5,p99_mwpm_init_elements,94
profile,23,0.0001,1.5,p999_mwpm_init_elements,112
profile,23,0.0001,2,mean_total_ns,18108.6
profile,23,0.0001,2,mean_g_reference_ns,11074.3
profile,23,0.0001,2,speedup_vs_m1,0.611553
profile,23,0.0001,2,mean_stock_ns,7304.97
profile,23,0.0001,2,p50_total_ns,18235
profile,23,0.0001,2,p99_total_ns,42831
profile,23,0.0001,2,p999_total_ns,68300
profile,23,0.0001,2,mean_h_nodes,19.398
profile,23,0.0001,2,mean_h_edges,12.7275
profile,23,0.0001,2,mean_degree,1.31225
profile,23,0.0001,2,max_degree,9
profile,23,0.0001,2,frac_intersect,0.649274
profile,23,0.0001,2,frac_h_build,0.00806198
profile,23,0.0001,2,frac_mwpm_build,0.068393
profile,23,0.0001,2,frac_blossom_on_h,0.205689
profile,23,0.0001,2,frac_harvest,0.047578
profile,23,0.0001,2,residual_density,0
profile,23,0.0001,2,q,0
profile,23,0.0001,2,residual_tie_rate,0
profile,23,0.0001,2,pairing_tie_rate,0.0005
profile,23,0.0001,2,mean_restarts,0
profile,23,0.0001,2,isect_mode_bitset,0
profile,23,0.0001,2,isect_bytes,27934.3
profile,23,0.0001,2,isect_scan_bytes,27594.8
profile,23,0.0001,2,isect_hit_bytes,339.506
profile,23,0.0001,2,isect_bytes_other_mode,10540.2
profile,23,0.0001,2,isect_bytes_per_defect,1440.06
profile,23,0.0001,2,isect_scan_bytes_per_defect,1422.56
profile,23,0.0001,2,isect_hit_bytes_per_defect,17.5021
profile,23,0.0001,2,isect_bytes_other_mode_per_defect,543.366
profile,23,0.0001,2,max_isect_bytes,78709
profile,23,0.0001,2,max_isect_scan_bytes,77584
profile,23,0.0001,2,max_isect_hit_bytes,1162
profile,23,0.0001,2,max_isect_bytes_other_mode,28040
profile,23,0.0001,2,p99_isect_bytes,57232
profile,23,0.0001,2,p999_isect_bytes,69767
profile,23,0.0001,2,hbld_edges_written,17.452
profile,23,0.0001,2,max_hbld_edges_written,64
profile,23,0.0001,2,p99_hbld_edges_written,43
profile,23,0.0001,2,p999_hbld_edges_written,56
profile,23,0.0001,2,h_max_degree,9
profile,23,0.0001,2,mwpm_init_elements,53.692
profile,23,0.0001,2,mwpm_init_node_elements,23.5125
profile,23,0.0001,2,mwpm_init_edge_elements,30.1795
profile,23,0.0001,2,max_mwpm_init_elements,174
profile,23,0.0001,2,p99_mwpm_init_elements,112
profile,23,0.0001,2,p999_mwpm_init_elements,138
profile,23,0.0003,1.5,mean_total_ns,37315.8
profile,23,0.0003,1.5,mean_g_reference_ns,30965.8
profile,23,0.0003,1.5,speedup_vs_m1,0.82983
profile,23,0.0003,1.5,mean_stock_ns,22476.3
profile,23,0.0003,1.5,p50_total_ns,36590
profile,23,0.0003,1.5,p99_total_ns,65705
profile,23,0.0003,1.5,p999_total_ns,93268
profile,23,0.0003,1.5,mean_h_nodes,58.0455
profile,23,0.0003,1.5,mean_h_edges,40.513
profile,23,0.0003,1.5,mean_degree,1.3959
profile,23,0.0003,1.5,max_degree,9
profile,23,0.0003,1.5,frac_intersect,0.522559
profile,23,0.0003,1.5,frac_h_build,0.0130032
profile,23,0.0003,1.5,frac_mwpm_build,0.0857372
profile,23,0.0003,1.5,frac_blossom_on_h,0.278147
profile,23,0.0003,1.5,frac_harvest,0.0787746
profile,23,0.0003,1.5,residual_density,5.16836e-05
profile,23,0.0003,1.5,q,0.003
profile,23,0.0003,1.5,residual_tie_rate,0
profile,23,0.0003,1.5,pairing_tie_rate,0
profile,23,0.0003,1.5,mean_restarts,0
profile,23,0.0003,1.5,isect_mode_bitset,0
profile,23,0.0003,1.5,isect_bytes,40692.4
profile,23,0.0003,1.5,isect_scan_bytes,39753
profile,23,0.0003,1.5,isect_hit_bytes,939.341
profile,23,0.0003,1.5,isect_bytes_other_mode,31562.1
profile,23,0.0003,1.5,isect_bytes_per_defect,701.043
profile,23,0.0003,1.5,isect_scan_bytes_per_defect,684.86
profile,23,0.0003,1.5,isect_hit_bytes_per_defect,16.1828
profile,23,0.0003,1.5,isect_bytes_other_mode_per_defect,543.748
profile,23,0.0003,1.5,max_isect_bytes,78398
profile,23,0.0003,1.5,max_isect_scan_bytes,75760
profile,23,0.0003,1.5,max_isect_hit_bytes,2638
profile,23,0.0003,1.5,max_isect_bytes_other_mode,58880
profile,23,0.0003,1.5,p99_isect_bytes,63247
profile,23,0.0003,1.5,p999_isect_bytes,72859
profile,23,0.0003,1.5,hbld_edges_written,47.555
profile,23,0.0003,1.5,max_hbld_edges_written,144
profile,23,0.0003,1.5,p99_hbld_edges_written,87
profile,23,0.0003,1.5,p999_hbld_edges_written,101
profile,23,0.0003,1.5,h_max_degree,9
profile,23,0.0003,1.5,mwpm_init_elements,153.325
profile,23,0.0003,1.5,mwpm_init_node_elements,65.2565
profile,23,0.0003,1.5,mwpm_init_edge_elements,88.068
profile,23,0.0003,1.5,max_mwpm_init_elements,384
profile,23,0.0003,1.5,p99_mwpm_init_elements,250
profile,23,0.0003,1.5,p999_mwpm_init_elements,280
profile,23,0.0003,2,mean_total_ns,60850
profile,23,0.0003,2,mean_g_reference_ns,37208.3
profile,23,0.0003,2,speedup_vs_m1,0.611476
profile,23,0.0003,2,mean_stock_ns,22476.3
profile,23,0.0003,2,p50_total_ns,58993
profile,23,0.0003,2,p99_total_ns,108687
profile,23,0.0003,2,p999_total_ns,158251
profile,23,0.0003,2,mean_h_nodes,58.0455
profile,23,0.0003,2,mean_h_edges,54.504
profile,23,0.0003,2,mean_degree,1.87798
profile,23,0.0003,2,max_degree,13
profile,23,0.0003,2,frac_intersect,0.620623
profile,23,0.0003,2,frac_h_build,0.0120438
profile,23,0.0003,2,frac_mwpm_build,0.0747208
profile,23,0.0003,2,frac_blossom_on_h,0.219331
profile,23,0.0003,2,frac_harvest,0.0594532
profile,23,0.0003,2,residual_density,0
profile,23,0.0003,2,q,0
profile,23,0.0003,2,residual_tie_rate,0
profile,23,0.0003,2,pairing_tie_rate,0
profile,23,0.0003,2,mean_restarts,0
profile,23,0.0003,2,isect_mode_bitset,0
profile,23,0.0003,2,isect_bytes,84273.5
profile,23,0.0003,2,isect_scan_bytes,82990.7
profile,23,0.0003,2,isect_hit_bytes,1282.81
profile,23,0.0003,2,isect_bytes_other_mode,31562.1
profile,23,0.0003,2,isect_bytes_per_defect,1451.85
profile,23,0.0003,2,isect_scan_bytes_per_defect,1429.75
profile,23,0.0003,2,isect_hit_bytes_per_defect,22.1001
profile,23,0.0003,2,isect_bytes_other_mode_per_defect,543.748
profile,23,0.0003,2,max_isect_bytes,161298
profile,23,0.0003,2,max_isect_scan_bytes,157584
profile,23,0.0003,2,max_isect_hit_bytes,3714
profile,23,0.0003,2,max_isect_bytes_other_mode,58880
profile,23,0.0003,2,p99_isect_bytes,131472
profile,23,0.0003,2,p999_isect_bytes,151763
profile,23,0.0003,2,hbld_edges_written,68.523
profile,23,0.0003,2,max_hbld_edges_written,209
profile,23,0.0003,2,p99_hbld_edges_written,130
profile,23,0.0003,2,p999_hbld_edges_written,145
profile,23,0.0003,2,h_max_degree,13
profile,23,0.0003,2,mwpm_init_elements,188.284
profile,23,0.0003,2,mwpm_init_node_elements,65.2565
profile,23,0.0003,2,mwpm_init_edge_elements,123.027
profile,23,0.0003,2,max_mwpm_init_elements,502
profile,23,0.0003,2,p99_mwpm_init_elements,325
profile,23,0.0003,2,p999_mwpm_init_elements,366
profile,23,0.0005,1.5,mean_total_ns,73046.4
profile,23,0.0005,1.5,mean_g_reference_ns,61893.9
profile,23,0.0005,1.5,speedup_vs_m1,0.847323
profile,23,0.0005,1.5,mean_stock_ns,37239.3
profile,23,0.0005,1.5,p50_total_ns,71326
profile,23,0.0005,1.5,p99_total_ns,123275
profile,23,0.0005,1.5,p999_total_ns,253032
profile,23,0.0005,1.5,mean_h_nodes,97.2375
profile,23,0.0005,1.5,mean_h_edges,81.7185
profile,23,0.0005,1.5,mean_degree,1.6808
profile,23,0.0005,1.5,max_degree,11
profile,23,0.0005,1.5,frac_intersect,0.486493
profile,23,0.0005,1.5,frac_h_build,0.014873
profile,23,0.0005,1.5,frac_mwpm_build,0.0923438
profile,23,0.0005,1.5,frac_blossom_on_h,0.304292
profile,23,0.0005,1.5,frac_harvest,0.085375
profile,23,0.0005,1.5,residual_density,6.68466e-05
profile,23,0.0005,1.5,q,0.0055
profile,23,0.0005,1.5,residual_tie_rate,0
profile,23,0.0005,1.5,pairing_tie_rate,0.0005
profile,23,0.0005,1.5,mean_restarts,0
profile,23,0.0005,1.5,isect_mode_bitset,0
profile,23,0.0005,1.5,isect_bytes,69045
profile,23,0.0005,1.5,isect_scan_bytes,67245.5
profile,23,0.0005,1.5,isect_hit_bytes,1799.5
profile,23,0.0005,1.5,isect_bytes_other_mode,56928.5
profile,23,0.0005,1.5,isect_bytes_per_defect,710.066
profile,23,0.0005,1.5,isect_scan_bytes_per_defect,691.56
profile,23,0.0005,1.5,isect_hit_bytes_per_defect,18.5062
profile,23,0.0005,1.5,isect_bytes_other_mode_per_defect,585.458
profile,23,0.0005,1.5,max_isect_bytes,110858
profile,23,0.0005,1.5,max_isect_scan_bytes,107616
profile,23,0.0005,1.5,max_isect_hit_bytes,3518
profile,23,0.0005,1.5,max_isect_bytes_other_mode,94616
profile,23,0.0005,1.5,p99_isect_bytes,97734
profile,23,0.0005,1.5,p999_isect_bytes,107779
profile,23,0.0005,1.5,hbld_edges_written,93.7015
profile,23,0.0005,1.5,max_hbld_edges_written,190
profile,23,0.0005,1.5,p99_hbld_edges_written,162
profile,23,0.0005,1.5,p999_hbld_edges_written,181
profile,23,0.0005,1.5,h_max_degree,11
profile,23,0.0005,1.5,mwpm_init_elements,281.656
profile,23,0.0005,1.5,mwpm_init_node_elements,106.237
profile,23,0.0005,1.5,mwpm_init_edge_elements,175.42
profile,23,0.0005,1.5,max_mwpm_init_elements,502
profile,23,0.0005,1.5,p99_mwpm_init_elements,441
profile,23,0.0005,1.5,p999_mwpm_init_elements,489
profile,23,0.0005,2,mean_total_ns,109991
profile,23,0.0005,2,mean_g_reference_ns,66982.3
profile,23,0.0005,2,speedup_vs_m1,0.608978
profile,23,0.0005,2,mean_stock_ns,37239.3
profile,23,0.0005,2,p50_total_ns,105711
profile,23,0.0005,2,p99_total_ns,195062
profile,23,0.0005,2,p999_total_ns,284071
profile,23,0.0005,2,mean_h_nodes,97.2375
profile,23,0.0005,2,mean_h_edges,120.939
profile,23,0.0005,2,mean_degree,2.48751
profile,23,0.0005,2,max_degree,14
profile,23,0.0005,2,frac_intersect,0.607879
profile,23,0.0005,2,frac_h_build,0.016515
profile,23,0.0005,2,frac_mwpm_build,0.0830761
profile,23,0.0005,2,frac_blossom_on_h,0.220885
profile,23,0.0005,2,frac_harvest,0.0603543
profile,23,0.0005,2,residual_density,0
profile,23,0.0005,2,q,0
profile,23,0.0005,2,residual_tie_rate,0
profile,23,0.0005,2,pairing_tie_rate,0.0005
profile,23,0.0005,2,mean_restarts,0
profile,23,0.0005,2,isect_mode_bitset,0
profile,23,0.0005,2,isect_bytes,143347
profile,23,0.0005,2,isect_scan_bytes,140718
profile,23,0.0005,2,isect_hit_bytes,2628.68
profile,23,0.0005,2,isect_bytes_other_mode,56928.5
profile,23,0.0005,2,isect_bytes_per_defect,1474.19
profile,23,0.0005,2,isect_scan_bytes_per_defect,1447.16
profile,23,0.0005,2,isect_hit_bytes_per_defect,27.0336
profile,23,0.0005,2,isect_bytes_other_mode_per_defect,585.458
profile,23,0.0005,2,max_isect_bytes,233446
profile,23,0.0005,2,max_isect_scan_bytes,227920
profile,23,0.0005,2,max_isect_hit_bytes,5526
profile,23,0.0005,2,max_isect_bytes_other_mode,94616
profile,23,0.0005,2,p99_isect_bytes,203473
profile,23,0.0005,2,p999_isect_bytes,224515
profile,23,0.0005,2,hbld_edges_written,144.664
profile,23,0.0005,2,max_hbld_edges_written,317
profile,23,0.0005,2,p99_hbld_edges_written,254
profile,23,0.0005,2,p999_hbld_edges_written,287
profile,23,0.0005,2,h_max_degree,14
profile,23,0.0005,2,mwpm_init_elements,371.84
profile,23,0.0005,2,mwpm_init_node_elements,106.237
profile,23,0.0005,2,mwpm_init_edge_elements,265.603
profile,23,0.0005,2,max_mwpm_init_elements,752
profile,23,0.0005,2,p99_mwpm_init_elements,610
profile,23,0.0005,2,p999_mwpm_init_elements,685
profile,23,0.001,1.5,mean_total_ns,145597
profile,23,0.001,1.5,mean_g_reference_ns,119072
profile,23,0.001,1.5,speedup_vs_m1,0.817817
profile,23,0.001,1.5,mean_stock_ns,80238.6
profile,23,0.001,1.5,p50_total_ns,142421
profile,23,0.001,1.5,p99_total_ns,212766
profile,23,0.001,1.5,p999_total_ns,329206
profile,23,0.001,1.5,mean_h_nodes,192.812
profile,23,0.001,1.5,mean_h_edges,226.513
profile,23,0.001,1.5,mean_degree,2.34957
profile,23,0.001,1.5,max_degree,14
profile,23,0.001,1.5,frac_intersect,0.469654
profile,23,0.001,1.5,frac_h_build,0.0228501
profile,23,0.001,1.5,frac_mwpm_build,0.101864
profile,23,0.001,1.5,frac_blossom_on_h,0.305503
profile,23,0.001,1.5,frac_harvest,0.0855178
profile,23,0.001,1.5,residual_density,0.000152999
profile,23,0.001,1.5,q,0.028
profile,23,0.001,1.5,residual_tie_rate,0
profile,23,0.001,1.5,pairing_tie_rate,0.003
profile,23,0.001,1.5,mean_restarts,0
profile,23,0.001,1.5,isect_mode_bitset,0
profile,23,0.001,1.5,isect_bytes,138220
profile,23,0.001,1.5,isect_scan_bytes,133623
profile,23,0.001,1.5,isect_hit_bytes,4597.72
profile,23,0.001,1.5,isect_bytes_other_mode,112882
profile,23,0.001,1.5,isect_bytes_per_defect,716.866
profile,23,0.001,1.5,isect_scan_bytes_per_defect,693.021
profile,23,0.001,1.5,isect_hit_bytes_per_defect,23.8456
profile,23,0.001,1.5,isect_bytes_other_mode_per_defect,585.449
profile,23,0.001,1.5,max_isect_bytes,192958
profile,23,0.001,1.5,max_isect_scan_bytes,185760
profile,23,0.001,1.5,max_isect_hit_bytes,7707
profile,23,0.001,1.5,max_isect_bytes_other_mode,159160
profile,23,0.001,1.5,p99_isect_bytes,179414
profile,23,0.001,1.5,p999_isect_bytes,187222
profile,23,0.001,1.5,hbld_edges_written,250.015
profile,23,0.001,1.5,max_hbld_edges_written,433
profile,23,0.001,1.5,p99_hbld_edges_written,381
profile,23,0.001,1.5,p999_hbld_edges_written,424
profile,23,0.001,1.5,h_max_degree,14
profile,23,0.001,1.5,mwpm_init_elements,682.186
profile,23,0.001,1.5,mwpm_init_node_elements,205.657
profile,23,0.001,1.5,mwpm_init_edge_elements,476.528
profile,23,0.001,1.5,max_mwpm_init_elements,1095
profile,23,0.001,1.5,p99_mwpm_init_elements,975
profile,23,0.001,1.5,p999_mwpm_init_elements,1069
profile,23,0.001,2,mean_total_ns,230007
profile,23,0.001,2,mean_g_reference_ns,133153
profile,23,0.001,2,speedup_vs_m1,0.578906
profile,23,0.001,2,mean_stock_ns,80238.6
profile,23,0.001,2,p50_total_ns,225991
profile,23,0.001,2,p99_total_ns,332623
profile,23,0.001,2,p999_total_ns,513888
profile,23,0.001,2,mean_h_nodes,192.812
profile,23,0.001,2,mean_h_edges,382.933
profile,23,0.001,2,mean_degree,3.97209
profile,23,0.001,2,max_degree,23
profile,23,0.001,2,frac_intersect,0.569763
profile,23,0.001,2,frac_h_build,0.0281139
profile,23,0.001,2,frac_mwpm_build,0.0956001
profile,23,0.001,2,frac_blossom_on_h,0.237543
profile,23,0.001,2,frac_harvest,0.0595381
profile,23,0.001,2,residual_density,2.5932e-06
profile,23,0.001,2,q,0.0005
profile,23,0.001,2,residual_tie_rate,0
profile,23,0.001,2,pairing_tie_rate,0.003
profile,23,0.001,2,mean_restarts,0
profile,23,0.001,2,isect_mode_bitset,0
profile,23,0.001,2,isect_bytes,290997
profile,23,0.001,2,isect_scan_bytes,283490
profile,23,0.001,2,isect_hit_bytes,7506.23
profile,23,0.001,2,isect_bytes_other_mode,112882
profile,23,0.001,2,isect_bytes_per_defect,1509.22
profile,23,0.001,2,isect_scan_bytes_per_defect,1470.29
profile,23,0.001,2,isect_hit_bytes_per_defect,38.9303
profile,23,0.001,2,isect_bytes_other_mode_per_defect,585.449
profile,23,0.001,2,max_isect_bytes,406186
profile,23,0.001,2,max_isect_scan_bytes,394256
profile,23,0.001,2,max_isect_hit_bytes,13070
profile,23,0.001,2,max_isect_bytes_other_mode,159160
profile,23,0.001,2,p99_isect_bytes,378109
profile,23,0.001,2,p999_isect_bytes,396714
profile,23,0.001,2,hbld_edges_written,429.832
profile,23,0.001,2,max_hbld_edges_written,759
profile,23,0.001,2,p99_hbld_edges_written,671
profile,23,0.001,2,p999_hbld_edges_written,744
profile,23,0.001,2,h_max_degree,23
profile,23,0.001,2,mwpm_init_elements,1018.42
profile,23,0.001,2,mwpm_init_node_elements,205.657
profile,23,0.001,2,mwpm_init_edge_elements,812.765
profile,23,0.001,2,max_mwpm_init_elements,1708
profile,23,0.001,2,p99_mwpm_init_elements,1533
profile,23,0.001,2,p999_mwpm_init_elements,1692
profile,29,0.0001,1.5,mean_total_ns,28570.3
profile,29,0.0001,1.5,mean_g_reference_ns,26314.7
profile,29,0.0001,1.5,speedup_vs_m1,0.921052
profile,29,0.0001,1.5,mean_stock_ns,19195.5
profile,29,0.0001,1.5,p50_total_ns,28033
profile,29,0.0001,1.5,p99_total_ns,53372
profile,29,0.0001,1.5,p999_total_ns,77688
profile,29,0.0001,1.5,mean_h_nodes,39.637
profile,29,0.0001,1.5,mean_h_edges,22.5725
profile,29,0.0001,1.5,mean_degree,1.13896
profile,29,0.0001,1.5,max_degree,7
profile,29,0.0001,1.5,frac_intersect,0.523512
profile,29,0.0001,1.5,frac_h_build,0.00857987
profile,29,0.0001,1.5,frac_mwpm_build,0.0761604
profile,29,0.0001,1.5,frac_blossom_on_h,0.290651
profile,29,0.0001,1.5,frac_harvest,0.0795201
profile,29,0.0001,1.5,residual_density,2.5229e-05
profile,29,0.0001,1.5,q,0.001
profile,29,0.0001,1.5,residual_tie_rate,0
profile,29,0.0001,1.5,pairing_tie_rate,0
profile,29,0.0001,1.5,mean_restarts,0
profile,29,0.0001,1.5,isect_mode_bitset,0
profile,29,0.0001,1.5,isect_bytes,28475.7
profile,29,0.0001,1.5,isect_scan_bytes,27950.8
profile,29,0.0001,1.5,isect_hit_bytes,524.951
profile,29,0.0001,1.5,isect_bytes_other_mode,34937.1
profile,29,0.0001,1.5,isect_bytes_per_defect,718.413
profile,29,0.0001,1.5,isect_scan_bytes_per_defect,705.169
profile,29,0.0001,1.5,isect_hit_bytes_per_defect,13.244
profile,29,0.0001,1.5,isect_bytes_other_mode_per_defect,881.427
profile,29,0.0001,1.5,max_isect_bytes,58007
profile,29,0.0001,1.5,max_isect_scan_bytes,57040
profile,29,0.0001,1.5,max_isect_hit_bytes,1185
profile,29,0.0001,1.5,max_isect_bytes_other_mode,72248
profile,29,0.0001,1.5,p99_isect_bytes,48594
profile,29,0.0001,1.5,p999_isect_bytes,55718
profile,29,0.0001,1.5,hbld_edges_written,26.417
profile,29,0.0001,1.5,max_hbld_edges_written,61
profile,29,0.0001,1.5,p99_hbld_edges_written,52
profile,29,0.0001,1.5,p999_hbld_edges_written,60
profile,29,0.0001,1.5,h_max_degree,7
profile,29,0.0001,1.5,mwpm_init_elements,94.6495
profile,29,0.0001,1.5,mwpm_init_node_elements,45.66
profile,29,0.0001,1.5,mwpm_init_edge_elements,48.9895
profile,29,0.0001,1.5,max_mwpm_init_elements,188
profile,29,0.0001,1.5,p99_mwpm_init_elements,161
profile,29,0.0001,1.5,p999_mwpm_init_elements,185
profile,29,0.0001,2,mean_total_ns,39158.8
profile,29,0.0001,2,mean_g_reference_ns,26494.5
profile,29,0.0001,2,speedup_vs_m1,0.676591
profile,29,0.0001,2,mean_stock_ns,19195.5
profile,29,0.0001,2,p50_total_ns,38213
profile,29,0.0001,2,p99_total_ns,71005
profile,29,0.0001,2,p999_total_ns,94790
profile,29,0.0001,2,mean_h_nodes,39.637
profile,29,0.0001,2,mean_h_edges,26.0665
profile,29,0.0001,2,mean_degree,1.31526
profile,29,0.0001,2,max_degree,9
profile,29,0.0001,2,frac_intersect,0.62771
profile,29,0.0001,2,frac_h_build,0.00825636
profile,29,0.0001,2,frac_mwpm_build,0.0664159
profile,29,0.0001,2,frac_blossom_on_h,0.223724
profile,29,0.0001,2,frac_harvest,0.057555
profile,29,0.0001,2,residual_density,0
profile,29,0.0001,2,q,0
profile,29,0.0001,2,residual_tie_rate,0
profile,29,0.0001,2,pairing_tie_rate,0
profile,29,0.0001,2,mean_restarts,0
profile,29,0.0001,2,isect_mode_bitset,0
profile,29,0.0001,2,isect_bytes,59288.6
profile,29,0.0001,2,isect_scan_bytes,58642.4
profile,29,0.0001,2,isect_hit_bytes,646.145
profile,29,0.0001,2,isect_bytes_other_mode,34937.1
profile,29,0.0001,2,isect_bytes_per_defect,1495.79
profile,29,0.0001,2,isect_scan_bytes_per_defect,1479.49
profile,29,0.0001,2,isect_hit_bytes_per_defect,16.3016
profile,29,0.0001,2,isect_bytes_other_mode_per_defect,881.427
profile,29,0.0001,2,max_isect_bytes,120968
profile,29,0.0001,2,max_isect_scan_bytes,119488
profile,29,0.0001,2,max_isect_hit_bytes,1535
profile,29,0.0001,2,max_isect_bytes_other_mode,72248
profile,29,0.0001,2,p99_isect_bytes,101109
profile,29,0.0001,2,p999_isect_bytes,115114
profile,29,0.0001,2,hbld_edges_written,33.757
profile,29,0.0001,2,max_hbld_edges_written,88
profile,29,0.0001,2,p99_hbld_edges_written,69
profile,29,0.0001,2,p999_hbld_edges_written,80
profile,29,0.0001,2,h_max_degree,9
profile,29,0.0001,2,mwpm_init_elements,105.484
profile,29,0.0001,2,mwpm_init_node_elements,45.66
profile,29,0.0001,2,mwpm_init_edge_elements,59.8235
profile,29,0.0001,2,max_mwpm_init_elements,230
profile,29,0.0001,2,p99_mwpm_init_elements,185
profile,29,0.0001,2,p999_mwpm_init_elements,213
profile,29,0.0003,1.5,mean_total_ns,89368.9
profile,29,0.0003,1.5,mean_g_reference_ns,82064.8
profile,29,0.0003,1.5,speedup_vs_m1,0.91827
profile,29,0.0003,1.5,mean_stock_ns,60125.3
profile,29,0.0003,1.5,p50_total_ns,88128
profile,29,0.0003,1.5,p99_total_ns,133043
profile,29,0.0003,1.5,p999_total_ns,202736
profile,29,0.0003,1.5,mean_h_nodes,118.872
profile,29,0.0003,1.5,mean_h_edges,84.0315
profile,29,0.0003,1.5,mean_degree,1.41381
profile,29,0.0003,1.5,max_degree,9
profile,29,0.0003,1.5,frac_intersect,0.491893
profile,29,0.0003,1.5,frac_h_build,0.0116567
profile,29,0.0003,1.5,frac_mwpm_build,0.0833631
profile,29,0.0003,1.5,frac_blossom_on_h,0.307743
profile,29,0.0003,1.5,frac_harvest,0.0897827
profile,29,0.0003,1.5,residual_density,3.36496e-05
profile,29,0.0003,1.5,q,0.004
profile,29,0.0003,1.5,residual_tie_rate,0
profile,29,0.0003,1.5,pairing_tie_rate,0
profile,29,0.0003,1.5,mean_restarts,0
profile,29,0.0003,1.5,isect_mode_bitset,0
profile,29,0.0003,1.5,isect_bytes,85745.9
profile,29,0.0003,1.5,isect_scan_bytes,83900.5
profile,29,0.0003,1.5,isect_hit_bytes,1845.45
profile,29,0.0003,1.5,isect_bytes_other_mode,104759
profile,29,0.0003,1.5,isect_bytes_per_defect,721.33
profile,29,0.0003,1.5,isect_scan_bytes_per_defect,705.805
profile,29,0.0003,1.5,isect_hit_bytes_per_defect,15.5247
profile,29,0.0003,1.5,isect_bytes_other_mode_per_defect,881.28
profile,29,0.0003,1.5,max_isect_bytes,135868
profile,29,0.0003,1.5,max_isect_scan_bytes,132440
profile,29,0.0003,1.5,max_isect_hit_bytes,3428
profile,29,0.0003,1.5,max_isect_bytes_other_mode,167784
profile,29,0.0003,1.5,p99_isect_bytes,117166
profile,29,0.0003,1.5,p999_isect_bytes,130175
profile,29,0.0003,1.5,hbld_edges_written,95.483
profile,29,0.0003,1.5,max_hbld_edges_written,189
profile,29,0.0003,1.5,p99_hbld_edges_written,151
profile,29,0.0003,1.5,p999_hbld_edges_written,170
profile,29,0.0003,1.5,h_max_degree,9
profile,29,0.0003,1.5,mwpm_init_elements,308.798
profile,29,0.0003,1.5,mwpm_init_node_elements,129.284
profile,29,0.0003,1.5,mwpm_init_edge_elements,179.514
profile,29,0.0003,1.5,max_mwpm_init_elements,546
profile,29,0.0003,1.5,p99_mwpm_init_elements,439
profile,29,0.0003,1.5,p999_mwpm_init_elements,496
profile,29,0.0003,2,mean_total_ns,127886
profile,29,0.0003,2,mean_g_reference_ns,85918.5
profile,29,0.0003,2,speedup_vs_m1,0.671838
profile,29,0.0003,2,mean_stock_ns,60125.3
profile,29,0.0003,2,p50_total_ns,125739
profile,29,0.0003,2,p99_total_ns,198518
profile,29,0.0003,2,p999_total_ns,294040
profile,29,0.0003,2,mean_h_nodes,118.872
profile,29,0.0003,2,mean_h_edges,114.698
profile,29,0.0003,2,mean_degree,1.92977
profile,29,0.0003,2,max_degree,13
profile,29,0.0003,2,frac_intersect,0.603351
profile,29,0.0003,2,frac_h_build,0.0126215
profile,29,0.0003,2,frac_mwpm_build,0.0753695
profile,29,0.0003,2,frac_blossom_on_h,0.233942
profile,29,0.0003,2,frac_harvest,0.0635554
profile,29,0.0003,2,residual_density,0
profile,29,0.0003,2,q,0
profile,29,0.0003,2,residual_tie_rate,0
profile,29,0.0003,2,pairing_tie_rate,0
profile,29,0.0003,2,mean_restarts,0
profile,29,0.0003,2,isect_mode_bitset,0
profile,29,0.0003,2,isect_bytes,179563
profile,29,0.0003,2,isect_scan_bytes,177032
profile,29,0.0003,2,isect_hit_bytes,2530.35
profile,29,0.0003,2,isect_bytes_other_mode,104759
profile,29,0.0003,2,isect_bytes_per_defect,1510.55
profile,29,0.0003,2,isect_scan_bytes_per_defect,1489.27
profile,29,0.0003,2,isect_hit_bytes_per_defect,21.2863
profile,29,0.0003,2,isect_bytes_other_mode_per_defect,881.28
profile,29,0.0003,2,max_isect_bytes,284540
profile,29,0.0003,2,max_isect_scan_bytes,279680
profile,29,0.0003,2,max_isect_hit_bytes,4875
profile,29,0.0003,2,max_isect_bytes_other_mode,167784
profile,29,0.0003,2,p99_isect_bytes,246266
profile,29,0.0003,2,p999_isect_bytes,272499
profile,29,0.0003,2,hbld_edges_written,137.522
profile,29,0.0003,2,max_hbld_edges_written,278
profile,29,0.0003,2,p99_hbld_edges_written,223
profile,29,0.0003,2,p999_hbld_edges_written,252
profile,29,0.0003,2,h_max_degree,13
profile,29,0.0003,2,mwpm_init_elements,381.504
profile,29,0.0003,2,mwpm_init_node_elements,129.284
profile,29,0.0003,2,mwpm_init_edge_elements,252.22
profile,29,0.0003,2,max_mwpm_init_elements,715
profile,29,0.0003,2,p99_mwpm_init_elements,572
profile,29,0.0003,2,p999_mwpm_init_elements,642
profile,29,0.0005,1.5,mean_total_ns,157712
profile,29,0.0005,1.5,mean_g_reference_ns,142831
profile,29,0.0005,1.5,speedup_vs_m1,0.905647
profile,29,0.0005,1.5,mean_stock_ns,109551
profile,29,0.0005,1.5,p50_total_ns,154824
profile,29,0.0005,1.5,p99_total_ns,232252
profile,29,0.0005,1.5,p999_total_ns,355777
profile,29,0.0005,1.5,mean_h_nodes,196.922
profile,29,0.0005,1.5,mean_h_edges,167.859
profile,29,0.0005,1.5,mean_degree,1.70483
profile,29,0.0005,1.5,max_degree,12
profile,29,0.0005,1.5,frac_intersect,0.47845
profile,29,0.0005,1.5,frac_h_build,0.0143484
profile,29,0.0005,1.5,frac_mwpm_build,0.089705
profile,29,0.0005,1.5,frac_blossom_on_h,0.314127
profile,29,0.0005,1.5,frac_harvest,0.0895766
profile,29,0.0005,1.5,residual_density,3.0469e-05
profile,29,0.0005,1.5,q,0.006
profile,29,0.0005,1.5,residual_tie_rate,0
profile,29,0.0005,1.5,pairing_tie_rate,0.0025
profile,29,0.0005,1.5,mean_restarts,0
profile,29,0.0005,1.5,isect_mode_bitset,0
profile,29,0.0005,1.5,isect_bytes,143883
profile,29,0.0005,1.5,isect_scan_bytes,140361
profile,29,0.0005,1.5,isect_hit_bytes,3522
profile,29,0.0005,1.5,isect_bytes_other_mode,187718
profile,29,0.0005,1.5,isect_bytes_per_defect,730.661
profile,29,0.0005,1.5,isect_scan_bytes_per_defect,712.776
profile,29,0.0005,1.5,isect_hit_bytes_per_defect,17.8853
profile,29,0.0005,1.5,isect_bytes_other_mode_per_defect,953.261
profile,29,0.0005,1.5,max_isect_bytes,206776
profile,29,0.0005,1.5,max_isect_scan_bytes,200896
profile,29,0.0005,1.5,max_isect_hit_bytes,6184
profile,29,0.0005,1.5,max_isect_bytes_other_mode,268160
profile,29,0.0005,1.5,p99_isect_bytes,188321
profile,29,0.0005,1.5,p999_isect_bytes,204568
profile,29,0.0005,1.5,hbld_edges_written,187.013
profile,29,0.0005,1.5,max_hbld_edges_written,343
profile,29,0.0005,1.5,p99_hbld_edges_written,283
profile,29,0.0005,1.5,p999_hbld_edges_written,318
profile,29,0.0005,1.5,h_max_degree,12
profile,29,0.0005,1.5,mwpm_init_elements,565.602
profile,29,0.0005,1.5,mwpm_init_node_elements,210.73
profile,29,0.0005,1.5,mwpm_init_edge_elements,354.873
profile,29,0.0005,1.5,max_mwpm_init_elements,938
profile,29,0.0005,1.5,p99_mwpm_init_elements,796
profile,29,0.0005,1.5,p999_mwpm_init_elements,867
profile,29,0.0005,2,mean_total_ns,221227
profile,29,0.0005,2,mean_g_reference_ns,147255
profile,29,0.0005,2,speedup_vs_m1,0.665627
profile,29,0.0005,2,mean_stock_ns,109551
profile,29,0.0005,2,p50_total_ns,218155
profile,29,0.0005,2,p99_total_ns,308758
profile,29,0.0005,2,p999_total_ns,445709
profile,29,0.0005,2,mean_h_nodes,196.922
profile,29,0.0005,2,mean_h_edges,251.572
profile,29,0.0005,2,mean_degree,2.55505
profile,29,0.0005,2,max_degree,15
profile,29,0.0005,2,frac_intersect,0.582013
profile,29,0.0005,2,frac_h_build,0.0174314
profile,29,0.0005,2,frac_mwpm_build,0.0845912
profile,29,0.0005,2,frac_blossom_on_h,0.242486
profile,29,0.0005,2,frac_harvest,0.0635984
profile,29,0.0005,2,residual_density,0
profile,29,0.0005,2,q,0
profile,29,0.0005,2,residual_tie_rate,0
profile,29,0.0005,2,pairing_tie_rate,0.0025
profile,29,0.0005,2,mean_restarts,0
profile,29,0.0005,2,isect_mode_bitset,0
profile,29,0.0005,2,isect_bytes,302059
profile,29,0.0005,2,isect_scan_bytes,296871
profile,29,0.0005,2,isect_hit_bytes,5188.38
profile,29,0.0005,2,isect_bytes_other_mode,187718
profile,29,0.0005,2,isect_bytes_per_defect,1533.91
profile,29,0.0005,2,isect_scan_bytes_per_defect,1507.56
profile,29,0.0005,2,isect_hit_bytes_per_defect,26.3475
profile,29,0.0005,2,isect_bytes_other_mode_per_defect,953.261
profile,29,0.0005,2,max_isect_bytes,434880
profile,29,0.0005,2,max_isect_scan_bytes,425856
profile,29,0.0005,2,max_isect_hit_bytes,9264
profile,29,0.0005,2,max_isect_bytes_other_mode,268160
profile,29,0.0005,2,p99_isect_bytes,392900
profile,29,0.0005,2,p999_isect_bytes,430522
profile,29,0.0005,2,hbld_edges_written,289.831
profile,29,0.0005,2,max_hbld_edges_written,533
profile,29,0.0005,2,p99_hbld_edges_written,446
profile,29,0.0005,2,p999_hbld_edges_written,519
profile,29,0.0005,2,h_max_degree,15
profile,29,0.0005,2,mwpm_init_elements,752.133
profile,29,0.0005,2,mwpm_init_node_elements,210.73
profile,29,0.0005,2,mwpm_init_edge_elements,541.403
profile,29,0.0005,2,max_mwpm_init_elements,1294
profile,29,0.0005,2,p99_mwpm_init_elements,1100
profile,29,0.0005,2,p999_mwpm_init_elements,1257
profile,29,0.001,1.5,mean_total_ns,365733
profile,29,0.001,1.5,mean_g_reference_ns,303022
profile,29,0.001,1.5,speedup_vs_m1,0.828534
profile,29,0.001,1.5,mean_stock_ns,243453
profile,29,0.001,1.5,p50_total_ns,362330
profile,29,0.001,1.5,p99_total_ns,486766
profile,29,0.001,1.5,p999_total_ns,696806
profile,29,0.001,1.5,mean_h_nodes,390.524
profile,29,0.001,1.5,mean_h_edges,468.481
profile,29,0.001,1.5,mean_degree,2.39925
profile,29,0.001,1.5,max_degree,15
profile,29,0.001,1.5,frac_intersect,0.418545
profile,29,0.001,1.5,frac_h_build,0.0193214
profile,29,0.001,1.5,frac_mwpm_build,0.118136
profile,29,0.001,1.5,frac_blossom_on_h,0.350422
profile,29,0.001,1.5,frac_harvest,0.080886
profile,29,0.001,1.5,residual_density,0.000106268
profile,29,0.001,1.5,q,0.04
profile,29,0.001,1.5,residual_tie_rate,0
profile,29,0.001,1.5,pairing_tie_rate,0.0085
profile,29,0.001,1.5,mean_restarts,0
profile,29,0.001,1.5,isect_mode_bitset,0
profile,29,0.001,1.5,isect_bytes,287932
profile,29,0.001,1.5,isect_scan_bytes,278780
profile,29,0.001,1.5,isect_hit_bytes,9151.68
profile,29,0.001,1.5,isect_bytes_other_mode,372333
profile,29,0.001,1.5,isect_bytes_per_defect,737.296
profile,29,0.001,1.5,isect_scan_bytes_per_defect,713.862
profile,29,0.001,1.5,isect_hit_bytes_per_defect,23.4344
profile,29,0.001,1.5,isect_bytes_other_mode_per_defect,953.42
profile,29,0.001,1.5,max_isect_bytes,360863
profile,29,0.001,1.5,max_isect_scan_bytes,346904
profile,29,0.001,1.5,max_isect_hit_bytes,13959
profile,29,0.001,1.5,max_isect_bytes_other_mode,478688
profile,29,0.001,1.5,p99_isect_bytes,343133
profile,29,0.001,1.5,p999_isect_bytes,358317
profile,29,0.001,1.5,hbld_edges_written,506.349
profile,29,0.001,1.5,max_hbld_edges_written,790
profile,29,0.001,1.5,p99_hbld_edges_written,681
profile,29,0.001,1.5,p999_hbld_edges_written,747
profile,29,0.001,1.5,h_max_degree,15
profile,29,0.001,1.5,mwpm_init_elements,1383.77
profile,29,0.001,1.5,mwpm_init_node_elements,408.942
profile,29,0.001,1.5,mwpm_init_edge_elements,974.83
profile,29,0.001,1.5,max_mwpm_init_elements,2036
profile,29,0.001,1.5,p99_mwpm_init_elements,1769
profile,29,0.001,1.5,p999_mwpm_init_elements,1929
profile,29,0.001,2,mean_total_ns,542825
profile,29,0.001,2,mean_g_reference_ns,314195
profile,29,0.001,2,speedup_vs_m1,0.578815
profile,29,0.001,2,mean_stock_ns,243453
profile,29,0.001,2,p50_total_ns,538084
profile,29,0.001,2,p99_total_ns,714399
profile,29,0.001,2,p999_total_ns,889363
profile,29,0.001,2,mean_h_nodes,390.524
profile,29,0.001,2,mean_h_edges,803.482
profile,29,0.001,2,mean_degree,4.1149
profile,29,0.001,2,max_degree,22
profile,29,0.001,2,frac_intersect,0.507281
profile,29,0.001,2,frac_h_build,0.0259221
profile,29,0.001,2,frac_mwpm_build,0.122377
profile,29,0.001,2,frac_blossom_on_h,0.279497
profile,29,0.001,2,frac_harvest,0.0553553
profile,29,0.001,2,residual_density,5.12133e-06
profile,29,0.001,2,q,0.002
profile,29,0.001,2,residual_tie_rate,0
profile,29,0.001,2,pairing_tie_rate,0.009
profile,29,0.001,2,mean_restarts,0
profile,29,0.001,2,isect_mode_bitset,0
profile,29,0.001,2,isect_bytes,613081
profile,29,0.001,2,isect_scan_bytes,597916
profile,29,0.001,2,isect_hit_bytes,15165.1
profile,29,0.001,2,isect_bytes_other_mode,372333
profile,29,0.001,2,isect_bytes_per_defect,1569.89
profile,29,0.001,2,isect_scan_bytes_per_defect,1531.06
profile,29,0.001,2,isect_hit_bytes_per_defect,38.8328
profile,29,0.001,2,isect_bytes_other_mode_per_defect,953.42
profile,29,0.001,2,max_isect_bytes,766170
profile,29,0.001,2,max_isect_scan_bytes,744600
profile,29,0.001,2,max_isect_hit_bytes,24075
profile,29,0.001,2,max_isect_bytes_other_mode,478688
profile,29,0.001,2,p99_isect_bytes,730906
profile,29,0.001,2,p999_isect_bytes,763475
profile,29,0.001,2,hbld_edges_written,879.238
profile,29,0.001,2,max_hbld_edges_written,1417
profile,29,0.001,2,p99_hbld_edges_written,1202
profile,29,0.001,2,p999_hbld_edges_written,1320
profile,29,0.001,2,h_max_degree,22
profile,29,0.001,2,mwpm_init_elements,2091.66
profile,29,0.001,2,mwpm_init_node_elements,408.942
profile,29,0.001,2,mwpm_init_edge_elements,1682.72
profile,29,0.001,2,max_mwpm_init_elements,3224
profile,29,0.001,2,p99_mwpm_init_elements,2769
profile,29,0.001,2,p999_mwpm_init_elements,3031
ler,5,0.0001,2,ler_exact,0
ler,5,0.0001,2,ler_m1,0
ler,5,0.0001,2,ler_m2,0
ler,5,0.0001,2,shots,10000
ler,5,0.0003,2,ler_exact,0
ler,5,0.0003,2,ler_m1,0
ler,5,0.0003,2,ler_m2,0
ler,5,0.0003,2,shots,10000
ler,5,0.0005,2,ler_exact,0.0001
ler,5,0.0005,2,ler_m1,0.0001
ler,5,0.0005,2,ler_m2,0.0001
ler,5,0.0005,2,shots,10000
ler,5,0.001,2,ler_exact,0
ler,5,0.001,2,ler_m1,0
ler,5,0.001,2,ler_m2,0
ler,5,0.001,2,shots,10000
ler,7,0.0001,2,ler_exact,0
ler,7,0.0001,2,ler_m1,0
ler,7,0.0001,2,ler_m2,0
ler,7,0.0001,2,shots,10000
ler,7,0.0003,2,ler_exact,0
ler,7,0.0003,2,ler_m1,0
ler,7,0.0003,2,ler_m2,0
ler,7,0.0003,2,shots,10000
ler,7,0.0005,2,ler_exact,0
ler,7,0.0005,2,ler_m1,0
ler,7,0.0005,2,ler_m2,0
ler,7,0.0005,2,shots,10000
ler,7,0.001,2,ler_exact,0
ler,7,0.001,2,ler_m1,0
ler,7,0.001,2,ler_m2,0
ler,7,0.001,2,shots,10000
ler,9,0.0001,2,ler_exact,0
ler,9,0.0001,2,ler_m1,0
ler,9,0.0001,2,ler_m2,0
ler,9,0.0001,2,shots,10000
ler,9,0.0003,2,ler_exact,0
ler,9,0.0003,2,ler_m1,0
ler,9,0.0003,2,ler_m2,0
ler,9,0.0003,2,shots,10000
ler,9,0.0005,2,ler_exact,0
ler,9,0.0005,2,ler_m1,0
ler,9,0.0005,2,ler_m2,0
ler,9,0.0005,2,shots,10000
ler,9,0.001,2,ler_exact,0
ler,9,0.001,2,ler_m1,0
ler,9,0.001,2,ler_m2,0
ler,9,0.001,2,shots,10000
ler,11,0.0001,2,ler_exact,0
ler,11,0.0001,2,ler_m1,0
ler,11,0.0001,2,ler_m2,0
ler,11,0.0001,2,shots,10000
ler,11,0.0003,2,ler_exact,0
ler,11,0.0003,2,ler_m1,0
ler,11,0.0003,2,ler_m2,0
ler,11,0.0003,2,shots,10000
ler,11,0.0005,2,ler_exact,0
ler,11,0.0005,2,ler_m1,0
ler,11,0.0005,2,ler_m2,0
ler,11,0.0005,2,shots,10000
ler,11,0.001,2,ler_exact,0
ler,11,0.001,2,ler_m1,0
ler,11,0.001,2,ler_m2,0
ler,11,0.001,2,shots,10000
ler,13,0.0001,2,ler_exact,0
ler,13,0.0001,2,ler_m1,0
ler,13,0.0001,2,ler_m2,0
ler,13,0.0001,2,shots,10000
ler,13,0.0003,2,ler_exact,0
ler,13,0.0003,2,ler_m1,0
ler,13,0.0003,2,ler_m2,0
ler,13,0.0003,2,shots,10000
ler,13,0.0005,2,ler_exact,0
ler,13,0.0005,2,ler_m1,0
ler,13,0.0005,2,ler_m2,0
ler,13,0.0005,2,shots,10000
ler,13,0.001,2,ler_exact,0
ler,13,0.001,2,ler_m1,0
ler,13,0.001,2,ler_m2,0
ler,13,0.001,2,shots,10000
ler,15,0.0001,2,ler_exact,0
ler,15,0.0001,2,ler_m1,0
ler,15,0.0001,2,ler_m2,0
ler,15,0.0001,2,shots,10000
ler,15,0.0003,2,ler_exact,0
ler,15,0.0003,2,ler_m1,0
ler,15,0.0003,2,ler_m2,0
ler,15,0.0003,2,shots,10000
ler,15,0.0005,2,ler_exact,0
ler,15,0.0005,2,ler_m1,0
ler,15,0.0005,2,ler_m2,0
ler,15,0.0005,2,shots,10000
ler,15,0.001,2,ler_exact,0
ler,15,0.001,2,ler_m1,0
ler,15,0.001,2,ler_m2,0
ler,15,0.001,2,shots,10000
ler,17,0.0001,2,ler_exact,0
ler,17,0.0001,2,ler_m1,0
ler,17,0.0001,2,ler_m2,0
ler,17,0.0001,2,shots,10000
ler,17,0.0003,2,ler_exact,0
ler,17,0.0003,2,ler_m1,0
ler,17,0.0003,2,ler_m2,0
ler,17,0.0003,2,shots,10000
ler,17,0.0005,2,ler_exact,0
ler,17,0.0005,2,ler_m1,0
ler,17,0.0005,2,ler_m2,0
ler,17,0.0005,2,shots,10000
ler,17,0.001,2,ler_exact,0
ler,17,0.001,2,ler_m1,0
ler,17,0.001,2,ler_m2,0
ler,17,0.001,2,shots,10000
ler,23,0.0001,2,ler_exact,0
ler,23,0.0001,2,ler_m1,0
ler,23,0.0001,2,ler_m2,0
ler,23,0.0001,2,shots,10000
ler,23,0.0003,2,ler_exact,0
ler,23,0.0003,2,ler_m1,0
ler,23,0.0003,2,ler_m2,0
ler,23,0.0003,2,shots,10000
ler,23,0.0005,2,ler_exact,0
ler,23,0.0005,2,ler_m1,0
ler,23,0.0005,2,ler_m2,0
ler,23,0.0005,2,shots,10000
ler,23,0.001,2,ler_exact,0
ler,23,0.001,2,ler_m1,0
ler,23,0.001,2,ler_m2,0
ler,23,0.001,2,shots,10000
ler,29,0.0001,2,ler_exact,0
ler,29,0.0001,2,ler_m1,0
ler,29,0.0001,2,ler_m2,0
ler,29,0.0001,2,shots,10000
ler,29,0.0003,2,ler_exact,0
ler,29,0.0003,2,ler_m1,0
ler,29,0.0003,2,ler_m2,0
ler,29,0.0003,2,shots,10000
ler,29,0.0005,2,ler_exact,0
ler,29,0.0005,2,ler_m1,0
ler,29,0.0005,2,ler_m2,0
ler,29,0.0005,2,shots,10000
ler,29,0.001,2,ler_exact,0
ler,29,0.001,2,ler_m1,0
ler,29,0.001,2,ler_m2,0
ler,29,0.001,2,shots,10000
ler_fit,0,0.0001,2,slope_exact,0
ler_fit,0,0.0001,2,stderr_exact,0
ler_fit,0,0.0001,2,slope_m1,0
ler_fit,0,0.0001,2,stderr_m1,0
ler_fit,0,0.0001,2,slope_m2,0
ler_fit,0,0.0001,2,stderr_m2,0
ler_fit,0,0.0003,2,slope_exact,0
ler_fit,0,0.0003,2,stderr_exact,0
ler_fit,0,0.0003,2,slope_m1,0
ler_fit,0,0.0003,2,stderr_m1,0
ler_fit,0,0.0003,2,slope_m2,0
ler_fit,0,0.0003,2,stderr_m2,0
ler_fit,0,0.0005,2,slope_exact,0
ler_fit,0,0.0005,2,stderr_exact,0
ler_fit,0,0.0005,2,slope_m1,0
ler_fit,0,0.0005,2,stderr_m1,0
ler_fit,0,0.0005,2,slope_m2,0
ler_fit,0,0.0005,2,stderr_m2,0
ler_fit,0,0.001,2,slope_exact,0
ler_fit,0,0.001,2,stderr_exact,0
ler_fit,0,0.001,2,slope_m1,0
ler_fit,0,0.001,2,stderr_m1,0
ler_fit,0,0.001,2,slope_m2,0
ler_fit,0,0.001,2,stderr_m2,0
