section,d,p,T,key,value
latency,5,0.0005,2,shots,20000
latency,5,0.0005,2,shots_escalated,0
latency,5,0.0005,2,q,0
latency,5,0.0005,2,mean_ns,824.185
latency,5,0.0005,2,p50_ns,401
latency,5,0.0005,2,p99_ns,4198
latency,5,0.0005,2,p999_ns,7664
latency,5,0.0005,2,p9999_ns,11492
latency,5,0.0005,2,max_ns,34405
latency,5,0.0005,2,stock_mean_ns,230.547
latency,5,0.0005,2,speedup_vs_stock,0.279727
latency,5,0.0005,2,contaminated_shot_rate,0
latency,5,0.0005,2,amortised_mean_ns,755.407
latency,5,0.0005,2,amortisation_gap,0.08345
frontend,5,0.0005,2,stock_mean_ns,230.547
frontend,5,0.0005,2,m1_phase1_on_g_ns,279.016
frontend,5,0.0005,2,m2_phase1_on_h_ns,724.635
frontend,5,0.0005,2,speedup_vs_m1,0.385043
frontend,5,0.0005,2,shots_sampled,4000
latency,5,0.001,2,shots,20000
latency,5,0.001,2,shots_escalated,0
latency,5,0.001,2,q,0
latency,5,0.001,2,mean_ns,1295.19
latency,5,0.001,2,p50_ns,882
latency,5,0.001,2,p99_ns,6072
latency,5,0.001,2,p999_ns,9808
latency,5,0.001,2,p9999_ns,16160
latency,5,0.001,2,max_ns,25768
latency,5,0.001,2,stock_mean_ns,429.824
latency,5,0.001,2,speedup_vs_stock,0.331862
latency,5,0.001,2,contaminated_shot_rate,0
latency,5,0.001,2,amortised_mean_ns,1226.86
latency,5,0.001,2,amortisation_gap,0.0527541
frontend,5,0.001,2,stock_mean_ns,429.824
frontend,5,0.001,2,m1_phase1_on_g_ns,485.606
frontend,5,0.001,2,m2_phase1_on_h_ns,1228.15
frontend,5,0.001,2,speedup_vs_m1,0.395397
frontend,5,0.001,2,shots_sampled,4000
latency,5,0.003,2,shots,20000
latency,5,0.003,2,shots_escalated,0
latency,5,0.003,2,q,0
latency,5,0.003,2,mean_ns,3459.48
latency,5,0.003,2,p50_ns,2745
latency,5,0.003,2,p99_ns,12854
latency,5,0.003,2,p999_ns,21110
latency,5,0.003,2,p9999_ns,30999
latency,5,0.003,2,max_ns,47880
latency,5,0.003,2,stock_mean_ns,1363.83
latency,5,0.003,2,speedup_vs_stock,0.394231
latency,5,0.003,2,contaminated_shot_rate,0.0002
latency,5,0.003,2,amortised_mean_ns,3391.09
latency,5,0.003,2,amortisation_gap,0.0197674
frontend,5,0.003,2,stock_mean_ns,1363.83
frontend,5,0.003,2,m1_phase1_on_g_ns,1427.17
frontend,5,0.003,2,m2_phase1_on_h_ns,3332.96
frontend,5,0.003,2,speedup_vs_m1,0.4282
frontend,5,0.003,2,shots_sampled,4000
latency,5,0.005,2,shots,20000
latency,5,0.005,2,shots_escalated,0
latency,5,0.005,2,q,0
latency,5,0.005,2,mean_ns,6019.92
latency,5,0.005,2,p50_ns,5019
latency,5,0.005,2,p99_ns,20178
latency,5,0.005,2,p999_ns,31940
latency,5,0.005,2,p9999_ns,46608
latency,5,0.005,2,max_ns,56196
latency,5,0.005,2,stock_mean_ns,2504.75
latency,5,0.005,2,speedup_vs_stock,0.416076
latency,5,0.005,2,contaminated_shot_rate,0.0002
latency,5,0.005,2,amortised_mean_ns,5951.65
latency,5,0.005,2,amortisation_gap,0.0113404
frontend,5,0.005,2,stock_mean_ns,2504.75
frontend,5,0.005,2,m1_phase1_on_g_ns,2657.69
frontend,5,0.005,2,m2_phase1_on_h_ns,6168.27
frontend,5,0.005,2,speedup_vs_m1,0.430865
frontend,5,0.005,2,shots_sampled,4000
latency,7,0.0005,2,shots,20000
latency,7,0.0005,2,shots_escalated,0
latency,7,0.0005,2,q,0
latency,7,0.0005,2,mean_ns,2092.45
latency,7,0.0005,2,p50_ns,1652
latency,7,0.0005,2,p99_ns,8726
latency,7,0.0005,2,p999_ns,14327
latency,7,0.0005,2,p9999_ns,24486
latency,7,0.0005,2,max_ns,26510
latency,7,0.0005,2,stock_mean_ns,590.434
latency,7,0.0005,2,speedup_vs_stock,0.282173
latency,7,0.0005,2,contaminated_shot_rate,0.00015
latency,7,0.0005,2,amortised_mean_ns,2023.68
latency,7,0.0005,2,amortisation_gap,0.0328692
frontend,7,0.0005,2,stock_mean_ns,590.434
frontend,7,0.0005,2,m1_phase1_on_g_ns,686.831
frontend,7,0.0005,2,m2_phase1_on_h_ns,2165.13
frontend,7,0.0005,2,speedup_vs_m1,0.317224
frontend,7,0.0005,2,shots_sampled,4000
latency,7,0.001,2,shots,20000
latency,7,0.001,2,shots_escalated,2
latency,7,0.001,2,q,0.0001
latency,7,0.001,2,mean_ns,3907.34
latency,7,0.001,2,p50_ns,3327
latency,7,0.001,2,p99_ns,13134
latency,7,0.001,2,p999_ns,21170
latency,7,0.001,2,p9999_ns,36138
latency,7,0.001,2,max_ns,64913
latency,7,0.001,2,stock_mean_ns,1178.35
latency,7,0.001,2,speedup_vs_stock,0.301574
latency,7,0.001,2,contaminated_shot_rate,0.0001
latency,7,0.001,2,amortised_mean_ns,3838.14
latency,7,0.001,2,amortisation_gap,0.0177097
frontend,7,0.001,2,stock_mean_ns,1178.35
frontend,7,0.001,2,m1_phase1_on_g_ns,1210.59
frontend,7,0.001,2,m2_phase1_on_h_ns,3736.97
frontend,7,0.001,2,speedup_vs_m1,0.32395
frontend,7,0.001,2,shots_sampled,4000
latency,7,0.003,2,shots,20000
latency,7,0.003,2,shots_escalated,3
latency,7,0.003,2,q,0.00015
latency,7,0.003,2,mean_ns,12470.1
latency,7,0.003,2,p50_ns,11301
latency,7,0.003,2,p99_ns,32070
latency,7,0.003,2,p999_ns,44965
latency,7,0.003,2,p9999_ns,61496
latency,7,0.003,2,max_ns,90872
latency,7,0.003,2,stock_mean_ns,4225.85
latency,7,0.003,2,speedup_vs_stock,0.338879
latency,7,0.003,2,contaminated_shot_rate,0.0006
latency,7,0.003,2,amortised_mean_ns,12399.6
latency,7,0.003,2,amortisation_gap,0.00565019
frontend,7,0.003,2,stock_mean_ns,4225.85
frontend,7,0.003,2,m1_phase1_on_g_ns,4340.44
frontend,7,0.003,2,m2_phase1_on_h_ns,12575.5
frontend,7,0.003,2,speedup_vs_m1,0.345149
frontend,7,0.003,2,shots_sampled,4000
latency,7,0.005,2,shots,20000
latency,7,0.005,2,shots_escalated,22
latency,7,0.005,2,q,0.0011
latency,7,0.005,2,mean_ns,23443.4
latency,7,0.005,2,p50_ns,21841
latency,7,0.005,2,p99_ns,54433
latency,7,0.005,2,p999_ns,73799
latency,7,0.005,2,p9999_ns,111861
latency,7,0.005,2,max_ns,129254
latency,7,0.005,2,stock_mean_ns,8395.04
latency,7,0.005,2,speedup_vs_stock,0.358097
latency,7,0.005,2,contaminated_shot_rate,0.0027
latency,7,0.005,2,amortised_mean_ns,23368.2
latency,7,0.005,2,amortisation_gap,0.00320864
frontend,7,0.005,2,stock_mean_ns,8395.04
frontend,7,0.005,2,m1_phase1_on_g_ns,8515.45
frontend,7,0.005,2,m2_phase1_on_h_ns,23357.4
frontend,7,0.005,2,speedup_vs_m1,0.364572
frontend,7,0.005,2,shots_sampled,4000
latency,9,0.0005,2,shots,20000
latency,9,0.0005,2,shots_escalated,0
latency,9,0.0005,2,q,0
latency,9,0.0005,2,mean_ns,4649.58
latency,9,0.0005,2,p50_ns,3957
latency,9,0.0005,2,p99_ns,15138
latency,9,0.0005,2,p999_ns,23193
latency,9,0.0005,2,p9999_ns,30587
latency,9,0.0005,2,max_ns,35727
latency,9,0.0005,2,stock_mean_ns,1300.87
latency,9,0.0005,2,speedup_vs_stock,0.279782
latency,9,0.0005,2,contaminated_shot_rate,0.0003
latency,9,0.0005,2,amortised_mean_ns,4580.06
latency,9,0.0005,2,amortisation_gap,0.014952
frontend,9,0.0005,2,stock_mean_ns,1300.87
frontend,9,0.0005,2,m1_phase1_on_g_ns,1527.16
frontend,9,0.0005,2,m2_phase1_on_h_ns,4599.87
frontend,9,0.0005,2,speedup_vs_m1,0.332002
frontend,9,0.0005,2,shots_sampled,4000
latency,9,0.001,2,shots,20000
latency,9,0.001,2,shots_escalated,0
latency,9,0.001,2,q,0
latency,9,0.001,2,mean_ns,9296.89
latency,9,0.001,2,p50_ns,8396
latency,9,0.001,2,p99_ns,25608
latency,9,0.001,2,p999_ns,34816
latency,9,0.001,2,p9999_ns,44083
latency,9,0.001,2,max_ns,66575
latency,9,0.001,2,stock_mean_ns,2817.87
latency,9,0.001,2,speedup_vs_stock,0.303099
latency,9,0.001,2,contaminated_shot_rate,0.00035
latency,9,0.001,2,amortised_mean_ns,9228.91
latency,9,0.001,2,amortisation_gap,0.00731153
frontend,9,0.001,2,stock_mean_ns,2817.87
frontend,9,0.001,2,m1_phase1_on_g_ns,2988.49
frontend,9,0.001,2,m2_phase1_on_h_ns,9476.54
frontend,9,0.001,2,speedup_vs_m1,0.315356
frontend,9,0.001,2,shots_sampled,4000
latency,9,0.003,2,shots,20000
latency,9,0.003,2,shots_escalated,26
latency,9,0.003,2,q,0.0013
latency,9,0.003,2,mean_ns,32251.1
latency,9,0.003,2,p50_ns,30297
latency,9,0.003,2,p99_ns,66405
latency,9,0.003,2,p999_ns,91632
latency,9,0.003,2,p9999_ns,131136
latency,9,0.003,2,max_ns,141106
latency,9,0.003,2,stock_mean_ns,10332.3
latency,9,0.003,2,speedup_vs_stock,0.320369
latency,9,0.003,2,contaminated_shot_rate,0.0102
latency,9,0.003,2,amortised_mean_ns,32169.1
latency,9,0.003,2,amortisation_gap,0.0025433
frontend,9,0.003,2,stock_mean_ns,10332.3
frontend,9,0.003,2,m1_phase1_on_g_ns,10247
frontend,9,0.003,2,m2_phase1_on_h_ns,31700
frontend,9,0.003,2,speedup_vs_m1,0.323248
frontend,9,0.003,2,shots_sampled,4000
latency,9,0.005,2,shots,20000
latency,9,0.005,2,shots_escalated,59
latency,9,0.005,2,q,0.00295
latency,9,0.005,2,mean_ns,61716
latency,9,0.005,2,p50_ns,58521
latency,9,0.005,2,p99_ns,120888
latency,9,0.005,2,p999_ns,165422
latency,9,0.005,2,p9999_ns,195689
latency,9,0.005,2,max_ns,208614
latency,9,0.005,2,stock_mean_ns,21278.7
latency,9,0.005,2,speedup_vs_stock,0.344784
latency,9,0.005,2,contaminated_shot_rate,0.0142
latency,9,0.005,2,amortised_mean_ns,61619.3
latency,9,0.005,2,amortisation_gap,0.00156787
frontend,9,0.005,2,stock_mean_ns,21278.7
frontend,9,0.005,2,m1_phase1_on_g_ns,21606.1
frontend,9,0.005,2,m2_phase1_on_h_ns,61969.8
frontend,9,0.005,2,speedup_vs_m1,0.348656
frontend,9,0.005,2,shots_sampled,4000
latency,11,0.0005,2,shots,20000
latency,11,0.0005,2,shots_escalated,0
latency,11,0.0005,2,q,0
latency,11,0.0005,2,mean_ns,8761.23
latency,11,0.0005,2,p50_ns,7965
latency,11,0.0005,2,p99_ns,23194
latency,11,0.0005,2,p999_ns,32481
latency,11,0.0005,2,p9999_ns,52909
latency,11,0.0005,2,max_ns,95210
latency,11,0.0005,2,stock_mean_ns,2810.08
latency,11,0.0005,2,speedup_vs_stock,0.32074
latency,11,0.0005,2,contaminated_shot_rate,0.00145
latency,11,0.0005,2,amortised_mean_ns,8689.38
latency,11,0.0005,2,amortisation_gap,0.0082013
frontend,11,0.0005,2,stock_mean_ns,2810.08
frontend,11,0.0005,2,m1_phase1_on_g_ns,3106.23
frontend,11,0.0005,2,m2_phase1_on_h_ns,9242.31
frontend,11,0.0005,2,speedup_vs_m1,0.336088
frontend,11,0.0005,2,shots_sampled,4000
latency,11,0.001,2,shots,20000
latency,11,0.001,2,shots_escalated,1
latency,11,0.001,2,q,5e-05
latency,11,0.001,2,mean_ns,18591
latency,11,0.001,2,p50_ns,17553
latency,11,0.001,2,p99_ns,40997
latency,11,0.001,2,p999_ns,55975
latency,11,0.001,2,p9999_ns,71635
latency,11,0.001,2,max_ns,83077
latency,11,0.001,2,stock_mean_ns,6118.41
latency,11,0.001,2,speedup_vs_stock,0.329106
latency,11,0.001,2,contaminated_shot_rate,0.00375
latency,11,0.001,2,amortised_mean_ns,18518.1
latency,11,0.001,2,amortisation_gap,0.00392083
frontend,11,0.001,2,stock_mean_ns,6118.41
frontend,11,0.001,2,m1_phase1_on_g_ns,6872.86
frontend,11,0.001,2,m2_phase1_on_h_ns,19345.4
frontend,11,0.001,2,speedup_vs_m1,0.355271
frontend,11,0.001,2,shots_sampled,4000
latency,11,0.003,2,shots,20000
latency,11,0.003,2,shots_escalated,30
latency,11,0.003,2,q,0.0015
latency,11,0.003,2,mean_ns,69696.2
latency,11,0.003,2,p50_ns,65944
latency,11,0.003,2,p99_ns,139182
latency,11,0.003,2,p999_ns,202622
latency,11,0.003,2,p9999_ns,304323
latency,11,0.003,2,max_ns,323590
latency,11,0.003,2,stock_mean_ns,24269
latency,11,0.003,2,speedup_vs_stock,0.348211
latency,11,0.003,2,contaminated_shot_rate,0.0164
latency,11,0.003,2,amortised_mean_ns,69600.4
latency,11,0.003,2,amortisation_gap,0.00137355
frontend,11,0.003,2,stock_mean_ns,24269
frontend,11,0.003,2,m1_phase1_on_g_ns,23127.6
frontend,11,0.003,2,m2_phase1_on_h_ns,66731.9
frontend,11,0.003,2,speedup_vs_m1,0.346575
frontend,11,0.003,2,shots_sampled,4000
latency,11,0.005,2,shots,20000
latency,11,0.005,2,shots_escalated,128
latency,11,0.005,2,q,0.0064
latency,11,0.005,2,mean_ns,133615
latency,11,0.005,2,p50_ns,127149
latency,11,0.005,2,p99_ns,252175
latency,11,0.005,2,p999_ns,347975
latency,11,0.005,2,p9999_ns,437094
latency,11,0.005,2,max_ns,451651
latency,11,0.005,2,stock_mean_ns,47901.2
latency,11,0.005,2,speedup_vs_stock,0.358502
latency,11,0.005,2,contaminated_shot_rate,0.0285
latency,11,0.005,2,amortised_mean_ns,133501
latency,11,0.005,2,amortisation_gap,0.000856309
frontend,11,0.005,2,stock_mean_ns,47901.2
frontend,11,0.005,2,m1_phase1_on_g_ns,50973.3
frontend,11,0.005,2,m2_phase1_on_h_ns,135631
frontend,11,0.005,2,speedup_vs_m1,0.375823
frontend,11,0.005,2,shots_sampled,4000
latency,13,0.0005,2,shots,20000
latency,13,0.0005,2,shots_escalated,0
latency,13,0.0005,2,q,0
latency,13,0.0005,2,mean_ns,15574
latency,13,0.0005,2,p50_ns,14528
latency,13,0.0005,2,p99_ns,37641
latency,13,0.0005,2,p999_ns,57398
latency,13,0.0005,2,p9999_ns,74300
latency,13,0.0005,2,max_ns,198244
latency,13,0.0005,2,stock_mean_ns,6010.66
latency,13,0.0005,2,speedup_vs_stock,0.385943
latency,13,0.0005,2,contaminated_shot_rate,0.0028
latency,13,0.0005,2,amortised_mean_ns,15502.4
latency,13,0.0005,2,amortisation_gap,0.00459845
frontend,13,0.0005,2,stock_mean_ns,6010.66
frontend,13,0.0005,2,m1_phase1_on_g_ns,6876.03
frontend,13,0.0005,2,m2_phase1_on_h_ns,16248.3
frontend,13,0.0005,2,speedup_vs_m1,0.423185
frontend,13,0.0005,2,shots_sampled,4000
latency,13,0.001,2,shots,20000
latency,13,0.001,2,shots_escalated,1
latency,13,0.001,2,q,5e-05
latency,13,0.001,2,mean_ns,33712.8
latency,13,0.001,2,p50_ns,31991
latency,13,0.001,2,p99_ns,71195
latency,13,0.001,2,p999_ns,104738
latency,13,0.001,2,p9999_ns,149233
latency,13,0.001,2,max_ns,157779
latency,13,0.001,2,stock_mean_ns,12750.9
latency,13,0.001,2,speedup_vs_stock,0.378221
latency,13,0.001,2,contaminated_shot_rate,0.00735
latency,13,0.001,2,amortised_mean_ns,33633.5
latency,13,0.001,2,amortisation_gap,0.00235134
frontend,13,0.001,2,stock_mean_ns,12750.9
frontend,13,0.001,2,m1_phase1_on_g_ns,13323.2
frontend,13,0.001,2,m2_phase1_on_h_ns,34439.5
frontend,13,0.001,2,speedup_vs_m1,0.386858
frontend,13,0.001,2,shots_sampled,4000
latency,13,0.003,2,shots,20000
latency,13,0.003,2,shots_escalated,63
latency,13,0.003,2,q,0.00315
latency,13,0.003,2,mean_ns,132011
latency,13,0.003,2,p50_ns,124967
latency,13,0.003,2,p99_ns,252178
latency,13,0.003,2,p999_ns,352769
latency,13,0.003,2,p9999_ns,433633
latency,13,0.003,2,max_ns,444113
latency,13,0.003,2,stock_mean_ns,50100.1
latency,13,0.003,2,speedup_vs_stock,0.379514
latency,13,0.003,2,contaminated_shot_rate,0.02935
latency,13,0.003,2,amortised_mean_ns,131895
latency,13,0.003,2,amortisation_gap,0.000879375
frontend,13,0.003,2,stock_mean_ns,50100.1
frontend,13,0.003,2,m1_phase1_on_g_ns,48961.8
frontend,13,0.003,2,m2_phase1_on_h_ns,126419
frontend,13,0.003,2,speedup_vs_m1,0.387297
frontend,13,0.003,2,shots_sampled,4000
latency,13,0.005,2,shots,20000
latency,13,0.005,2,shots_escalated,270
latency,13,0.005,2,q,0.0135
latency,13,0.005,2,mean_ns,250157
latency,13,0.005,2,p50_ns,236849
latency,13,0.005,2,p99_ns,480350
latency,13,0.005,2,p999_ns,685500
latency,13,0.005,2,p9999_ns,924964
latency,13,0.005,2,max_ns,1.02437e+06
latency,13,0.005,2,stock_mean_ns,95797.1
latency,13,0.005,2,speedup_vs_stock,0.382949
latency,13,0.005,2,contaminated_shot_rate,0.0338
latency,13,0.005,2,amortised_mean_ns,250012
latency,13,0.005,2,amortisation_gap,0.000576806
frontend,13,0.005,2,stock_mean_ns,95797.1
frontend,13,0.005,2,m1_phase1_on_g_ns,113585
frontend,13,0.005,2,m2_phase1_on_h_ns,264507
frontend,13,0.005,2,speedup_vs_m1,0.42942
frontend,13,0.005,2,shots_sampled,4000
ball,5,0.005,0,bytes_total,288704
ball,5,0.005,0,bytes_paths,0
ball,5,0.005,0,mean_ball_size,93.65
ball,5,0.005,0,max_ball_size,116
ball,5,0.005,0,mean_degree_at_2T,7.16935
ball,5,0.005,0,max_degree_at_2T,23
ball,5,0.005,0,mode_bitset,0
ball,5,0.005,0,isect_bytes_per_defect,849.238
ball,5,0.005,0,isect_bytes_other_mode_per_defect,16
ball,5,0.005,0,hbld_edges_written,33.8945
ball,5,0.005,0,mwpm_init_elements,69.9365
ball,5,0.005,0,compile_wall_seconds,0.00218617
ball,7,0.005,0,bytes_total,1.06652e+06
ball,7,0.005,0,bytes_paths,0
ball,7,0.005,0,mean_ball_size,124.548
ball,7,0.005,0,max_ball_size,182
ball,7,0.005,0,mean_degree_at_2T,9.78194
ball,7,0.005,0,max_degree_at_2T,33
ball,7,0.005,0,mode_bitset,0
ball,7,0.005,0,isect_bytes_per_defect,1126.48
ball,7,0.005,0,isect_bytes_other_mode_per_defect,45.3961
ball,7,0.005,0,hbld_edges_written,124.137
ball,7,0.005,0,mwpm_init_elements,257.65
ball,7,0.005,0,compile_wall_seconds,0.00553088
ball,9,0.005,0,bytes_total,2.582e+06
ball,9,0.005,0,bytes_paths,0
ball,9,0.005,0,mean_ball_size,140.333
ball,9,0.005,0,max_ball_size,225
ball,9,0.005,0,mean_degree_at_2T,11.1771
ball,9,0.005,0,max_degree_at_2T,35
ball,9,0.005,0,mode_bitset,0
ball,9,0.005,0,isect_bytes_per_defect,1260.18
ball,9,0.005,0,isect_bytes_other_mode_per_defect,81.3138
ball,9,0.005,0,hbld_edges_written,305.875
ball,9,0.005,0,mwpm_init_elements,637.33
ball,9,0.005,0,compile_wall_seconds,0.0123843
ball,11,0.005,0,bytes_total,5.17266e+06
ball,11,0.005,0,bytes_paths,0
ball,11,0.005,0,mean_ball_size,151.848
ball,11,0.005,0,max_ball_size,241
ball,11,0.005,0,mean_degree_at_2T,12.3155
ball,11,0.005,0,max_degree_at_2T,42
ball,11,0.005,0,mode_bitset,0
ball,11,0.005,0,isect_bytes_per_defect,1362.99
ball,11,0.005,0,isect_bytes_other_mode_per_defect,128.178
ball,11,0.005,0,hbld_edges_written,617.255
ball,11,0.005,0,mwpm_init_elements,1289.32
ball,11,0.005,0,compile_wall_seconds,0.0210627
ball,13,0.005,0,bytes_total,9.19618e+06
ball,13,0.005,0,bytes_paths,0
ball,13,0.005,0,mean_ball_size,160.777
ball,13,0.005,0,max_ball_size,242
ball,13,0.005,0,mean_degree_at_2T,13.0898
ball,13,0.005,0,max_degree_at_2T,40
ball,13,0.005,0,mode_bitset,0
ball,13,0.005,0,isect_bytes_per_defect,1437.93
ball,13,0.005,0,isect_bytes_other_mode_per_defect,186.081
ball,13,0.005,0,hbld_edges_written,1086.96
ball,13,0.005,0,mwpm_init_elements,2274.66
ball,13,0.005,0,compile_wall_seconds,0.0301273
ler,5,0.0005,2,two_phase_ler,5e-05
ler,5,0.0005,2,exact_ler,5e-05
ler,5,0.0005,2,shots,20000
ler,7,0.0005,2,two_phase_ler,0
ler,7,0.0005,2,exact_ler,0
ler,7,0.0005,2,shots,20000
ler,9,0.0005,2,two_phase_ler,0
ler,9,0.0005,2,exact_ler,0
ler,9,0.0005,2,shots,20000
ler,11,0.0005,2,two_phase_ler,0
ler,11,0.0005,2,exact_ler,0
ler,11,0.0005,2,shots,20000
ler,13,0.0005,2,two_phase_ler,0
ler,13,0.0005,2,exact_ler,0
ler,13,0.0005,2,shots,20000
ler,0,0.0005,2,slope_two_phase,0
ler,0,0.0005,2,slope_two_phase_stderr,0
ler,0,0.0005,2,slope_exact,0
ler,0,0.0005,2,slope_exact_stderr,0
ler,0,0.0005,2,fit_points,1
ler,0,0.0005,2,prediction_disagreements,0
ler,5,0.001,2,two_phase_ler,5e-05
ler,5,0.001,2,exact_ler,5e-05
ler,5,0.001,2,shots,20000
ler,7,0.001,2,two_phase_ler,5e-05
ler,7,0.001,2,exact_ler,5e-05
ler,7,0.001,2,shots,20000
ler,9,0.001,2,two_phase_ler,0
ler,9,0.001,2,exact_ler,0
ler,9,0.001,2,shots,20000
ler,11,0.001,2,two_phase_ler,0
ler,11,0.001,2,exact_ler,0
ler,11,0.001,2,shots,20000
ler,13,0.001,2,two_phase_ler,0
ler,13,0.001,2,exact_ler,0
ler,13,0.001,2,shots,20000
ler,0,0.001,2,slope_two_phase,0
ler,0,0.001,2,slope_two_phase_stderr,0
ler,0,0.001,2,slope_exact,0
ler,0,0.001,2,slope_exact_stderr,0
ler,0,0.001,2,fit_points,2
ler,0,0.001,2,prediction_disagreements,0
ler,5,0.003,2,two_phase_ler,0.0017
ler,5,0.003,2,exact_ler,0.0017
ler,5,0.003,2,shots,20000
ler,7,0.003,2,two_phase_ler,0.001
ler,7,0.003,2,exact_ler,0.001
ler,7,0.003,2,shots,20000
ler,9,0.003,2,two_phase_ler,0
ler,9,0.003,2,exact_ler,0
ler,9,0.003,2,shots,20000
ler,11,0.003,2,two_phase_ler,0
ler,11,0.003,2,exact_ler,0
ler,11,0.003,2,shots,20000
ler,13,0.003,2,two_phase_ler,0
ler,13,0.003,2,exact_ler,0
ler,13,0.003,2,shots,20000
ler,0,0.003,2,slope_two_phase,0
ler,0,0.003,2,slope_two_phase_stderr,0
ler,0,0.003,2,slope_exact,0
ler,0,0.003,2,slope_exact_stderr,0
ler,0,0.003,2,fit_points,2
ler,0,0.003,2,prediction_disagreements,0
ler,5,0.005,2,two_phase_ler,0.00965
ler,5,0.005,2,exact_ler,0.00965
ler,5,0.005,2,shots,20000
ler,7,0.005,2,two_phase_ler,0.0052
ler,7,0.005,2,exact_ler,0.0052
ler,7,0.005,2,shots,20000
ler,9,0.005,2,two_phase_ler,0.00355
ler,9,0.005,2,exact_ler,0.00355
ler,9,0.005,2,shots,20000
ler,11,0.005,2,two_phase_ler,0.0017
ler,11,0.005,2,exact_ler,0.0017
ler,11,0.005,2,shots,20000
ler,13,0.005,2,two_phase_ler,0.0015
ler,13,0.005,2,exact_ler,0.0015
ler,13,0.005,2,shots,20000
ler,0,0.005,2,slope_two_phase,-0.242051
ler,0,0.005,2,slope_two_phase_stderr,0.0253575
ler,0,0.005,2,slope_exact,-0.242051
ler,0,0.005,2,slope_exact_stderr,0.0253575
ler,0,0.005,2,fit_points,5
ler,0,0.005,2,prediction_disagreements,0
heavy,5,0.0005,2,shot_1774,0
heavy,5,0.0005,2,shot_1774_num_defects,15
heavy,5,0.0005,2,shot_1774_phase1_ns,32823
heavy,5,0.0005,2,shot_1774_harvest_ns,1512
heavy,5,0.0005,2,shot_1774_escalation_ns,0
heavy,5,0.0005,2,shot_1774_stock_ns,0
heavy,5,0.0005,2,shot_1774_total_ns,34405
heavy,5,0.0005,2,shot_1774_exact_reference_ns,11572
heavy,5,0.0005,2,shot_1774_escalated,0
heavy,5,0.0005,2,shot_1774_contaminated,0
heavy,5,0.0005,2,shot_1827,0
heavy,5,0.0005,2,shot_1827_num_defects,9
heavy,5,0.0005,2,shot_1827_phase1_ns,7585
heavy,5,0.0005,2,shot_1827_harvest_ns,360
heavy,5,0.0005,2,shot_1827_escalation_ns,0
heavy,5,0.0005,2,shot_1827_stock_ns,0
heavy,5,0.0005,2,shot_1827_total_ns,8005
heavy,5,0.0005,2,shot_1827_exact_reference_ns,2364
heavy,5,0.0005,2,shot_1827_escalated,0
heavy,5,0.0005,2,shot_1827_contaminated,0
heavy,5,0.0005,2,shot_1903,0
heavy,5,0.0005,2,shot_1903_num_defects,8
heavy,5,0.0005,2,shot_1903_phase1_ns,5451
heavy,5,0.0005,2,shot_1903_harvest_ns,220
heavy,5,0.0005,2,shot_1903_escalation_ns,0
heavy,5,0.0005,2,shot_1903_stock_ns,0
heavy,5,0.0005,2,shot_1903_total_ns,5731
heavy,5,0.0005,2,shot_1903_exact_reference_ns,1673
heavy,5,0.0005,2,shot_1903_escalated,0
heavy,5,0.0005,2,shot_1903_contaminated,0
heavy,5,0.0005,2,shot_2588,0
heavy,5,0.0005,2,shot_2588_num_defects,9
heavy,5,0.0005,2,shot_2588_phase1_ns,7694
heavy,5,0.0005,2,shot_2588_harvest_ns,261
heavy,5,0.0005,2,shot_2588_escalation_ns,0
heavy,5,0.0005,2,shot_2588_stock_ns,0
heavy,5,0.0005,2,shot_2588_total_ns,8015
heavy,5,0.0005,2,shot_2588_exact_reference_ns,3015
heavy,5,0.0005,2,shot_2588_escalated,0
heavy,5,0.0005,2,shot_2588_contaminated,0
heavy,5,0.0005,2,shot_5101,0
heavy,5,0.0005,2,shot_5101_num_defects,8
heavy,5,0.0005,2,shot_5101_phase1_ns,9228
heavy,5,0.0005,2,shot_5101_harvest_ns,530
heavy,5,0.0005,2,shot_5101_escalation_ns,0
heavy,5,0.0005,2,shot_5101_stock_ns,0
heavy,5,0.0005,2,shot_5101_total_ns,9839
heavy,5,0.0005,2,shot_5101_exact_reference_ns,5100
heavy,5,0.0005,2,shot_5101_escalated,0
heavy,5,0.0005,2,shot_5101_contaminated,0
heavy,5,0.0005,2,shot_5287,0
heavy,5,0.0005,2,shot_5287_num_defects,11
heavy,5,0.0005,2,shot_5287_phase1_ns,15479
heavy,5,0.0005,2,shot_5287_harvest_ns,702
heavy,5,0.0005,2,shot_5287_escalation_ns,0
heavy,5,0.0005,2,shot_5287_stock_ns,0
heavy,5,0.0005,2,shot_5287_total_ns,16251
heavy,5,0.0005,2,shot_5287_exact_reference_ns,9709
heavy,5,0.0005,2,shot_5287_escalated,0
heavy,5,0.0005,2,shot_5287_contaminated,0
heavy,5,0.0005,2,shot_5573,0
heavy,5,0.0005,2,shot_5573_num_defects,9
heavy,5,0.0005,2,shot_5573_phase1_ns,6162
heavy,5,0.0005,2,shot_5573_harvest_ns,241
heavy,5,0.0005,2,shot_5573_escalation_ns,0
heavy,5,0.0005,2,shot_5573_stock_ns,0
heavy,5,0.0005,2,shot_5573_total_ns,6483
heavy,5,0.0005,2,shot_5573_exact_reference_ns,2174
heavy,5,0.0005,2,shot_5573_escalated,0
heavy,5,0.0005,2,shot_5573_contaminated,0
heavy,5,0.0005,2,shot_5576,0
heavy,5,0.0005,2,shot_5576_num_defects,9
heavy,5,0.0005,2,shot_5576_phase1_ns,7624
heavy,5,0.0005,2,shot_5576_harvest_ns,331
heavy,5,0.0005,2,shot_5576_escalation_ns,0
heavy,5,0.0005,2,shot_5576_stock_ns,0
heavy,5,0.0005,2,shot_5576_total_ns,8015
heavy,5,0.0005,2,shot_5576_exact_reference_ns,4489
heavy,5,0.0005,2,shot_5576_escalated,0
heavy,5,0.0005,2,shot_5576_contaminated,0
heavy,5,0.0005,2,shot_5661,0
heavy,5,0.0005,2,shot_5661_num_defects,8
heavy,5,0.0005,2,shot_5661_phase1_ns,6362
heavy,5,0.0005,2,shot_5661_harvest_ns,230
heavy,5,0.0005,2,shot_5661_escalation_ns,0
heavy,5,0.0005,2,shot_5661_stock_ns,0
heavy,5,0.0005,2,shot_5661_total_ns,6662
heavy,5,0.0005,2,shot_5661_exact_reference_ns,2304
heavy,5,0.0005,2,shot_5661_escalated,0
heavy,5,0.0005,2,shot_5661_contaminated,0
heavy,5,0.0005,2,shot_5682,0
heavy,5,0.0005,2,shot_5682_num_defects,9
heavy,5,0.0005,2,shot_5682_phase1_ns,10260
heavy,5,0.0005,2,shot_5682_harvest_ns,340
heavy,5,0.0005,2,shot_5682_escalation_ns,0
heavy,5,0.0005,2,shot_5682_stock_ns,0
heavy,5,0.0005,2,shot_5682_total_ns,10670
heavy,5,0.0005,2,shot_5682_exact_reference_ns,6963
heavy,5,0.0005,2,shot_5682_escalated,0
heavy,5,0.0005,2,shot_5682_contaminated,0
heavy,5,0.0005,2,shot_7723,0
heavy,5,0.0005,2,shot_7723_num_defects,10
heavy,5,0.0005,2,shot_7723_phase1_ns,8446
heavy,5,0.0005,2,shot_7723_harvest_ns,261
heavy,5,0.0005,2,shot_7723_escalation_ns,0
heavy,5,0.0005,2,shot_7723_stock_ns,0
heavy,5,0.0005,2,shot_7723_total_ns,8767
heavy,5,0.0005,2,shot_7723_exact_reference_ns,2064
heavy,5,0.0005,2,shot_7723_escalated,0
heavy,5,0.0005,2,shot_7723_contaminated,0
heavy,5,0.0005,2,shot_8544,0
heavy,5,0.0005,2,shot_8544_num_defects,8
heavy,5,0.0005,2,shot_8544_phase1_ns,7215
heavy,5,0.0005,2,shot_8544_harvest_ns,230
heavy,5,0.0005,2,shot_8544_escalation_ns,0
heavy,5,0.0005,2,shot_8544_stock_ns,0
heavy,5,0.0005,2,shot_8544_total_ns,7515
heavy,5,0.0005,2,shot_8544_exact_reference_ns,4709
heavy,5,0.0005,2,shot_8544_escalated,0
heavy,5,0.0005,2,shot_8544_contaminated,0
heavy,5,0.0005,2,shot_9761,0
heavy,5,0.0005,2,shot_9761_num_defects,8
heavy,5,0.0005,2,shot_9761_phase1_ns,8064
heavy,5,0.0005,2,shot_9761_harvest_ns,251
heavy,5,0.0005,2,shot_9761_escalation_ns,0
heavy,5,0.0005,2,shot_9761_stock_ns,0
heavy,5,0.0005,2,shot_9761_total_ns,8375
heavy,5,0.0005,2,shot_9761_exact_reference_ns,2685
heavy,5,0.0005,2,shot_9761_escalated,0
heavy,5,0.0005,2,shot_9761_contaminated,0
heavy,5,0.0005,2,shot_10115,0
heavy,5,0.0005,2,shot_10115_num_defects,8
heavy,5,0.0005,2,shot_10115_phase1_ns,5670
heavy,5,0.0005,2,shot_10115_harvest_ns,241
heavy,5,0.0005,2,shot_10115_escalation_ns,0
heavy,5,0.0005,2,shot_10115_stock_ns,0
heavy,5,0.0005,2,shot_10115_total_ns,5981
heavy,5,0.0005,2,shot_10115_exact_reference_ns,1634
heavy,5,0.0005,2,shot_10115_escalated,0
heavy,5,0.0005,2,shot_10115_contaminated,0
heavy,5,0.0005,2,shot_10123,0
heavy,5,0.0005,2,shot_10123_num_defects,8
heavy,5,0.0005,2,shot_10123_phase1_ns,5160
heavy,5,0.0005,2,shot_10123_harvest_ns,240
heavy,5,0.0005,2,shot_10123_escalation_ns,0
heavy,5,0.0005,2,shot_10123_stock_ns,0
heavy,5,0.0005,2,shot_10123_total_ns,5471
heavy,5,0.0005,2,shot_10123_exact_reference_ns,1393
heavy,5,0.0005,2,shot_10123_escalated,0
heavy,5,0.0005,2,shot_10123_contaminated,0
heavy,5,0.0005,2,shot_11013,0
heavy,5,0.0005,2,shot_11013_num_defects,9
heavy,5,0.0005,2,shot_11013_phase1_ns,8827
heavy,5,0.0005,2,shot_11013_harvest_ns,260
heavy,5,0.0005,2,shot_11013_escalation_ns,0
heavy,5,0.0005,2,shot_11013_stock_ns,0
heavy,5,0.0005,2,shot_11013_total_ns,9167
heavy,5,0.0005,2,shot_11013_exact_reference_ns,2044
heavy,5,0.0005,2,shot_11013_escalated,0
heavy,5,0.0005,2,shot_11013_contaminated,0
heavy,5,0.0005,2,shot_12045,0
heavy,5,0.0005,2,shot_12045_num_defects,8
heavy,5,0.0005,2,shot_12045_phase1_ns,7444
heavy,5,0.0005,2,shot_12045_harvest_ns,321
heavy,5,0.0005,2,shot_12045_escalation_ns,0
heavy,5,0.0005,2,shot_12045_stock_ns,0
heavy,5,0.0005,2,shot_12045_total_ns,7835
heavy,5,0.0005,2,shot_12045_exact_reference_ns,4078
heavy,5,0.0005,2,shot_12045_escalated,0
heavy,5,0.0005,2,shot_12045_contaminated,0
heavy,5,0.0005,2,shot_13223,0
heavy,5,0.0005,2,shot_13223_num_defects,9
heavy,5,0.0005,2,shot_13223_phase1_ns,6953
heavy,5,0.0005,2,shot_13223_harvest_ns,271
heavy,5,0.0005,2,shot_13223_escalation_ns,0
heavy,5,0.0005,2,shot_13223_stock_ns,0
heavy,5,0.0005,2,shot_13223_total_ns,7284
heavy,5,0.0005,2,shot_13223_exact_reference_ns,2304
heavy,5,0.0005,2,shot_13223_escalated,0
heavy,5,0.0005,2,shot_13223_contaminated,0
heavy,5,0.0005,2,shot_17748,0
heavy,5,0.0005,2,shot_17748_num_defects,12
heavy,5,0.0005,2,shot_17748_phase1_ns,10511
heavy,5,0.0005,2,shot_17748_harvest_ns,310
heavy,5,0.0005,2,shot_17748_escalation_ns,0
heavy,5,0.0005,2,shot_17748_stock_ns,0
heavy,5,0.0005,2,shot_17748_total_ns,10881
heavy,5,0.0005,2,shot_17748_exact_reference_ns,2745
heavy,5,0.0005,2,shot_17748_escalated,0
heavy,5,0.0005,2,shot_17748_contaminated,0
heavy,5,0.0005,2,shot_17867,0
heavy,5,0.0005,2,shot_17867_num_defects,8
heavy,5,0.0005,2,shot_17867_phase1_ns,6743
heavy,5,0.0005,2,shot_17867_harvest_ns,301
heavy,5,0.0005,2,shot_17867_escalation_ns,0
heavy,5,0.0005,2,shot_17867_stock_ns,0
heavy,5,0.0005,2,shot_17867_total_ns,7104
heavy,5,0.0005,2,shot_17867_exact_reference_ns,3467
heavy,5,0.0005,2,shot_17867_escalated,0
heavy,5,0.0005,2,shot_17867_contaminated,0
heavy,5,0.001,2,shot_423,0
heavy,5,0.001,2,shot_423_num_defects,11
heavy,5,0.001,2,shot_423_phase1_ns,11141
heavy,5,0.001,2,shot_423_harvest_ns,320
heavy,5,0.001,2,shot_423_escalation_ns,0
heavy,5,0.001,2,shot_423_stock_ns,0
heavy,5,0.001,2,shot_423_total_ns,11541
heavy,5,0.001,2,shot_423_exact_reference_ns,3456
heavy,5,0.001,2,shot_423_escalated,0
heavy,5,0.001,2,shot_423_contaminated,0
heavy,5,0.001,2,shot_3624,0
heavy,5,0.001,2,shot_3624_num_defects,10
heavy,5,0.001,2,shot_3624_phase1_ns,6712
heavy,5,0.001,2,shot_3624_harvest_ns,301
heavy,5,0.001,2,shot_3624_escalation_ns,0
heavy,5,0.001,2,shot_3624_stock_ns,0
heavy,5,0.001,2,shot_3624_total_ns,7083
heavy,5,0.001,2,shot_3624_exact_reference_ns,3988
heavy,5,0.001,2,shot_3624_escalated,0
heavy,5,0.001,2,shot_3624_contaminated,0
heavy,5,0.001,2,shot_4278,0
heavy,5,0.001,2,shot_4278_num_defects,12
heavy,5,0.001,2,shot_4278_phase1_ns,14206
heavy,5,0.001,2,shot_4278_harvest_ns,301
heavy,5,0.001,2,shot_4278_escalation_ns,0
heavy,5,0.001,2,shot_4278_stock_ns,0
heavy,5,0.001,2,shot_4278_total_ns,14577
heavy,5,0.001,2,shot_4278_exact_reference_ns,2744
heavy,5,0.001,2,shot_4278_escalated,0
heavy,5,0.001,2,shot_4278_contaminated,0
heavy,5,0.001,2,shot_4551,0
heavy,5,0.001,2,shot_4551_num_defects,11
heavy,5,0.001,2,shot_4551_phase1_ns,7674
heavy,5,0.001,2,shot_4551_harvest_ns,281
heavy,5,0.001,2,shot_4551_escalation_ns,0
heavy,5,0.001,2,shot_4551_stock_ns,0
heavy,5,0.001,2,shot_4551_total_ns,8015
heavy,5,0.001,2,shot_4551_exact_reference_ns,2294
heavy,5,0.001,2,shot_4551_escalated,0
heavy,5,0.001,2,shot_4551_contaminated,0
heavy,5,0.001,2,shot_4705,0
heavy,5,0.001,2,shot_4705_num_defects,13
heavy,5,0.001,2,shot_4705_phase1_ns,13786
heavy,5,0.001,2,shot_4705_harvest_ns,441
heavy,5,0.001,2,shot_4705_escalation_ns,0
heavy,5,0.001,2,shot_4705_stock_ns,0
heavy,5,0.001,2,shot_4705_total_ns,14297
heavy,5,0.001,2,shot_4705_exact_reference_ns,6172
heavy,5,0.001,2,shot_4705_escalated,0
heavy,5,0.001,2,shot_4705_contaminated,0
heavy,5,0.001,2,shot_6085,0
heavy,5,0.001,2,shot_6085_num_defects,11
heavy,5,0.001,2,shot_6085_phase1_ns,11632
heavy,5,0.001,2,shot_6085_harvest_ns,321
heavy,5,0.001,2,shot_6085_escalation_ns,0
heavy,5,0.001,2,shot_6085_stock_ns,0
heavy,5,0.001,2,shot_6085_total_ns,12023
heavy,5,0.001,2,shot_6085_exact_reference_ns,5310
heavy,5,0.001,2,shot_6085_escalated,0
heavy,5,0.001,2,shot_6085_contaminated,0
heavy,5,0.001,2,shot_6267,0
heavy,5,0.001,2,shot_6267_num_defects,11
heavy,5,0.001,2,shot_6267_phase1_ns,10770
heavy,5,0.001,2,shot_6267_harvest_ns,411
heavy,5,0.001,2,shot_6267_escalation_ns,0
heavy,5,0.001,2,shot_6267_stock_ns,0
heavy,5,0.001,2,shot_6267_total_ns,11251
heavy,5,0.001,2,shot_6267_exact_reference_ns,3697
heavy,5,0.001,2,shot_6267_escalated,0
heavy,5,0.001,2,shot_6267_contaminated,0
heavy,5,0.001,2,shot_7589,0
heavy,5,0.001,2,shot_7589_num_defects,15
heavy,5,0.001,2,shot_7589_phase1_ns,17444
heavy,5,0.001,2,shot_7589_harvest_ns,1001
heavy,5,0.001,2,shot_7589_escalation_ns,0
heavy,5,0.001,2,shot_7589_stock_ns,0
heavy,5,0.001,2,shot_7589_total_ns,18515
heavy,5,0.001,2,shot_7589_exact_reference_ns,6192
heavy,5,0.001,2,shot_7589_escalated,0
heavy,5,0.001,2,shot_7589_contaminated,0
heavy,5,0.001,2,shot_9399,0
heavy,5,0.001,2,shot_9399_num_defects,11
heavy,5,0.001,2,shot_9399_phase1_ns,8957
heavy,5,0.001,2,shot_9399_harvest_ns,321
heavy,5,0.001,2,shot_9399_escalation_ns,0
heavy,5,0.001,2,shot_9399_stock_ns,0
heavy,5,0.001,2,shot_9399_total_ns,9347
heavy,5,0.001,2,shot_9399_exact_reference_ns,4107
heavy,5,0.001,2,shot_9399_escalated,0
heavy,5,0.001,2,shot_9399_contaminated,0
heavy,5,0.001,2,shot_11310,0
heavy,5,0.001,2,shot_11310_num_defects,10
heavy,5,0.001,2,shot_11310_phase1_ns,8416
heavy,5,0.001,2,shot_11310_harvest_ns,260
heavy,5,0.001,2,shot_11310_escalation_ns,0
heavy,5,0.001,2,shot_11310_stock_ns,0
heavy,5,0.001,2,shot_11310_total_ns,8756
heavy,5,0.001,2,shot_11310_exact_reference_ns,3065
heavy,5,0.001,2,shot_11310_escalated,0
heavy,5,0.001,2,shot_11310_contaminated,0
heavy,5,0.001,2,shot_11955,0
heavy,5,0.001,2,shot_11955_num_defects,11
heavy,5,0.001,2,shot_11955_phase1_ns,9379
heavy,5,0.001,2,shot_11955_harvest_ns,290
heavy,5,0.001,2,shot_11955_escalation_ns,0
heavy,5,0.001,2,shot_11955_stock_ns,0
heavy,5,0.001,2,shot_11955_total_ns,9749
heavy,5,0.001,2,shot_11955_exact_reference_ns,2986
heavy,5,0.001,2,shot_11955_escalated,0
heavy,5,0.001,2,shot_11955_contaminated,0
heavy,5,0.001,2,shot_14209,0
heavy,5,0.001,2,shot_14209_num_defects,12
heavy,5,0.001,2,shot_14209_phase1_ns,8496
heavy,5,0.001,2,shot_14209_harvest_ns,311
heavy,5,0.001,2,shot_14209_escalation_ns,0
heavy,5,0.001,2,shot_14209_stock_ns,0
heavy,5,0.001,2,shot_14209_total_ns,8877
heavy,5,0.001,2,shot_14209_exact_reference_ns,2275
heavy,5,0.001,2,shot_14209_escalated,0
heavy,5,0.001,2,shot_14209_contaminated,0
heavy,5,0.001,2,shot_16079,0
heavy,5,0.001,2,shot_16079_num_defects,12
heavy,5,0.001,2,shot_16079_phase1_ns,9678
heavy,5,0.001,2,shot_16079_harvest_ns,712
heavy,5,0.001,2,shot_16079_escalation_ns,0
heavy,5,0.001,2,shot_16079_stock_ns,0
heavy,5,0.001,2,shot_16079_total_ns,10460
heavy,5,0.001,2,shot_16079_exact_reference_ns,3006
heavy,5,0.001,2,shot_16079_escalated,0
heavy,5,0.001,2,shot_16079_contaminated,0
heavy,5,0.001,2,shot_16676,0
heavy,5,0.001,2,shot_16676_num_defects,11
heavy,5,0.001,2,shot_16676_phase1_ns,9157
heavy,5,0.001,2,shot_16676_harvest_ns,291
heavy,5,0.001,2,shot_16676_escalation_ns,0
heavy,5,0.001,2,shot_16676_stock_ns,0
heavy,5,0.001,2,shot_16676_total_ns,9518
heavy,5,0.001,2,shot_16676_exact_reference_ns,3467
heavy,5,0.001,2,shot_16676_escalated,0
heavy,5,0.001,2,shot_16676_contaminated,0
heavy,5,0.001,2,shot_17813,0
heavy,5,0.001,2,shot_17813_num_defects,11
heavy,5,0.001,2,shot_17813_phase1_ns,9547
heavy,5,0.001,2,shot_17813_harvest_ns,301
heavy,5,0.001,2,shot_17813_escalation_ns,0
heavy,5,0.001,2,shot_17813_stock_ns,0
heavy,5,0.001,2,shot_17813_total_ns,9909
heavy,5,0.001,2,shot_17813_exact_reference_ns,3307
heavy,5,0.001,2,shot_17813_escalated,0
heavy,5,0.001,2,shot_17813_contaminated,0
heavy,5,0.001,2,shot_18592,0
heavy,5,0.001,2,shot_18592_num_defects,11
heavy,5,0.001,2,shot_18592_phase1_ns,10200
heavy,5,0.001,2,shot_18592_harvest_ns,290
heavy,5,0.001,2,shot_18592_escalation_ns,0
heavy,5,0.001,2,shot_18592_stock_ns,0
heavy,5,0.001,2,shot_18592_total_ns,10560
heavy,5,0.001,2,shot_18592_exact_reference_ns,4258
heavy,5,0.001,2,shot_18592_escalated,0
heavy,5,0.001,2,shot_18592_contaminated,0
heavy,5,0.001,2,shot_18953,0
heavy,5,0.001,2,shot_18953_num_defects,11
heavy,5,0.001,2,shot_18953_phase1_ns,9167
heavy,5,0.001,2,shot_18953_harvest_ns,361
heavy,5,0.001,2,shot_18953_escalation_ns,0
heavy,5,0.001,2,shot_18953_stock_ns,0
heavy,5,0.001,2,shot_18953_total_ns,9598
heavy,5,0.001,2,shot_18953_exact_reference_ns,5040
heavy,5,0.001,2,shot_18953_escalated,0
heavy,5,0.001,2,shot_18953_contaminated,0
heavy,5,0.001,2,shot_19465,0
heavy,5,0.001,2,shot_19465_num_defects,11
heavy,5,0.001,2,shot_19465_phase1_ns,8415
heavy,5,0.001,2,shot_19465_harvest_ns,281
heavy,5,0.001,2,shot_19465_escalation_ns,0
heavy,5,0.001,2,shot_19465_stock_ns,0
heavy,5,0.001,2,shot_19465_total_ns,8766
heavy,5,0.001,2,shot_19465_exact_reference_ns,2706
heavy,5,0.001,2,shot_19465_escalated,0
heavy,5,0.001,2,shot_19465_contaminated,0
heavy,5,0.001,2,shot_19863,0
heavy,5,0.001,2,shot_19863_num_defects,11
heavy,5,0.001,2,shot_19863_phase1_ns,10450
heavy,5,0.001,2,shot_19863_harvest_ns,301
heavy,5,0.001,2,shot_19863_escalation_ns,0
heavy,5,0.001,2,shot_19863_stock_ns,0
heavy,5,0.001,2,shot_19863_total_ns,10811
heavy,5,0.001,2,shot_19863_exact_reference_ns,8807
heavy,5,0.001,2,shot_19863_escalated,0
heavy,5,0.001,2,shot_19863_contaminated,0
heavy,5,0.001,2,shot_19891,0
heavy,5,0.001,2,shot_19891_num_defects,13
heavy,5,0.001,2,shot_19891_phase1_ns,12384
heavy,5,0.001,2,shot_19891_harvest_ns,400
heavy,5,0.001,2,shot_19891_escalation_ns,0
heavy,5,0.001,2,shot_19891_stock_ns,0
heavy,5,0.001,2,shot_19891_total_ns,12855
heavy,5,0.001,2,shot_19891_exact_reference_ns,5611
heavy,5,0.001,2,shot_19891_escalated,0
heavy,5,0.001,2,shot_19891_contaminated,0
heavy,5,0.003,2,shot_2460,0
heavy,5,0.003,2,shot_2460_num_defects,22
heavy,5,0.003,2,shot_2460_phase1_ns,38633
heavy,5,0.003,2,shot_2460_harvest_ns,1032
heavy,5,0.003,2,shot_2460_escalation_ns,0
heavy,5,0.003,2,shot_2460_stock_ns,0
heavy,5,0.003,2,shot_2460_total_ns,39745
heavy,5,0.003,2,shot_2460_exact_reference_ns,14568
heavy,5,0.003,2,shot_2460_escalated,0
heavy,5,0.003,2,shot_2460_contaminated,0
heavy,5,0.003,2,shot_2720,0
heavy,5,0.003,2,shot_2720_num_defects,19
heavy,5,0.003,2,shot_2720_phase1_ns,26510
heavy,5,0.003,2,shot_2720_harvest_ns,662
heavy,5,0.003,2,shot_2720_escalation_ns,0
heavy,5,0.003,2,shot_2720_stock_ns,0
heavy,5,0.003,2,shot_2720_total_ns,27252
heavy,5,0.003,2,shot_2720_exact_reference_ns,11271
heavy,5,0.003,2,shot_2720_escalated,0
heavy,5,0.003,2,shot_2720_contaminated,0
heavy,5,0.003,2,shot_3867,0
heavy,5,0.003,2,shot_3867_num_defects,18
heavy,5,0.003,2,shot_3867_phase1_ns,22112
heavy,5,0.003,2,shot_3867_harvest_ns,561
heavy,5,0.003,2,shot_3867_escalation_ns,0
heavy,5,0.003,2,shot_3867_stock_ns,0
heavy,5,0.003,2,shot_3867_total_ns,22754
heavy,5,0.003,2,shot_3867_exact_reference_ns,11802
heavy,5,0.003,2,shot_3867_escalated,0
heavy,5,0.003,2,shot_3867_contaminated,0
heavy,5,0.003,2,shot_5337,0
heavy,5,0.003,2,shot_5337_num_defects,17
heavy,5,0.003,2,shot_5337_phase1_ns,18114
heavy,5,0.003,2,shot_5337_harvest_ns,681
heavy,5,0.003,2,shot_5337_escalation_ns,0
heavy,5,0.003,2,shot_5337_stock_ns,0
heavy,5,0.003,2,shot_5337_total_ns,18855
heavy,5,0.003,2,shot_5337_exact_reference_ns,9678
heavy,5,0.003,2,shot_5337_escalated,0
heavy,5,0.003,2,shot_5337_contaminated,0
heavy,5,0.003,2,shot_8322,0
heavy,5,0.003,2,shot_8322_num_defects,20
heavy,5,0.003,2,shot_8322_phase1_ns,30017
heavy,5,0.003,2,shot_8322_harvest_ns,641
heavy,5,0.003,2,shot_8322_escalation_ns,0
heavy,5,0.003,2,shot_8322_stock_ns,0
heavy,5,0.003,2,shot_8322_total_ns,30738
heavy,5,0.003,2,shot_8322_exact_reference_ns,11441
heavy,5,0.003,2,shot_8322_escalated,0
heavy,5,0.003,2,shot_8322_contaminated,0
heavy,5,0.003,2,shot_8492,0
heavy,5,0.003,2,shot_8492_num_defects,18
heavy,5,0.003,2,shot_8492_phase1_ns,16521
heavy,5,0.003,2,shot_8492_harvest_ns,631
heavy,5,0.003,2,shot_8492_escalation_ns,0
heavy,5,0.003,2,shot_8492_stock_ns,0
heavy,5,0.003,2,shot_8492_total_ns,17222
heavy,5,0.003,2,shot_8492_exact_reference_ns,5029
heavy,5,0.003,2,shot_8492_escalated,0
heavy,5,0.003,2,shot_8492_contaminated,0
heavy,5,0.003,2,shot_8541,0
heavy,5,0.003,2,shot_8541_num_defects,17
heavy,5,0.003,2,shot_8541_phase1_ns,20198
heavy,5,0.003,2,shot_8541_harvest_ns,612
heavy,5,0.003,2,shot_8541_escalation_ns,0
heavy,5,0.003,2,shot_8541_stock_ns,0
heavy,5,0.003,2,shot_8541_total_ns,20880
heavy,5,0.003,2,shot_8541_exact_reference_ns,11492
heavy,5,0.003,2,shot_8541_escalated,0
heavy,5,0.003,2,shot_8541_contaminated,0
heavy,5,0.003,2,shot_9203,0
heavy,5,0.003,2,shot_9203_num_defects,20
heavy,5,0.003,2,shot_9203_phase1_ns,25708
heavy,5,0.003,2,shot_9203_harvest_ns,822
heavy,5,0.003,2,shot_9203_escalation_ns,0
heavy,5,0.003,2,shot_9203_stock_ns,0
heavy,5,0.003,2,shot_9203_total_ns,26610
heavy,5,0.003,2,shot_9203_exact_reference_ns,9138
heavy,5,0.003,2,shot_9203_escalated,0
heavy,5,0.003,2,shot_9203_contaminated,0
heavy,5,0.003,2,shot_10116,0
heavy,5,0.003,2,shot_10116_num_defects,17
heavy,5,0.003,2,shot_10116_phase1_ns,18094
heavy,5,0.003,2,shot_10116_harvest_ns,591
heavy,5,0.003,2,shot_10116_escalation_ns,0
heavy,5,0.003,2,shot_10116_stock_ns,0
heavy,5,0.003,2,shot_10116_total_ns,18745
heavy,5,0.003,2,shot_10116_exact_reference_ns,6332
heavy,5,0.003,2,shot_10116_escalated,0
heavy,5,0.003,2,shot_10116_contaminated,0
heavy,5,0.003,2,shot_11877,0
heavy,5,0.003,2,shot_11877_num_defects,18
heavy,5,0.003,2,shot_11877_phase1_ns,22492
heavy,5,0.003,2,shot_11877_harvest_ns,892
heavy,5,0.003,2,shot_11877_escalation_ns,0
heavy,5,0.003,2,shot_11877_stock_ns,0
heavy,5,0.003,2,shot_11877_total_ns,23464
heavy,5,0.003,2,shot_11877_exact_reference_ns,11011
heavy,5,0.003,2,shot_11877_escalated,0
heavy,5,0.003,2,shot_11877_contaminated,0
heavy,5,0.003,2,shot_12121,0
heavy,5,0.003,2,shot_12121_num_defects,17
heavy,5,0.003,2,shot_12121_phase1_ns,20038
heavy,5,0.003,2,shot_12121_harvest_ns,982
heavy,5,0.003,2,shot_12121_escalation_ns,0
heavy,5,0.003,2,shot_12121_stock_ns,0
heavy,5,0.003,2,shot_12121_total_ns,21100
heavy,5,0.003,2,shot_12121_exact_reference_ns,9188
heavy,5,0.003,2,shot_12121_escalated,0
heavy,5,0.003,2,shot_12121_contaminated,0
heavy,5,0.003,2,shot_12565,0
heavy,5,0.003,2,shot_12565_num_defects,17
heavy,5,0.003,2,shot_12565_phase1_ns,21891
heavy,5,0.003,2,shot_12565_harvest_ns,631
heavy,5,0.003,2,shot_12565_escalation_ns,0
heavy,5,0.003,2,shot_12565_stock_ns,0
heavy,5,0.003,2,shot_12565_total_ns,22592
heavy,5,0.003,2,shot_12565_exact_reference_ns,11011
heavy,5,0.003,2,shot_12565_escalated,0
heavy,5,0.003,2,shot_12565_contaminated,0
heavy,5,0.003,2,shot_13998,0
heavy,5,0.003,2,shot_13998_num_defects,19
heavy,5,0.003,2,shot_13998_phase1_ns,25167
heavy,5,0.003,2,shot_13998_harvest_ns,992
heavy,5,0.003,2,shot_13998_escalation_ns,0
heavy,5,0.003,2,shot_13998_stock_ns,0
heavy,5,0.003,2,shot_13998_total_ns,26219
heavy,5,0.003,2,shot_13998_exact_reference_ns,13887
heavy,5,0.003,2,shot_13998_escalated,0
heavy,5,0.003,2,shot_13998_contaminated,0
heavy,5,0.003,2,shot_16787,0
heavy,5,0.003,2,shot_16787_num_defects,18
heavy,5,0.003,2,shot_16787_phase1_ns,25549
heavy,5,0.003,2,shot_16787_harvest_ns,671
heavy,5,0.003,2,shot_16787_escalation_ns,0
heavy,5,0.003,2,shot_16787_stock_ns,0
heavy,5,0.003,2,shot_16787_total_ns,26290
heavy,5,0.003,2,shot_16787_exact_reference_ns,10690
heavy,5,0.003,2,shot_16787_escalated,0
heavy,5,0.003,2,shot_16787_contaminated,0
heavy,5,0.003,2,shot_17061,0
heavy,5,0.003,2,shot_17061_num_defects,18
heavy,5,0.003,2,shot_17061_phase1_ns,16863
heavy,5,0.003,2,shot_17061_harvest_ns,641
heavy,5,0.003,2,shot_17061_escalation_ns,0
heavy,5,0.003,2,shot_17061_stock_ns,0
heavy,5,0.003,2,shot_17061_total_ns,17584
heavy,5,0.003,2,shot_17061_exact_reference_ns,4418
heavy,5,0.003,2,shot_17061_escalated,0
heavy,5,0.003,2,shot_17061_contaminated,0
heavy,5,0.003,2,shot_17653,0
heavy,5,0.003,2,shot_17653_num_defects,18
heavy,5,0.003,2,shot_17653_phase1_ns,14327
heavy,5,0.003,2,shot_17653_harvest_ns,571
heavy,5,0.003,2,shot_17653_escalation_ns,0
heavy,5,0.003,2,shot_17653_stock_ns,0
heavy,5,0.003,2,shot_17653_total_ns,14958
heavy,5,0.003,2,shot_17653_exact_reference_ns,3848
heavy,5,0.003,2,shot_17653_escalated,0
heavy,5,0.003,2,shot_17653_contaminated,0
heavy,5,0.003,2,shot_17741,0
heavy,5,0.003,2,shot_17741_num_defects,20
heavy,5,0.003,2,shot_17741_phase1_ns,24075
heavy,5,0.003,2,shot_17741_harvest_ns,691
heavy,5,0.003,2,shot_17741_escalation_ns,0
heavy,5,0.003,2,shot_17741_stock_ns,0
heavy,5,0.003,2,shot_17741_total_ns,24837
heavy,5,0.003,2,shot_17741_exact_reference_ns,10199
heavy,5,0.003,2,shot_17741_escalated,0
heavy,5,0.003,2,shot_17741_contaminated,0
heavy,5,0.003,2,shot_18818,0
heavy,5,0.003,2,shot_18818_num_defects,19
heavy,5,0.003,2,shot_18818_phase1_ns,23815
heavy,5,0.003,2,shot_18818_harvest_ns,711
heavy,5,0.003,2,shot_18818_escalation_ns,0
heavy,5,0.003,2,shot_18818_stock_ns,0
heavy,5,0.003,2,shot_18818_total_ns,24616
heavy,5,0.003,2,shot_18818_exact_reference_ns,13766
heavy,5,0.003,2,shot_18818_escalated,0
heavy,5,0.003,2,shot_18818_contaminated,0
heavy,5,0.003,2,shot_19495,0
heavy,5,0.003,2,shot_19495_num_defects,24
heavy,5,0.003,2,shot_19495_phase1_ns,46799
heavy,5,0.003,2,shot_19495_harvest_ns,1001
heavy,5,0.003,2,shot_19495_escalation_ns,0
heavy,5,0.003,2,shot_19495_stock_ns,0
heavy,5,0.003,2,shot_19495_total_ns,47880
heavy,5,0.003,2,shot_19495_exact_reference_ns,20909
heavy,5,0.003,2,shot_19495_escalated,0
heavy,5,0.003,2,shot_19495_contaminated,0
heavy,5,0.003,2,shot_19899,0
heavy,5,0.003,2,shot_19899_num_defects,20
heavy,5,0.003,2,shot_19899_phase1_ns,21961
heavy,5,0.003,2,shot_19899_harvest_ns,822
heavy,5,0.003,2,shot_19899_escalation_ns,0
heavy,5,0.003,2,shot_19899_stock_ns,0
heavy,5,0.003,2,shot_19899_total_ns,22853
heavy,5,0.003,2,shot_19899_exact_reference_ns,6903
heavy,5,0.003,2,shot_19899_escalated,0
heavy,5,0.003,2,shot_19899_contaminated,0
heavy,5,0.005,2,shot_1361,0
heavy,5,0.005,2,shot_1361_num_defects,23
heavy,5,0.005,2,shot_1361_phase1_ns,24677
heavy,5,0.005,2,shot_1361_harvest_ns,631
heavy,5,0.005,2,shot_1361_escalation_ns,0
heavy,5,0.005,2,shot_1361_stock_ns,0
heavy,5,0.005,2,shot_1361_total_ns,25378
heavy,5,0.005,2,shot_1361_exact_reference_ns,6643
heavy,5,0.005,2,shot_1361_escalated,0
heavy,5,0.005,2,shot_1361_contaminated,0
heavy,5,0.005,2,shot_2402,0
heavy,5,0.005,2,shot_2402_num_defects,27
heavy,5,0.005,2,shot_2402_phase1_ns,45827
heavy,5,0.005,2,shot_2402_harvest_ns,721
heavy,5,0.005,2,shot_2402_escalation_ns,0
heavy,5,0.005,2,shot_2402_stock_ns,0
heavy,5,0.005,2,shot_2402_total_ns,46608
heavy,5,0.005,2,shot_2402_exact_reference_ns,10780
heavy,5,0.005,2,shot_2402_escalated,0
heavy,5,0.005,2,shot_2402_contaminated,0
heavy,5,0.005,2,shot_2616,0
heavy,5,0.005,2,shot_2616_num_defects,23
heavy,5,0.005,2,shot_2616_phase1_ns,26230
heavy,5,0.005,2,shot_2616_harvest_ns,771
heavy,5,0.005,2,shot_2616_escalation_ns,0
heavy,5,0.005,2,shot_2616_stock_ns,0
heavy,5,0.005,2,shot_2616_total_ns,27071
heavy,5,0.005,2,shot_2616_exact_reference_ns,13135
heavy,5,0.005,2,shot_2616_escalated,0
heavy,5,0.005,2,shot_2616_contaminated,0
heavy,5,0.005,2,shot_2783,0
heavy,5,0.005,2,shot_2783_num_defects,26
heavy,5,0.005,2,shot_2783_phase1_ns,44624
heavy,5,0.005,2,shot_2783_harvest_ns,1383
heavy,5,0.005,2,shot_2783_escalation_ns,0
heavy,5,0.005,2,shot_2783_stock_ns,0
heavy,5,0.005,2,shot_2783_total_ns,46077
heavy,5,0.005,2,shot_2783_exact_reference_ns,27491
heavy,5,0.005,2,shot_2783_escalated,0
heavy,5,0.005,2,shot_2783_contaminated,0
heavy,5,0.005,2,shot_2978,0
heavy,5,0.005,2,shot_2978_num_defects,24
heavy,5,0.005,2,shot_2978_phase1_ns,37771
heavy,5,0.005,2,shot_2978_harvest_ns,801
heavy,5,0.005,2,shot_2978_escalation_ns,0
heavy,5,0.005,2,shot_2978_stock_ns,0
heavy,5,0.005,2,shot_2978_total_ns,38642
heavy,5,0.005,2,shot_2978_exact_reference_ns,21831
heavy,5,0.005,2,shot_2978_escalated,0
heavy,5,0.005,2,shot_2978_contaminated,0
heavy,5,0.005,2,shot_3380,0
heavy,5,0.005,2,shot_3380_num_defects,24
heavy,5,0.005,2,shot_3380_phase1_ns,32451
heavy,5,0.005,2,shot_3380_harvest_ns,792
heavy,5,0.005,2,shot_3380_escalation_ns,0
heavy,5,0.005,2,shot_3380_stock_ns,0
heavy,5,0.005,2,shot_3380_total_ns,33323
heavy,5,0.005,2,shot_3380_exact_reference_ns,12152
heavy,5,0.005,2,shot_3380_escalated,0
heavy,5,0.005,2,shot_3380_contaminated,0
heavy,5,0.005,2,shot_3600,0
heavy,5,0.005,2,shot_3600_num_defects,23
heavy,5,0.005,2,shot_3600_phase1_ns,34535
heavy,5,0.005,2,shot_3600_harvest_ns,641
heavy,5,0.005,2,shot_3600_escalation_ns,0
heavy,5,0.005,2,shot_3600_stock_ns,0
heavy,5,0.005,2,shot_3600_total_ns,35246
heavy,5,0.005,2,shot_3600_exact_reference_ns,14888
heavy,5,0.005,2,shot_3600_escalated,0
heavy,5,0.005,2,shot_3600_contaminated,0
heavy,5,0.005,2,shot_5519,0
heavy,5,0.005,2,shot_5519_num_defects,23
heavy,5,0.005,2,shot_5519_phase1_ns,29496
heavy,5,0.005,2,shot_5519_harvest_ns,731
heavy,5,0.005,2,shot_5519_escalation_ns,0
heavy,5,0.005,2,shot_5519_stock_ns,0
heavy,5,0.005,2,shot_5519_total_ns,30297
heavy,5,0.005,2,shot_5519_exact_reference_ns,10731
heavy,5,0.005,2,shot_5519_escalated,0
heavy,5,0.005,2,shot_5519_contaminated,0
heavy,5,0.005,2,shot_5770,0
heavy,5,0.005,2,shot_5770_num_defects,26
heavy,5,0.005,2,shot_5770_phase1_ns,37992
heavy,5,0.005,2,shot_5770_harvest_ns,721
heavy,5,0.005,2,shot_5770_escalation_ns,0
heavy,5,0.005,2,shot_5770_stock_ns,0
heavy,5,0.005,2,shot_5770_total_ns,38773
heavy,5,0.005,2,shot_5770_exact_reference_ns,14488
heavy,5,0.005,2,shot_5770_escalated,0
heavy,5,0.005,2,shot_5770_contaminated,0
heavy,5,0.005,2,shot_6395,0
heavy,5,0.005,2,shot_6395_num_defects,25
heavy,5,0.005,2,shot_6395_phase1_ns,33322
heavy,5,0.005,2,shot_6395_harvest_ns,852
heavy,5,0.005,2,shot_6395_escalation_ns,0
heavy,5,0.005,2,shot_6395_stock_ns,0
heavy,5,0.005,2,shot_6395_total_ns,34235
heavy,5,0.005,2,shot_6395_exact_reference_ns,11021
heavy,5,0.005,2,shot_6395_escalated,0
heavy,5,0.005,2,shot_6395_contaminated,0
heavy,5,0.005,2,shot_6729,0
heavy,5,0.005,2,shot_6729_num_defects,25
heavy,5,0.005,2,shot_6729_phase1_ns,36077
heavy,5,0.005,2,shot_6729_harvest_ns,922
heavy,5,0.005,2,shot_6729_escalation_ns,0
heavy,5,0.005,2,shot_6729_stock_ns,0
heavy,5,0.005,2,shot_6729_total_ns,37070
heavy,5,0.005,2,shot_6729_exact_reference_ns,16581
heavy,5,0.005,2,shot_6729_escalated,0
heavy,5,0.005,2,shot_6729_contaminated,0
heavy,5,0.005,2,shot_7199,0
heavy,5,0.005,2,shot_7199_num_defects,23
heavy,5,0.005,2,shot_7199_phase1_ns,25208
heavy,5,0.005,2,shot_7199_harvest_ns,701
heavy,5,0.005,2,shot_7199_escalation_ns,0
heavy,5,0.005,2,shot_7199_stock_ns,0
heavy,5,0.005,2,shot_7199_total_ns,25979
heavy,5,0.005,2,shot_7199_exact_reference_ns,10590
heavy,5,0.005,2,shot_7199_escalated,0
heavy,5,0.005,2,shot_7199_contaminated,0
heavy,5,0.005,2,shot_9399,0
heavy,5,0.005,2,shot_9399_num_defects,25
heavy,5,0.005,2,shot_9399_phase1_ns,36008
heavy,5,0.005,2,shot_9399_harvest_ns,941
heavy,5,0.005,2,shot_9399_escalation_ns,0
heavy,5,0.005,2,shot_9399_stock_ns,0
heavy,5,0.005,2,shot_9399_total_ns,37009
heavy,5,0.005,2,shot_9399_exact_reference_ns,20649
heavy,5,0.005,2,shot_9399_escalated,0
heavy,5,0.005,2,shot_9399_contaminated,0
heavy,5,0.005,2,shot_9594,0
heavy,5,0.005,2,shot_9594_num_defects,25
heavy,5,0.005,2,shot_9594_phase1_ns,30397
heavy,5,0.005,2,shot_9594_harvest_ns,1022
heavy,5,0.005,2,shot_9594_escalation_ns,0
heavy,5,0.005,2,shot_9594_stock_ns,0
heavy,5,0.005,2,shot_9594_total_ns,31479
heavy,5,0.005,2,shot_9594_exact_reference_ns,12444
heavy,5,0.005,2,shot_9594_escalated,0
heavy,5,0.005,2,shot_9594_contaminated,0
heavy,5,0.005,2,shot_12164,0
heavy,5,0.005,2,shot_12164_num_defects,24
heavy,5,0.005,2,shot_12164_phase1_ns,36439
heavy,5,0.005,2,shot_12164_harvest_ns,1112
heavy,5,0.005,2,shot_12164_escalation_ns,0
heavy,5,0.005,2,shot_12164_stock_ns,0
heavy,5,0.005,2,shot_12164_total_ns,37621
heavy,5,0.005,2,shot_12164_exact_reference_ns,22632
heavy,5,0.005,2,shot_12164_escalated,0
heavy,5,0.005,2,shot_12164_contaminated,0
heavy,5,0.005,2,shot_13148,0
heavy,5,0.005,2,shot_13148_num_defects,25
heavy,5,0.005,2,shot_13148_phase1_ns,36438
heavy,5,0.005,2,shot_13148_harvest_ns,812
heavy,5,0.005,2,shot_13148_escalation_ns,0
heavy,5,0.005,2,shot_13148_stock_ns,0
heavy,5,0.005,2,shot_13148_total_ns,37320
heavy,5,0.005,2,shot_13148_exact_reference_ns,14457
heavy,5,0.005,2,shot_13148_escalated,0
heavy,5,0.005,2,shot_13148_contaminated,0
heavy,5,0.005,2,shot_13163,0
heavy,5,0.005,2,shot_13163_num_defects,24
heavy,5,0.005,2,shot_13163_phase1_ns,29916
heavy,5,0.005,2,shot_13163_harvest_ns,822
heavy,5,0.005,2,shot_13163_escalation_ns,0
heavy,5,0.005,2,shot_13163_stock_ns,0
heavy,5,0.005,2,shot_13163_total_ns,30798
heavy,5,0.005,2,shot_13163_exact_reference_ns,9158
heavy,5,0.005,2,shot_13163_escalated,0
heavy,5,0.005,2,shot_13163_contaminated,0
heavy,5,0.005,2,shot_15853,0
heavy,5,0.005,2,shot_15853_num_defects,27
heavy,5,0.005,2,shot_15853_phase1_ns,38091
heavy,5,0.005,2,shot_15853_harvest_ns,762
heavy,5,0.005,2,shot_15853_escalation_ns,0
heavy,5,0.005,2,shot_15853_stock_ns,0
heavy,5,0.005,2,shot_15853_total_ns,38934
heavy,5,0.005,2,shot_15853_exact_reference_ns,13205
heavy,5,0.005,2,shot_15853_escalated,0
heavy,5,0.005,2,shot_15853_contaminated,0
heavy,5,0.005,2,shot_17251,0
heavy,5,0.005,2,shot_17251_num_defects,23
heavy,5,0.005,2,shot_17251_phase1_ns,31509
heavy,5,0.005,2,shot_17251_harvest_ns,912
heavy,5,0.005,2,shot_17251_escalation_ns,0
heavy,5,0.005,2,shot_17251_stock_ns,0
heavy,5,0.005,2,shot_17251_total_ns,32492
heavy,5,0.005,2,shot_17251_exact_reference_ns,11802
heavy,5,0.005,2,shot_17251_escalated,0
heavy,5,0.005,2,shot_17251_contaminated,0
heavy,5,0.005,2,shot_19436,0
heavy,5,0.005,2,shot_19436_num_defects,27
heavy,5,0.005,2,shot_19436_phase1_ns,52439
heavy,5,0.005,2,shot_19436_harvest_ns,1413
heavy,5,0.005,2,shot_19436_escalation_ns,0
heavy,5,0.005,2,shot_19436_stock_ns,0
heavy,5,0.005,2,shot_19436_total_ns,53932
heavy,5,0.005,2,shot_19436_exact_reference_ns,26510
heavy,5,0.005,2,shot_19436_escalated,0
heavy,5,0.005,2,shot_19436_contaminated,0
heavy,7,0.0005,2,shot_834,0
heavy,7,0.0005,2,shot_834_num_defects,15
heavy,7,0.0005,2,shot_834_phase1_ns,23514
heavy,7,0.0005,2,shot_834_harvest_ns,752
heavy,7,0.0005,2,shot_834_escalation_ns,0
heavy,7,0.0005,2,shot_834_stock_ns,0
heavy,7,0.0005,2,shot_834_total_ns,24326
heavy,7,0.0005,2,shot_834_exact_reference_ns,4328
heavy,7,0.0005,2,shot_834_escalated,0
heavy,7,0.0005,2,shot_834_contaminated,0
heavy,7,0.0005,2,shot_2218,0
heavy,7,0.0005,2,shot_2218_num_defects,18
heavy,7,0.0005,2,shot_2218_phase1_ns,23554
heavy,7,0.0005,2,shot_2218_harvest_ns,862
heavy,7,0.0005,2,shot_2218_escalation_ns,0
heavy,7,0.0005,2,shot_2218_stock_ns,0
heavy,7,0.0005,2,shot_2218_total_ns,24486
heavy,7,0.0005,2,shot_2218_exact_reference_ns,6613
heavy,7,0.0005,2,shot_2218_escalated,0
heavy,7,0.0005,2,shot_2218_contaminated,0
heavy,7,0.0005,2,shot_2250,0
heavy,7,0.0005,2,shot_2250_num_defects,14
heavy,7,0.0005,2,shot_2250_phase1_ns,13776
heavy,7,0.0005,2,shot_2250_harvest_ns,461
heavy,7,0.0005,2,shot_2250_escalation_ns,0
heavy,7,0.0005,2,shot_2250_stock_ns,0
heavy,7,0.0005,2,shot_2250_total_ns,14327
heavy,7,0.0005,2,shot_2250_exact_reference_ns,6582
heavy,7,0.0005,2,shot_2250_escalated,0
heavy,7,0.0005,2,shot_2250_contaminated,0
heavy,7,0.0005,2,shot_2320,0
heavy,7,0.0005,2,shot_2320_num_defects,14
heavy,7,0.0005,2,shot_2320_phase1_ns,10670
heavy,7,0.0005,2,shot_2320_harvest_ns,321
heavy,7,0.0005,2,shot_2320_escalation_ns,0
heavy,7,0.0005,2,shot_2320_stock_ns,0
heavy,7,0.0005,2,shot_2320_total_ns,11061
heavy,7,0.0005,2,shot_2320_exact_reference_ns,2885
heavy,7,0.0005,2,shot_2320_escalated,0
heavy,7,0.0005,2,shot_2320_contaminated,0
heavy,7,0.0005,2,shot_3467,0
heavy,7,0.0005,2,shot_3467_num_defects,14
heavy,7,0.0005,2,shot_3467_phase1_ns,11993
heavy,7,0.0005,2,shot_3467_harvest_ns,330
heavy,7,0.0005,2,shot_3467_escalation_ns,0
heavy,7,0.0005,2,shot_3467_stock_ns,0
heavy,7,0.0005,2,shot_3467_total_ns,12394
heavy,7,0.0005,2,shot_3467_exact_reference_ns,3336
heavy,7,0.0005,2,shot_3467_escalated,0
heavy,7,0.0005,2,shot_3467_contaminated,0
heavy,7,0.0005,2,shot_3689,0
heavy,7,0.0005,2,shot_3689_num_defects,14
heavy,7,0.0005,2,shot_3689_phase1_ns,13645
heavy,7,0.0005,2,shot_3689_harvest_ns,341
heavy,7,0.0005,2,shot_3689_escalation_ns,0
heavy,7,0.0005,2,shot_3689_stock_ns,0
heavy,7,0.0005,2,shot_3689_total_ns,14046
heavy,7,0.0005,2,shot_3689_exact_reference_ns,2815
heavy,7,0.0005,2,shot_3689_escalated,0
heavy,7,0.0005,2,shot_3689_contaminated,0
heavy,7,0.0005,2,shot_3871,0
heavy,7,0.0005,2,shot_3871_num_defects,16
heavy,7,0.0005,2,shot_3871_phase1_ns,18415
heavy,7,0.0005,2,shot_3871_harvest_ns,601
heavy,7,0.0005,2,shot_3871_escalation_ns,0
heavy,7,0.0005,2,shot_3871_stock_ns,0
heavy,7,0.0005,2,shot_3871_total_ns,19096
heavy,7,0.0005,2,shot_3871_exact_reference_ns,8406
heavy,7,0.0005,2,shot_3871_escalated,0
heavy,7,0.0005,2,shot_3871_contaminated,0
heavy,7,0.0005,2,shot_4464,0
heavy,7,0.0005,2,shot_4464_num_defects,16
heavy,7,0.0005,2,shot_4464_phase1_ns,14948
heavy,7,0.0005,2,shot_4464_harvest_ns,872
heavy,7,0.0005,2,shot_4464_escalation_ns,0
heavy,7,0.0005,2,shot_4464_stock_ns,0
heavy,7,0.0005,2,shot_4464_total_ns,15880
heavy,7,0.0005,2,shot_4464_exact_reference_ns,4779
heavy,7,0.0005,2,shot_4464_escalated,0
heavy,7,0.0005,2,shot_4464_contaminated,0
heavy,7,0.0005,2,shot_6788,0
heavy,7,0.0005,2,shot_6788_num_defects,20
heavy,7,0.0005,2,shot_6788_phase1_ns,25468
heavy,7,0.0005,2,shot_6788_harvest_ns,721
heavy,7,0.0005,2,shot_6788_escalation_ns,0
heavy,7,0.0005,2,shot_6788_stock_ns,0
heavy,7,0.0005,2,shot_6788_total_ns,26259
heavy,7,0.0005,2,shot_6788_exact_reference_ns,5651
heavy,7,0.0005,2,shot_6788_escalated,0
heavy,7,0.0005,2,shot_6788_contaminated,0
heavy,7,0.0005,2,shot_7719,0
heavy,7,0.0005,2,shot_7719_num_defects,17
heavy,7,0.0005,2,shot_7719_phase1_ns,21079
heavy,7,0.0005,2,shot_7719_harvest_ns,782
heavy,7,0.0005,2,shot_7719_escalation_ns,0
heavy,7,0.0005,2,shot_7719_stock_ns,0
heavy,7,0.0005,2,shot_7719_total_ns,21941
heavy,7,0.0005,2,shot_7719_exact_reference_ns,9418
heavy,7,0.0005,2,shot_7719_escalated,0
heavy,7,0.0005,2,shot_7719_contaminated,0
heavy,7,0.0005,2,shot_7950,0
heavy,7,0.0005,2,shot_7950_num_defects,14
heavy,7,0.0005,2,shot_7950_phase1_ns,11291
heavy,7,0.0005,2,shot_7950_harvest_ns,311
heavy,7,0.0005,2,shot_7950_escalation_ns,0
heavy,7,0.0005,2,shot_7950_stock_ns,0
heavy,7,0.0005,2,shot_7950_total_ns,11682
heavy,7,0.0005,2,shot_7950_exact_reference_ns,3537
heavy,7,0.0005,2,shot_7950_escalated,0
heavy,7,0.0005,2,shot_7950_contaminated,0
heavy,7,0.0005,2,shot_8594,0
heavy,7,0.0005,2,shot_8594_num_defects,14
heavy,7,0.0005,2,shot_8594_phase1_ns,12663
heavy,7,0.0005,2,shot_8594_harvest_ns,431
heavy,7,0.0005,2,shot_8594_escalation_ns,0
heavy,7,0.0005,2,shot_8594_stock_ns,0
heavy,7,0.0005,2,shot_8594_total_ns,13175
heavy,7,0.0005,2,shot_8594_exact_reference_ns,4638
heavy,7,0.0005,2,shot_8594_escalated,0
heavy,7,0.0005,2,shot_8594_contaminated,0
heavy,7,0.0005,2,shot_10054,0
heavy,7,0.0005,2,shot_10054_num_defects,22
heavy,7,0.0005,2,shot_10054_phase1_ns,25548
heavy,7,0.0005,2,shot_10054_harvest_ns,902
heavy,7,0.0005,2,shot_10054_escalation_ns,0
heavy,7,0.0005,2,shot_10054_stock_ns,0
heavy,7,0.0005,2,shot_10054_total_ns,26510
heavy,7,0.0005,2,shot_10054_exact_reference_ns,6513
heavy,7,0.0005,2,shot_10054_escalated,0
heavy,7,0.0005,2,shot_10054_contaminated,0
heavy,7,0.0005,2,shot_10412,0
heavy,7,0.0005,2,shot_10412_num_defects,14
heavy,7,0.0005,2,shot_10412_phase1_ns,10168
heavy,7,0.0005,2,shot_10412_harvest_ns,311
heavy,7,0.0005,2,shot_10412_escalation_ns,0
heavy,7,0.0005,2,shot_10412_stock_ns,0
heavy,7,0.0005,2,shot_10412_total_ns,10539
heavy,7,0.0005,2,shot_10412_exact_reference_ns,2675
heavy,7,0.0005,2,shot_10412_escalated,0
heavy,7,0.0005,2,shot_10412_contaminated,0
heavy,7,0.0005,2,shot_12411,0
heavy,7,0.0005,2,shot_12411_num_defects,16
heavy,7,0.0005,2,shot_12411_phase1_ns,14127
heavy,7,0.0005,2,shot_12411_harvest_ns,350
heavy,7,0.0005,2,shot_12411_escalation_ns,0
heavy,7,0.0005,2,shot_12411_stock_ns,0
heavy,7,0.0005,2,shot_12411_total_ns,14537
heavy,7,0.0005,2,shot_12411_exact_reference_ns,5080
heavy,7,0.0005,2,shot_12411_escalated,0
heavy,7,0.0005,2,shot_12411_contaminated,0
heavy,7,0.0005,2,shot_14170,0
heavy,7,0.0005,2,shot_14170_num_defects,14
heavy,7,0.0005,2,shot_14170_phase1_ns,12984
heavy,7,0.0005,2,shot_14170_harvest_ns,341
heavy,7,0.0005,2,shot_14170_escalation_ns,0
heavy,7,0.0005,2,shot_14170_stock_ns,0
heavy,7,0.0005,2,shot_14170_total_ns,13395
heavy,7,0.0005,2,shot_14170_exact_reference_ns,2705
heavy,7,0.0005,2,shot_14170_escalated,0
heavy,7,0.0005,2,shot_14170_contaminated,0
heavy,7,0.0005,2,shot_15444,0
heavy,7,0.0005,2,shot_15444_num_defects,14
heavy,7,0.0005,2,shot_15444_phase1_ns,14458
heavy,7,0.0005,2,shot_15444_harvest_ns,300
heavy,7,0.0005,2,shot_15444_escalation_ns,0
heavy,7,0.0005,2,shot_15444_stock_ns,0
heavy,7,0.0005,2,shot_15444_total_ns,14828
heavy,7,0.0005,2,shot_15444_exact_reference_ns,3366
heavy,7,0.0005,2,shot_15444_escalated,0
heavy,7,0.0005,2,shot_15444_contaminated,0
heavy,7,0.0005,2,shot_16020,0
heavy,7,0.0005,2,shot_16020_num_defects,16
heavy,7,0.0005,2,shot_16020_phase1_ns,14918
heavy,7,0.0005,2,shot_16020_harvest_ns,331
heavy,7,0.0005,2,shot_16020_escalation_ns,0
heavy,7,0.0005,2,shot_16020_stock_ns,0
heavy,7,0.0005,2,shot_16020_total_ns,15309
heavy,7,0.0005,2,shot_16020_exact_reference_ns,5901
heavy,7,0.0005,2,shot_16020_escalated,0
heavy,7,0.0005,2,shot_16020_contaminated,0
heavy,7,0.0005,2,shot_17053,0
heavy,7,0.0005,2,shot_17053_num_defects,14
heavy,7,0.0005,2,shot_17053_phase1_ns,12935
heavy,7,0.0005,2,shot_17053_harvest_ns,421
heavy,7,0.0005,2,shot_17053_escalation_ns,0
heavy,7,0.0005,2,shot_17053_stock_ns,0
heavy,7,0.0005,2,shot_17053_total_ns,13425
heavy,7,0.0005,2,shot_17053_exact_reference_ns,6583
heavy,7,0.0005,2,shot_17053_escalated,0
heavy,7,0.0005,2,shot_17053_contaminated,0
heavy,7,0.0005,2,shot_19252,0
heavy,7,0.0005,2,shot_19252_num_defects,14
heavy,7,0.0005,2,shot_19252_phase1_ns,10741
heavy,7,0.0005,2,shot_19252_harvest_ns,320
heavy,7,0.0005,2,shot_19252_escalation_ns,0
heavy,7,0.0005,2,shot_19252_stock_ns,0
heavy,7,0.0005,2,shot_19252_total_ns,11121
heavy,7,0.0005,2,shot_19252_exact_reference_ns,2906
heavy,7,0.0005,2,shot_19252_escalated,0
heavy,7,0.0005,2,shot_19252_contaminated,0
heavy,7,0.001,2,shot_2399,0
heavy,7,0.001,2,shot_2399_num_defects,19
heavy,7,0.001,2,shot_2399_phase1_ns,21841
heavy,7,0.001,2,shot_2399_harvest_ns,1493
heavy,7,0.001,2,shot_2399_escalation_ns,0
heavy,7,0.001,2,shot_2399_stock_ns,0
heavy,7,0.001,2,shot_2399_total_ns,23404
heavy,7,0.001,2,shot_2399_exact_reference_ns,6142
heavy,7,0.001,2,shot_2399_escalated,0
heavy,7,0.001,2,shot_2399_contaminated,0
heavy,7,0.001,2,shot_2565,0
heavy,7,0.001,2,shot_2565_num_defects,22
heavy,7,0.001,2,shot_2565_phase1_ns,63741
heavy,7,0.001,2,shot_2565_harvest_ns,1082
heavy,7,0.001,2,shot_2565_escalation_ns,0
heavy,7,0.001,2,shot_2565_stock_ns,0
heavy,7,0.001,2,shot_2565_total_ns,64913
heavy,7,0.001,2,shot_2565_exact_reference_ns,7735
heavy,7,0.001,2,shot_2565_escalated,0
heavy,7,0.001,2,shot_2565_contaminated,0
heavy,7,0.001,2,shot_3268,0
heavy,7,0.001,2,shot_3268_num_defects,7
heavy,7,0.001,2,shot_3268_phase1_ns,7454
heavy,7,0.001,2,shot_3268_harvest_ns,4629
heavy,7,0.001,2,shot_3268_escalation_ns,18956
heavy,7,0.001,2,shot_3268_stock_ns,18896
heavy,7,0.001,2,shot_3268_total_ns,31359
heavy,7,0.001,2,shot_3268_exact_reference_ns,11551
heavy,7,0.001,2,shot_3268_escalated,1
heavy,7,0.001,2,shot_3268_contaminated,0
heavy,7,0.001,2,shot_3818,0
heavy,7,0.001,2,shot_3818_num_defects,22
heavy,7,0.001,2,shot_3818_phase1_ns,20479
heavy,7,0.001,2,shot_3818_harvest_ns,621
heavy,7,0.001,2,shot_3818_escalation_ns,0
heavy,7,0.001,2,shot_3818_stock_ns,0
heavy,7,0.001,2,shot_3818_total_ns,21170
heavy,7,0.001,2,shot_3818_exact_reference_ns,5571
heavy,7,0.001,2,shot_3818_escalated,0
heavy,7,0.001,2,shot_3818_contaminated,0
heavy,7,0.001,2,shot_4122,0
heavy,7,0.001,2,shot_4122_num_defects,21
heavy,7,0.001,2,shot_4122_phase1_ns,22943
heavy,7,0.001,2,shot_4122_harvest_ns,852
heavy,7,0.001,2,shot_4122_escalation_ns,0
heavy,7,0.001,2,shot_4122_stock_ns,0
heavy,7,0.001,2,shot_4122_total_ns,23865
heavy,7,0.001,2,shot_4122_exact_reference_ns,14567
heavy,7,0.001,2,shot_4122_escalated,0
heavy,7,0.001,2,shot_4122_contaminated,0
heavy,7,0.001,2,shot_4795,0
heavy,7,0.001,2,shot_4795_num_defects,20
heavy,7,0.001,2,shot_4795_phase1_ns,23855
heavy,7,0.001,2,shot_4795_harvest_ns,882
heavy,7,0.001,2,shot_4795_escalation_ns,0
heavy,7,0.001,2,shot_4795_stock_ns,0
heavy,7,0.001,2,shot_4795_total_ns,24807
heavy,7,0.001,2,shot_4795_exact_reference_ns,12133
heavy,7,0.001,2,shot_4795_escalated,0
heavy,7,0.001,2,shot_4795_contaminated,0
heavy,7,0.001,2,shot_5016,0
heavy,7,0.001,2,shot_5016_num_defects,21
heavy,7,0.001,2,shot_5016_phase1_ns,19186
heavy,7,0.001,2,shot_5016_harvest_ns,661
heavy,7,0.001,2,shot_5016_escalation_ns,0
heavy,7,0.001,2,shot_5016_stock_ns,0
heavy,7,0.001,2,shot_5016_total_ns,19917
heavy,7,0.001,2,shot_5016_exact_reference_ns,4909
heavy,7,0.001,2,shot_5016_escalated,0
heavy,7,0.001,2,shot_5016_contaminated,0
heavy,7,0.001,2,shot_10591,0
heavy,7,0.001,2,shot_10591_num_defects,18
heavy,7,0.001,2,shot_10591_phase1_ns,16291
heavy,7,0.001,2,shot_10591_harvest_ns,611
heavy,7,0.001,2,shot_10591_escalation_ns,0
heavy,7,0.001,2,shot_10591_stock_ns,0
heavy,7,0.001,2,shot_10591_total_ns,16972
heavy,7,0.001,2,shot_10591_exact_reference_ns,5059
heavy,7,0.001,2,shot_10591_escalated,0
heavy,7,0.001,2,shot_10591_contaminated,0
heavy,7,0.001,2,shot_11623,0
heavy,7,0.001,2,shot_11623_num_defects,21
heavy,7,0.001,2,shot_11623_phase1_ns,27112
heavy,7,0.001,2,shot_11623_harvest_ns,1242
heavy,7,0.001,2,shot_11623_escalation_ns,0
heavy,7,0.001,2,shot_11623_stock_ns,0
heavy,7,0.001,2,shot_11623_total_ns,28494
heavy,7,0.001,2,shot_11623_exact_reference_ns,18124
heavy,7,0.001,2,shot_11623_escalated,0
heavy,7,0.001,2,shot_11623_contaminated,0
heavy,7,0.001,2,shot_12268,0
heavy,7,0.001,2,shot_12268_num_defects,20
heavy,7,0.001,2,shot_12268_phase1_ns,20409
heavy,7,0.001,2,shot_12268_harvest_ns,631
heavy,7,0.001,2,shot_12268_escalation_ns,0
heavy,7,0.001,2,shot_12268_stock_ns,0
heavy,7,0.001,2,shot_12268_total_ns,21120
heavy,7,0.001,2,shot_12268_exact_reference_ns,9268
heavy,7,0.001,2,shot_12268_escalated,0
heavy,7,0.001,2,shot_12268_contaminated,0
heavy,7,0.001,2,shot_13165,0
heavy,7,0.001,2,shot_13165_num_defects,20
heavy,7,0.001,2,shot_13165_phase1_ns,16030
heavy,7,0.001,2,shot_13165_harvest_ns,641
heavy,7,0.001,2,shot_13165_escalation_ns,0
heavy,7,0.001,2,shot_13165_stock_ns,0
heavy,7,0.001,2,shot_13165_total_ns,16731
heavy,7,0.001,2,shot_13165_exact_reference_ns,4438
heavy,7,0.001,2,shot_13165_escalated,0
heavy,7,0.001,2,shot_13165_contaminated,0
heavy,7,0.001,2,shot_14414,0
heavy,7,0.001,2,shot_14414_num_defects,19
heavy,7,0.001,2,shot_14414_phase1_ns,23054
heavy,7,0.001,2,shot_14414_harvest_ns,711
heavy,7,0.001,2,shot_14414_escalation_ns,0
heavy,7,0.001,2,shot_14414_stock_ns,0
heavy,7,0.001,2,shot_14414_total_ns,23845
heavy,7,0.001,2,shot_14414_exact_reference_ns,10129
heavy,7,0.001,2,shot_14414_escalated,0
heavy,7,0.001,2,shot_14414_contaminated,0
heavy,7,0.001,2,shot_16409,0
heavy,7,0.001,2,shot_16409_num_defects,21
heavy,7,0.001,2,shot_16409_phase1_ns,19506
heavy,7,0.001,2,shot_16409_harvest_ns,742
heavy,7,0.001,2,shot_16409_escalation_ns,0
heavy,7,0.001,2,shot_16409_stock_ns,0
heavy,7,0.001,2,shot_16409_total_ns,20308
heavy,7,0.001,2,shot_16409_exact_reference_ns,6823
heavy,7,0.001,2,shot_16409_escalated,0
heavy,7,0.001,2,shot_16409_contaminated,0
heavy,7,0.001,2,shot_16515,0
heavy,7,0.001,2,shot_16515_num_defects,19
heavy,7,0.001,2,shot_16515_phase1_ns,21179
heavy,7,0.001,2,shot_16515_harvest_ns,572
heavy,7,0.001,2,shot_16515_escalation_ns,0
heavy,7,0.001,2,shot_16515_stock_ns,0
heavy,7,0.001,2,shot_16515_total_ns,21821
heavy,7,0.001,2,shot_16515_exact_reference_ns,5601
heavy,7,0.001,2,shot_16515_escalated,0
heavy,7,0.001,2,shot_16515_contaminated,0
heavy,7,0.001,2,shot_16531,0
heavy,7,0.001,2,shot_16531_num_defects,19
heavy,7,0.001,2,shot_16531_phase1_ns,18635
heavy,7,0.001,2,shot_16531_harvest_ns,731
heavy,7,0.001,2,shot_16531_escalation_ns,0
heavy,7,0.001,2,shot_16531_stock_ns,0
heavy,7,0.001,2,shot_16531_total_ns,19436
heavy,7,0.001,2,shot_16531_exact_reference_ns,9458
heavy,7,0.001,2,shot_16531_escalated,0
heavy,7,0.001,2,shot_16531_contaminated,0
heavy,7,0.001,2,shot_17446,0
heavy,7,0.001,2,shot_17446_num_defects,19
heavy,7,0.001,2,shot_17446_phase1_ns,15259
heavy,7,0.001,2,shot_17446_harvest_ns,631
heavy,7,0.001,2,shot_17446_escalation_ns,0
heavy,7,0.001,2,shot_17446_stock_ns,0
heavy,7,0.001,2,shot_17446_total_ns,15960
heavy,7,0.001,2,shot_17446_exact_reference_ns,4298
heavy,7,0.001,2,shot_17446_escalated,0
heavy,7,0.001,2,shot_17446_contaminated,0
heavy,7,0.001,2,shot_17816,0
heavy,7,0.001,2,shot_17816_num_defects,19
heavy,7,0.001,2,shot_17816_phase1_ns,20899
heavy,7,0.001,2,shot_17816_harvest_ns,732
heavy,7,0.001,2,shot_17816_escalation_ns,0
heavy,7,0.001,2,shot_17816_stock_ns,0
heavy,7,0.001,2,shot_17816_total_ns,21701
heavy,7,0.001,2,shot_17816_exact_reference_ns,8326
heavy,7,0.001,2,shot_17816_escalated,0
heavy,7,0.001,2,shot_17816_contaminated,0
heavy,7,0.001,2,shot_18318,0
heavy,7,0.001,2,shot_18318_num_defects,20
heavy,7,0.001,2,shot_18318_phase1_ns,17022
heavy,7,0.001,2,shot_18318_harvest_ns,671
heavy,7,0.001,2,shot_18318_escalation_ns,0
heavy,7,0.001,2,shot_18318_stock_ns,0
heavy,7,0.001,2,shot_18318_total_ns,17763
heavy,7,0.001,2,shot_18318_exact_reference_ns,6182
heavy,7,0.001,2,shot_18318_escalated,0
heavy,7,0.001,2,shot_18318_contaminated,0
heavy,7,0.001,2,shot_18488,0
heavy,7,0.001,2,shot_18488_num_defects,15
heavy,7,0.001,2,shot_18488_phase1_ns,13666
heavy,7,0.001,2,shot_18488_harvest_ns,5360
heavy,7,0.001,2,shot_18488_escalation_ns,22693
heavy,7,0.001,2,shot_18488_stock_ns,22643
heavy,7,0.001,2,shot_18488_total_ns,41959
heavy,7,0.001,2,shot_18488_exact_reference_ns,14828
heavy,7,0.001,2,shot_18488_escalated,1
heavy,7,0.001,2,shot_18488_contaminated,0
heavy,7,0.001,2,shot_18945,0
heavy,7,0.001,2,shot_18945_num_defects,19
heavy,7,0.001,2,shot_18945_phase1_ns,23765
heavy,7,0.001,2,shot_18945_harvest_ns,1032
heavy,7,0.001,2,shot_18945_escalation_ns,0
heavy,7,0.001,2,shot_18945_stock_ns,0
heavy,7,0.001,2,shot_18945_total_ns,24867
heavy,7,0.001,2,shot_18945_exact_reference_ns,11221
heavy,7,0.001,2,shot_18945_escalated,0
heavy,7,0.001,2,shot_18945_contaminated,0
heavy,7,0.001,2,shot_19352,0
heavy,7,0.001,2,shot_19352_num_defects,21
heavy,7,0.001,2,shot_19352_phase1_ns,21349
heavy,7,0.001,2,shot_19352_harvest_ns,702
heavy,7,0.001,2,shot_19352_escalation_ns,0
heavy,7,0.001,2,shot_19352_stock_ns,0
heavy,7,0.001,2,shot_19352_total_ns,22121
heavy,7,0.001,2,shot_19352_exact_reference_ns,7024
heavy,7,0.001,2,shot_19352_escalated,0
heavy,7,0.001,2,shot_19352_contaminated,0
heavy,7,0.001,2,shot_19550,0
heavy,7,0.001,2,shot_19550_num_defects,20
heavy,7,0.001,2,shot_19550_phase1_ns,18956
heavy,7,0.001,2,shot_19550_harvest_ns,641
heavy,7,0.001,2,shot_19550_escalation_ns,0
heavy,7,0.001,2,shot_19550_stock_ns,0
heavy,7,0.001,2,shot_19550_total_ns,19668
heavy,7,0.001,2,shot_19550_exact_reference_ns,5300
heavy,7,0.001,2,shot_19550_escalated,0
heavy,7,0.001,2,shot_19550_contaminated,0
heavy,7,0.003,2,shot_1330,0
heavy,7,0.003,2,shot_1330_num_defects,34
heavy,7,0.003,2,shot_1330_phase1_ns,40136
heavy,7,0.003,2,shot_1330_harvest_ns,1122
heavy,7,0.003,2,shot_1330_escalation_ns,0
heavy,7,0.003,2,shot_1330_stock_ns,0
heavy,7,0.003,2,shot_1330_total_ns,41328
heavy,7,0.003,2,shot_1330_exact_reference_ns,18464
heavy,7,0.003,2,shot_1330_escalated,0
heavy,7,0.003,2,shot_1330_contaminated,0
heavy,7,0.003,2,shot_1357,0
heavy,7,0.003,2,shot_1357_num_defects,37
heavy,7,0.003,2,shot_1357_phase1_ns,89158
heavy,7,0.003,2,shot_1357_harvest_ns,1633
heavy,7,0.003,2,shot_1357_escalation_ns,0
heavy,7,0.003,2,shot_1357_stock_ns,0
heavy,7,0.003,2,shot_1357_total_ns,90872
heavy,7,0.003,2,shot_1357_exact_reference_ns,16271
heavy,7,0.003,2,shot_1357_escalated,0
heavy,7,0.003,2,shot_1357_contaminated,0
heavy,7,0.003,2,shot_3186,0
heavy,7,0.003,2,shot_3186_num_defects,38
heavy,7,0.003,2,shot_3186_phase1_ns,48341
heavy,7,0.003,2,shot_3186_harvest_ns,1022
heavy,7,0.003,2,shot_3186_escalation_ns,0
heavy,7,0.003,2,shot_3186_stock_ns,0
heavy,7,0.003,2,shot_3186_total_ns,49443
heavy,7,0.003,2,shot_3186_exact_reference_ns,14006
heavy,7,0.003,2,shot_3186_escalated,0
heavy,7,0.003,2,shot_3186_contaminated,0
heavy,7,0.003,2,shot_4626,0
heavy,7,0.003,2,shot_4626_num_defects,34
heavy,7,0.003,2,shot_4626_phase1_ns,41457
heavy,7,0.003,2,shot_4626_harvest_ns,1032
heavy,7,0.003,2,shot_4626_escalation_ns,0
heavy,7,0.003,2,shot_4626_stock_ns,0
heavy,7,0.003,2,shot_4626_total_ns,42561
heavy,7,0.003,2,shot_4626_exact_reference_ns,15219
heavy,7,0.003,2,shot_4626_escalated,0
heavy,7,0.003,2,shot_4626_contaminated,0
heavy,7,0.003,2,shot_5111,0
heavy,7,0.003,2,shot_5111_num_defects,35
heavy,7,0.003,2,shot_5111_phase1_ns,46268
heavy,7,0.003,2,shot_5111_harvest_ns,1012
heavy,7,0.003,2,shot_5111_escalation_ns,0
heavy,7,0.003,2,shot_5111_stock_ns,0
heavy,7,0.003,2,shot_5111_total_ns,47370
heavy,7,0.003,2,shot_5111_exact_reference_ns,10750
heavy,7,0.003,2,shot_5111_escalated,0
heavy,7,0.003,2,shot_5111_contaminated,0
heavy,7,0.003,2,shot_5713,0
heavy,7,0.003,2,shot_5713_num_defects,10
heavy,7,0.003,2,shot_5713_phase1_ns,10449
heavy,7,0.003,2,shot_5713_harvest_ns,8327
heavy,7,0.003,2,shot_5713_escalation_ns,17392
heavy,7,0.003,2,shot_5713_stock_ns,17333
heavy,7,0.003,2,shot_5713_total_ns,36368
heavy,7,0.003,2,shot_5713_exact_reference_ns,9848
heavy,7,0.003,2,shot_5713_escalated,1
heavy,7,0.003,2,shot_5713_contaminated,0
heavy,7,0.003,2,shot_5966,0
heavy,7,0.003,2,shot_5966_num_defects,35
heavy,7,0.003,2,shot_5966_phase1_ns,51007
heavy,7,0.003,2,shot_5966_harvest_ns,1382
heavy,7,0.003,2,shot_5966_escalation_ns,0
heavy,7,0.003,2,shot_5966_stock_ns,0
heavy,7,0.003,2,shot_5966_total_ns,52449
heavy,7,0.003,2,shot_5966_exact_reference_ns,20769
heavy,7,0.003,2,shot_5966_escalated,0
heavy,7,0.003,2,shot_5966_contaminated,0
heavy,7,0.003,2,shot_6153,0
heavy,7,0.003,2,shot_6153_num_defects,18
heavy,7,0.003,2,shot_6153_phase1_ns,21020
heavy,7,0.003,2,shot_6153_harvest_ns,5981
heavy,7,0.003,2,shot_6153_escalation_ns,33333
heavy,7,0.003,2,shot_6153_stock_ns,33283
heavy,7,0.003,2,shot_6153_total_ns,60534
heavy,7,0.003,2,shot_6153_exact_reference_ns,24345
heavy,7,0.003,2,shot_6153_escalated,1
heavy,7,0.003,2,shot_6153_contaminated,0
heavy,7,0.003,2,shot_8530,0
heavy,7,0.003,2,shot_8530_num_defects,36
heavy,7,0.003,2,shot_8530_phase1_ns,51297
heavy,7,0.003,2,shot_8530_harvest_ns,1122
heavy,7,0.003,2,shot_8530_escalation_ns,0
heavy,7,0.003,2,shot_8530_stock_ns,0
heavy,7,0.003,2,shot_8530_total_ns,52499
heavy,7,0.003,2,shot_8530_exact_reference_ns,16081
heavy,7,0.003,2,shot_8530_escalated,0
heavy,7,0.003,2,shot_8530_contaminated,0
heavy,7,0.003,2,shot_9467,0
heavy,7,0.003,2,shot_9467_num_defects,34
heavy,7,0.003,2,shot_9467_phase1_ns,41570
heavy,7,0.003,2,shot_9467_harvest_ns,951
heavy,7,0.003,2,shot_9467_escalation_ns,0
heavy,7,0.003,2,shot_9467_stock_ns,0
heavy,7,0.003,2,shot_9467_total_ns,42611
heavy,7,0.003,2,shot_9467_exact_reference_ns,12023
heavy,7,0.003,2,shot_9467_escalated,0
heavy,7,0.003,2,shot_9467_contaminated,0
heavy,7,0.003,2,shot_9759,0
heavy,7,0.003,2,shot_9759_num_defects,35
heavy,7,0.003,2,shot_9759_phase1_ns,47449
heavy,7,0.003,2,shot_9759_harvest_ns,1222
heavy,7,0.003,2,shot_9759_escalation_ns,0
heavy,7,0.003,2,shot_9759_stock_ns,0
heavy,7,0.003,2,shot_9759_total_ns,48742
heavy,7,0.003,2,shot_9759_exact_reference_ns,24727
heavy,7,0.003,2,shot_9759_escalated,0
heavy,7,0.003,2,shot_9759_contaminated,0
heavy,7,0.003,2,shot_11255,0
heavy,7,0.003,2,shot_11255_num_defects,38
heavy,7,0.003,2,shot_11255_phase1_ns,55044
heavy,7,0.003,2,shot_11255_harvest_ns,1082
heavy,7,0.003,2,shot_11255_escalation_ns,0
heavy,7,0.003,2,shot_11255_stock_ns,0
heavy,7,0.003,2,shot_11255_total_ns,56196
heavy,7,0.003,2,shot_11255_exact_reference_ns,15269
heavy,7,0.003,2,shot_11255_escalated,0
heavy,7,0.003,2,shot_11255_contaminated,0
heavy,7,0.003,2,shot_11445,0
heavy,7,0.003,2,shot_11445_num_defects,35
heavy,7,0.003,2,shot_11445_phase1_ns,37321
heavy,7,0.003,2,shot_11445_harvest_ns,982
heavy,7,0.003,2,shot_11445_escalation_ns,0
heavy,7,0.003,2,shot_11445_stock_ns,0
heavy,7,0.003,2,shot_11445_total_ns,38373
heavy,7,0.003,2,shot_11445_exact_reference_ns,12022
heavy,7,0.003,2,shot_11445_escalated,0
heavy,7,0.003,2,shot_11445_contaminated,0
heavy,7,0.003,2,shot_14027,0
heavy,7,0.003,2,shot_14027_num_defects,34
heavy,7,0.003,2,shot_14027_phase1_ns,39164
heavy,7,0.003,2,shot_14027_harvest_ns,1012
heavy,7,0.003,2,shot_14027_escalation_ns,0
heavy,7,0.003,2,shot_14027_stock_ns,0
heavy,7,0.003,2,shot_14027_total_ns,40236
heavy,7,0.003,2,shot_14027_exact_reference_ns,11512
heavy,7,0.003,2,shot_14027_escalated,0
heavy,7,0.003,2,shot_14027_contaminated,0
heavy,7,0.003,2,shot_15280,0
heavy,7,0.003,2,shot_15280_num_defects,42
heavy,7,0.003,2,shot_15280_phase1_ns,60144
heavy,7,0.003,2,shot_15280_harvest_ns,1282
heavy,7,0.003,2,shot_15280_escalation_ns,0
heavy,7,0.003,2,shot_15280_stock_ns,0
heavy,7,0.003,2,shot_15280_total_ns,61496
heavy,7,0.003,2,shot_15280_exact_reference_ns,17533
heavy,7,0.003,2,shot_15280_escalated,0
heavy,7,0.003,2,shot_15280_contaminated,0
heavy,7,0.003,2,shot_16139,0
heavy,7,0.003,2,shot_16139_num_defects,36
heavy,7,0.003,2,shot_16139_phase1_ns,39054
heavy,7,0.003,2,shot_16139_harvest_ns,1002
heavy,7,0.003,2,shot_16139_escalation_ns,0
heavy,7,0.003,2,shot_16139_stock_ns,0
heavy,7,0.003,2,shot_16139_total_ns,40116
heavy,7,0.003,2,shot_16139_exact_reference_ns,9497
heavy,7,0.003,2,shot_16139_escalated,0
heavy,7,0.003,2,shot_16139_contaminated,0
heavy,7,0.003,2,shot_16884,0
heavy,7,0.003,2,shot_16884_num_defects,13
heavy,7,0.003,2,shot_16884_phase1_ns,11723
heavy,7,0.003,2,shot_16884_harvest_ns,8486
heavy,7,0.003,2,shot_16884_escalation_ns,16551
heavy,7,0.003,2,shot_16884_stock_ns,16491
heavy,7,0.003,2,shot_16884_total_ns,36950
heavy,7,0.003,2,shot_16884_exact_reference_ns,12714
heavy,7,0.003,2,shot_16884_escalated,1
heavy,7,0.003,2,shot_16884_contaminated,0
heavy,7,0.003,2,shot_18331,0
heavy,7,0.003,2,shot_18331_num_defects,35
heavy,7,0.003,2,shot_18331_phase1_ns,45055
heavy,7,0.003,2,shot_18331_harvest_ns,992
heavy,7,0.003,2,shot_18331_escalation_ns,0
heavy,7,0.003,2,shot_18331_stock_ns,0
heavy,7,0.003,2,shot_18331_total_ns,46117
heavy,7,0.003,2,shot_18331_exact_reference_ns,16682
heavy,7,0.003,2,shot_18331_escalated,0
heavy,7,0.003,2,shot_18331_contaminated,0
heavy,7,0.003,2,shot_18554,0
heavy,7,0.003,2,shot_18554_num_defects,35
heavy,7,0.003,2,shot_18554_phase1_ns,38462
heavy,7,0.003,2,shot_18554_harvest_ns,1323
heavy,7,0.003,2,shot_18554_escalation_ns,0
heavy,7,0.003,2,shot_18554_stock_ns,0
heavy,7,0.003,2,shot_18554_total_ns,39865
heavy,7,0.003,2,shot_18554_exact_reference_ns,22894
heavy,7,0.003,2,shot_18554_escalated,0
heavy,7,0.003,2,shot_18554_contaminated,0
heavy,7,0.003,2,shot_18664,0
heavy,7,0.003,2,shot_18664_num_defects,34
heavy,7,0.003,2,shot_18664_phase1_ns,38983
heavy,7,0.003,2,shot_18664_harvest_ns,962
heavy,7,0.003,2,shot_18664_escalation_ns,0
heavy,7,0.003,2,shot_18664_stock_ns,0
heavy,7,0.003,2,shot_18664_total_ns,40016
heavy,7,0.003,2,shot_18664_exact_reference_ns,10459
heavy,7,0.003,2,shot_18664_escalated,0
heavy,7,0.003,2,shot_18664_contaminated,0
heavy,7,0.003,2,shot_18816,0
heavy,7,0.003,2,shot_18816_num_defects,39
heavy,7,0.003,2,shot_18816_phase1_ns,55725
heavy,7,0.003,2,shot_18816_harvest_ns,1352
heavy,7,0.003,2,shot_18816_escalation_ns,0
heavy,7,0.003,2,shot_18816_stock_ns,0
heavy,7,0.003,2,shot_18816_total_ns,57148
heavy,7,0.003,2,shot_18816_exact_reference_ns,26230
heavy,7,0.003,2,shot_18816_escalated,0
heavy,7,0.003,2,shot_18816_contaminated,0
heavy,7,0.003,2,shot_19253,0
heavy,7,0.003,2,shot_19253_num_defects,35
heavy,7,0.003,2,shot_19253_phase1_ns,42480
heavy,7,0.003,2,shot_19253_harvest_ns,961
heavy,7,0.003,2,shot_19253_escalation_ns,0
heavy,7,0.003,2,shot_19253_stock_ns,0
heavy,7,0.003,2,shot_19253_total_ns,43511
heavy,7,0.003,2,shot_19253_exact_reference_ns,11361
heavy,7,0.003,2,shot_19253_escalated,0
heavy,7,0.003,2,shot_19253_contaminated,0
heavy,7,0.003,2,shot_19500,0
heavy,7,0.003,2,shot_19500_num_defects,34
heavy,7,0.003,2,shot_19500_phase1_ns,44263
heavy,7,0.003,2,shot_19500_harvest_ns,952
heavy,7,0.003,2,shot_19500_escalation_ns,0
heavy,7,0.003,2,shot_19500_stock_ns,0
heavy,7,0.003,2,shot_19500_total_ns,45295
heavy,7,0.003,2,shot_19500_exact_reference_ns,8827
heavy,7,0.003,2,shot_19500_escalated,0
heavy,7,0.003,2,shot_19500_contaminated,0
heavy,7,0.005,2,shot_254,0
heavy,7,0.005,2,shot_254_num_defects,13
heavy,7,0.005,2,shot_254_phase1_ns,15459
heavy,7,0.005,2,shot_254_harvest_ns,7054
heavy,7,0.005,2,shot_254_escalation_ns,31119
heavy,7,0.005,2,shot_254_stock_ns,31059
heavy,7,0.005,2,shot_254_total_ns,53862
heavy,7,0.005,2,shot_254_exact_reference_ns,21551
heavy,7,0.005,2,shot_254_escalated,1
heavy,7,0.005,2,shot_254_contaminated,0
heavy,7,0.005,2,shot_512,0
heavy,7,0.005,2,shot_512_num_defects,53
heavy,7,0.005,2,shot_512_phase1_ns,127151
heavy,7,0.005,2,shot_512_harvest_ns,2013
heavy,7,0.005,2,shot_512_escalation_ns,0
heavy,7,0.005,2,shot_512_stock_ns,0
heavy,7,0.005,2,shot_512_total_ns,129254
heavy,7,0.005,2,shot_512_exact_reference_ns,29155
heavy,7,0.005,2,shot_512_escalated,0
heavy,7,0.005,2,shot_512_contaminated,0
heavy,7,0.005,2,shot_599,0
heavy,7,0.005,2,shot_599_num_defects,47
heavy,7,0.005,2,shot_599_phase1_ns,68198
heavy,7,0.005,2,shot_599_harvest_ns,1473
heavy,7,0.005,2,shot_599_escalation_ns,0
heavy,7,0.005,2,shot_599_stock_ns,0
heavy,7,0.005,2,shot_599_total_ns,69771
heavy,7,0.005,2,shot_599_exact_reference_ns,23444
heavy,7,0.005,2,shot_599_escalated,0
heavy,7,0.005,2,shot_599_contaminated,0
heavy,7,0.005,2,shot_1279,0
heavy,7,0.005,2,shot_1279_num_defects,21
heavy,7,0.005,2,shot_1279_phase1_ns,21089
heavy,7,0.005,2,shot_1279_harvest_ns,10290
heavy,7,0.005,2,shot_1279_escalation_ns,27853
heavy,7,0.005,2,shot_1279_stock_ns,27782
heavy,7,0.005,2,shot_1279_total_ns,59482
heavy,7,0.005,2,shot_1279_exact_reference_ns,18966
heavy,7,0.005,2,shot_1279_escalated,1
heavy,7,0.005,2,shot_1279_contaminated,0
heavy,7,0.005,2,shot_1286,0
heavy,7,0.005,2,shot_1286_num_defects,47
heavy,7,0.005,2,shot_1286_phase1_ns,66025
heavy,7,0.005,2,shot_1286_harvest_ns,1543
heavy,7,0.005,2,shot_1286_escalation_ns,0
heavy,7,0.005,2,shot_1286_stock_ns,0
heavy,7,0.005,2,shot_1286_total_ns,67647
heavy,7,0.005,2,shot_1286_exact_reference_ns,23273
heavy,7,0.005,2,shot_1286_escalated,0
heavy,7,0.005,2,shot_1286_contaminated,0
heavy,7,0.005,2,shot_1561,0
heavy,7,0.005,2,shot_1561_num_defects,51
heavy,7,0.005,2,shot_1561_phase1_ns,66164
heavy,7,0.005,2,shot_1561_harvest_ns,1684
heavy,7,0.005,2,shot_1561_escalation_ns,0
heavy,7,0.005,2,shot_1561_stock_ns,0
heavy,7,0.005,2,shot_1561_total_ns,67958
heavy,7,0.005,2,shot_1561_exact_reference_ns,17332
heavy,7,0.005,2,shot_1561_escalated,0
heavy,7,0.005,2,shot_1561_contaminated,0
heavy,7,0.005,2,shot_2020,0
heavy,7,0.005,2,shot_2020_num_defects,48
heavy,7,0.005,2,shot_2020_phase1_ns,66967
heavy,7,0.005,2,shot_2020_harvest_ns,1442
heavy,7,0.005,2,shot_2020_escalation_ns,0
heavy,7,0.005,2,shot_2020_stock_ns,0
heavy,7,0.005,2,shot_2020_total_ns,68500
heavy,7,0.005,2,shot_2020_exact_reference_ns,23444
heavy,7,0.005,2,shot_2020_escalated,0
heavy,7,0.005,2,shot_2020_contaminated,0
heavy,7,0.005,2,shot_2078,0
heavy,7,0.005,2,shot_2078_num_defects,27
heavy,7,0.005,2,shot_2078_phase1_ns,32501
heavy,7,0.005,2,shot_2078_harvest_ns,9047
heavy,7,0.005,2,shot_2078_escalation_ns,31820
heavy,7,0.005,2,shot_2078_stock_ns,31770
heavy,7,0.005,2,shot_2078_total_ns,73659
heavy,7,0.005,2,shot_2078_exact_reference_ns,22182
heavy,7,0.005,2,shot_2078_escalated,1
heavy,7,0.005,2,shot_2078_contaminated,0
heavy,7,0.005,2,shot_2119,0
heavy,7,0.005,2,shot_2119_num_defects,15
heavy,7,0.005,2,shot_2119_phase1_ns,11131
heavy,7,0.005,2,shot_2119_harvest_ns,5049
heavy,7,0.005,2,shot_2119_escalation_ns,14357
heavy,7,0.005,2,shot_2119_stock_ns,14317
heavy,7,0.005,2,shot_2119_total_ns,30647
heavy,7,0.005,2,shot_2119_exact_reference_ns,8927
heavy,7,0.005,2,shot_2119_escalated,1
heavy,7,0.005,2,shot_2119_contaminated,0
heavy,7,0.005,2,shot_3988,0
heavy,7,0.005,2,shot_3988_num_defects,47
heavy,7,0.005,2,shot_3988_phase1_ns,67427
heavy,7,0.005,2,shot_3988_harvest_ns,1503
heavy,7,0.005,2,shot_3988_escalation_ns,0
heavy,7,0.005,2,shot_3988_stock_ns,0
heavy,7,0.005,2,shot_3988_total_ns,69050
heavy,7,0.005,2,shot_3988_exact_reference_ns,26068
heavy,7,0.005,2,shot_3988_escalated,0
heavy,7,0.005,2,shot_3988_contaminated,0
heavy,7,0.005,2,shot_4090,0
heavy,7,0.005,2,shot_4090_num_defects,48
heavy,7,0.005,2,shot_4090_phase1_ns,62579
heavy,7,0.005,2,shot_4090_harvest_ns,1382
heavy,7,0.005,2,shot_4090_escalation_ns,0
heavy,7,0.005,2,shot_4090_stock_ns,0
heavy,7,0.005,2,shot_4090_total_ns,64050
heavy,7,0.005,2,shot_4090_exact_reference_ns,19888
heavy,7,0.005,2,shot_4090_escalated,0
heavy,7,0.005,2,shot_4090_contaminated,0
heavy,7,0.005,2,shot_5183,0
heavy,7,0.005,2,shot_5183_num_defects,47
heavy,7,0.005,2,shot_5183_phase1_ns,68229
heavy,7,0.005,2,shot_5183_harvest_ns,1192
heavy,7,0.005,2,shot_5183_escalation_ns,0
heavy,7,0.005,2,shot_5183_stock_ns,0
heavy,7,0.005,2,shot_5183_total_ns,69511
heavy,7,0.005,2,shot_5183_exact_reference_ns,22352
heavy,7,0.005,2,shot_5183_escalated,0
heavy,7,0.005,2,shot_5183_contaminated,0
heavy,7,0.005,2,shot_5899,0
heavy,7,0.005,2,shot_5899_num_defects,37
heavy,7,0.005,2,shot_5899_phase1_ns,53721
heavy,7,0.005,2,shot_5899_harvest_ns,9227
heavy,7,0.005,2,shot_5899_escalation_ns,41879
heavy,7,0.005,2,shot_5899_stock_ns,41819
heavy,7,0.005,2,shot_5899_total_ns,105209
heavy,7,0.005,2,shot_5899_exact_reference_ns,31439
heavy,7,0.005,2,shot_5899_escalated,1
heavy,7,0.005,2,shot_5899_contaminated,0
heavy,7,0.005,2,shot_6495,0
heavy,7,0.005,2,shot_6495_num_defects,38
heavy,7,0.005,2,shot_6495_phase1_ns,50896
heavy,7,0.005,2,shot_6495_harvest_ns,5771
heavy,7,0.005,2,shot_6495_escalation_ns,55074
heavy,7,0.005,2,shot_6495_stock_ns,55013
heavy,7,0.005,2,shot_6495_total_ns,111861
heavy,7,0.005,2,shot_6495_exact_reference_ns,45756
heavy,7,0.005,2,shot_6495_escalated,1
heavy,7,0.005,2,shot_6495_contaminated,0
heavy,7,0.005,2,shot_7331,0
heavy,7,0.005,2,shot_7331_num_defects,35
heavy,7,0.005,2,shot_7331_phase1_ns,42009
heavy,7,0.005,2,shot_7331_harvest_ns,7093
heavy,7,0.005,2,shot_7331_escalation_ns,32561
heavy,7,0.005,2,shot_7331_stock_ns,32491
heavy,7,0.005,2,shot_7331_total_ns,81864
heavy,7,0.005,2,shot_7331_exact_reference_ns,23063
heavy,7,0.005,2,shot_7331_escalated,1
heavy,7,0.005,2,shot_7331_contaminated,0
heavy,7,0.005,2,shot_7337,0
heavy,7,0.005,2,shot_7337_num_defects,16
heavy,7,0.005,2,shot_7337_phase1_ns,19897
heavy,7,0.005,2,shot_7337_harvest_ns,4469
heavy,7,0.005,2,shot_7337_escalation_ns,33082
heavy,7,0.005,2,shot_7337_stock_ns,33022
heavy,7,0.005,2,shot_7337_total_ns,57548
heavy,7,0.005,2,shot_7337_exact_reference_ns,24196
heavy,7,0.005,2,shot_7337_escalated,1
heavy,7,0.005,2,shot_7337_contaminated,0
heavy,7,0.005,2,shot_7505,0
heavy,7,0.005,2,shot_7505_num_defects,22
heavy,7,0.005,2,shot_7505_phase1_ns,24297
heavy,7,0.005,2,shot_7505_harvest_ns,5189
heavy,7,0.005,2,shot_7505_escalation_ns,27964
heavy,7,0.005,2,shot_7505_stock_ns,27902
heavy,7,0.005,2,shot_7505_total_ns,57548
heavy,7,0.005,2,shot_7505_exact_reference_ns,19266
heavy,7,0.005,2,shot_7505_escalated,1
heavy,7,0.005,2,shot_7505_contaminated,0
heavy,7,0.005,2,shot_8588,0
heavy,7,0.005,2,shot_8588_num_defects,20
heavy,7,0.005,2,shot_8588_phase1_ns,23694
heavy,7,0.005,2,shot_8588_harvest_ns,7895
heavy,7,0.005,2,shot_8588_escalation_ns,30097
heavy,7,0.005,2,shot_8588_stock_ns,29846
heavy,7,0.005,2,shot_8588_total_ns,61916
heavy,7,0.005,2,shot_8588_exact_reference_ns,20659
heavy,7,0.005,2,shot_8588_escalated,1
heavy,7,0.005,2,shot_8588_contaminated,0
heavy,7,0.005,2,shot_9125,0
heavy,7,0.005,2,shot_9125_num_defects,29
heavy,7,0.005,2,shot_9125_phase1_ns,36178
heavy,7,0.005,2,shot_9125_harvest_ns,8056
heavy,7,0.005,2,shot_9125_escalation_ns,28624
heavy,7,0.005,2,shot_9125_stock_ns,28494
heavy,7,0.005,2,shot_9125_total_ns,73148
heavy,7,0.005,2,shot_9125_exact_reference_ns,18946
heavy,7,0.005,2,shot_9125_escalated,1
heavy,7,0.005,2,shot_9125_contaminated,0
heavy,7,0.005,2,shot_9741,0
heavy,7,0.005,2,shot_9741_num_defects,47
heavy,7,0.005,2,shot_9741_phase1_ns,56858
heavy,7,0.005,2,shot_9741_harvest_ns,1282
heavy,7,0.005,2,shot_9741_escalation_ns,0
heavy,7,0.005,2,shot_9741_stock_ns,0
heavy,7,0.005,2,shot_9741_total_ns,58219
heavy,7,0.005,2,shot_9741_exact_reference_ns,18555
heavy,7,0.005,2,shot_9741_escalated,0
heavy,7,0.005,2,shot_9741_contaminated,0
heavy,7,0.005,2,shot_11059,0
heavy,7,0.005,2,shot_11059_num_defects,47
heavy,7,0.005,2,shot_11059_phase1_ns,70823
heavy,7,0.005,2,shot_11059_harvest_ns,1623
heavy,7,0.005,2,shot_11059_escalation_ns,0
heavy,7,0.005,2,shot_11059_stock_ns,0
heavy,7,0.005,2,shot_11059_total_ns,72536
heavy,7,0.005,2,shot_11059_exact_reference_ns,22472
heavy,7,0.005,2,shot_11059_escalated,0
heavy,7,0.005,2,shot_11059_contaminated,0
heavy,7,0.005,2,shot_11765,0
heavy,7,0.005,2,shot_11765_num_defects,25
heavy,7,0.005,2,shot_11765_phase1_ns,27052
heavy,7,0.005,2,shot_11765_harvest_ns,9127
heavy,7,0.005,2,shot_11765_escalation_ns,23103
heavy,7,0.005,2,shot_11765_stock_ns,23043
heavy,7,0.005,2,shot_11765_total_ns,59502
heavy,7,0.005,2,shot_11765_exact_reference_ns,14848
heavy,7,0.005,2,shot_11765_escalated,1
heavy,7,0.005,2,shot_11765_contaminated,0
heavy,7,0.005,2,shot_11796,0
heavy,7,0.005,2,shot_11796_num_defects,51
heavy,7,0.005,2,shot_11796_phase1_ns,76614
heavy,7,0.005,2,shot_11796_harvest_ns,1623
heavy,7,0.005,2,shot_11796_escalation_ns,0
heavy,7,0.005,2,shot_11796_stock_ns,0
heavy,7,0.005,2,shot_11796_total_ns,78358
heavy,7,0.005,2,shot_11796_exact_reference_ns,21310
heavy,7,0.005,2,shot_11796_escalated,0
heavy,7,0.005,2,shot_11796_contaminated,0
heavy,7,0.005,2,shot_12784,0
heavy,7,0.005,2,shot_12784_num_defects,17
heavy,7,0.005,2,shot_12784_phase1_ns,13615
heavy,7,0.005,2,shot_12784_harvest_ns,13035
heavy,7,0.005,2,shot_12784_escalation_ns,15980
heavy,7,0.005,2,shot_12784_stock_ns,15920
heavy,7,0.005,2,shot_12784_total_ns,42940
heavy,7,0.005,2,shot_12784_exact_reference_ns,9899
heavy,7,0.005,2,shot_12784_escalated,1
heavy,7,0.005,2,shot_12784_contaminated,0
heavy,7,0.005,2,shot_12847,0
heavy,7,0.005,2,shot_12847_num_defects,47
heavy,7,0.005,2,shot_12847_phase1_ns,60364
heavy,7,0.005,2,shot_12847_harvest_ns,1403
heavy,7,0.005,2,shot_12847_escalation_ns,0
heavy,7,0.005,2,shot_12847_stock_ns,0
heavy,7,0.005,2,shot_12847_total_ns,61837
heavy,7,0.005,2,shot_12847_exact_reference_ns,18965
heavy,7,0.005,2,shot_12847_escalated,0
heavy,7,0.005,2,shot_12847_contaminated,0
heavy,7,0.005,2,shot_13064,0
heavy,7,0.005,2,shot_13064_num_defects,9
heavy,7,0.005,2,shot_13064_phase1_ns,7775
heavy,7,0.005,2,shot_13064_harvest_ns,7374
heavy,7,0.005,2,shot_13064_escalation_ns,10190
heavy,7,0.005,2,shot_13064_stock_ns,10139
heavy,7,0.005,2,shot_13064_total_ns,25598
heavy,7,0.005,2,shot_13064_exact_reference_ns,5821
heavy,7,0.005,2,shot_13064_escalated,1
heavy,7,0.005,2,shot_13064_contaminated,0
heavy,7,0.005,2,shot_13672,0
heavy,7,0.005,2,shot_13672_num_defects,54
heavy,7,0.005,2,shot_13672_phase1_ns,75163
heavy,7,0.005,2,shot_13672_harvest_ns,1542
heavy,7,0.005,2,shot_13672_escalation_ns,0
heavy,7,0.005,2,shot_13672_stock_ns,0
heavy,7,0.005,2,shot_13672_total_ns,76815
heavy,7,0.005,2,shot_13672_exact_reference_ns,19717
heavy,7,0.005,2,shot_13672_escalated,0
heavy,7,0.005,2,shot_13672_contaminated,0
heavy,7,0.005,2,shot_13735,0
heavy,7,0.005,2,shot_13735_num_defects,47
heavy,7,0.005,2,shot_13735_phase1_ns,66615
heavy,7,0.005,2,shot_13735_harvest_ns,1523
heavy,7,0.005,2,shot_13735_escalation_ns,0
heavy,7,0.005,2,shot_13735_stock_ns,0
heavy,7,0.005,2,shot_13735_total_ns,68218
heavy,7,0.005,2,shot_13735_exact_reference_ns,23364
heavy,7,0.005,2,shot_13735_escalated,0
heavy,7,0.005,2,shot_13735_contaminated,0
heavy,7,0.005,2,shot_15128,0
heavy,7,0.005,2,shot_15128_num_defects,16
heavy,7,0.005,2,shot_15128_phase1_ns,19346
heavy,7,0.005,2,shot_15128_harvest_ns,12714
heavy,7,0.005,2,shot_15128_escalation_ns,26490
heavy,7,0.005,2,shot_15128_stock_ns,26430
heavy,7,0.005,2,shot_15128_total_ns,58791
heavy,7,0.005,2,shot_15128_exact_reference_ns,17263
heavy,7,0.005,2,shot_15128_escalated,1
heavy,7,0.005,2,shot_15128_contaminated,0
heavy,7,0.005,2,shot_15696,0
heavy,7,0.005,2,shot_15696_num_defects,33
heavy,7,0.005,2,shot_15696_phase1_ns,39114
heavy,7,0.005,2,shot_15696_harvest_ns,8656
heavy,7,0.005,2,shot_15696_escalation_ns,33834
heavy,7,0.005,2,shot_15696_stock_ns,33784
heavy,7,0.005,2,shot_15696_total_ns,81824
heavy,7,0.005,2,shot_15696_exact_reference_ns,24537
heavy,7,0.005,2,shot_15696_escalated,1
heavy,7,0.005,2,shot_15696_contaminated,0
heavy,7,0.005,2,shot_15843,0
heavy,7,0.005,2,shot_15843_num_defects,47
heavy,7,0.005,2,shot_15843_phase1_ns,80321
heavy,7,0.005,2,shot_15843_harvest_ns,1774
heavy,7,0.005,2,shot_15843_escalation_ns,0
heavy,7,0.005,2,shot_15843_stock_ns,0
heavy,7,0.005,2,shot_15843_total_ns,82205
heavy,7,0.005,2,shot_15843_exact_reference_ns,35197
heavy,7,0.005,2,shot_15843_escalated,0
heavy,7,0.005,2,shot_15843_contaminated,0
heavy,7,0.005,2,shot_16407,0
heavy,7,0.005,2,shot_16407_num_defects,47
heavy,7,0.005,2,shot_16407_phase1_ns,72277
heavy,7,0.005,2,shot_16407_harvest_ns,1422
heavy,7,0.005,2,shot_16407_escalation_ns,0
heavy,7,0.005,2,shot_16407_stock_ns,0
heavy,7,0.005,2,shot_16407_total_ns,73810
heavy,7,0.005,2,shot_16407_exact_reference_ns,25218
heavy,7,0.005,2,shot_16407_escalated,0
heavy,7,0.005,2,shot_16407_contaminated,0
heavy,7,0.005,2,shot_16677,0
heavy,7,0.005,2,shot_16677_num_defects,47
heavy,7,0.005,2,shot_16677_phase1_ns,79060
heavy,7,0.005,2,shot_16677_harvest_ns,1472
heavy,7,0.005,2,shot_16677_escalation_ns,0
heavy,7,0.005,2,shot_16677_stock_ns,0
heavy,7,0.005,2,shot_16677_total_ns,80612
heavy,7,0.005,2,shot_16677_exact_reference_ns,32922
heavy,7,0.005,2,shot_16677_escalated,0
heavy,7,0.005,2,shot_16677_contaminated,0
heavy,7,0.005,2,shot_16904,0
heavy,7,0.005,2,shot_16904_num_defects,19
heavy,7,0.005,2,shot_16904_phase1_ns,22412
heavy,7,0.005,2,shot_16904_harvest_ns,9388
heavy,7,0.005,2,shot_16904_escalation_ns,31379
heavy,7,0.005,2,shot_16904_stock_ns,31058
heavy,7,0.005,2,shot_16904_total_ns,63429
heavy,7,0.005,2,shot_16904_exact_reference_ns,21130
heavy,7,0.005,2,shot_16904_escalated,1
heavy,7,0.005,2,shot_16904_contaminated,0
heavy,7,0.005,2,shot_17031,0
heavy,7,0.005,2,shot_17031_num_defects,49
heavy,7,0.005,2,shot_17031_phase1_ns,78969
heavy,7,0.005,2,shot_17031_harvest_ns,1613
heavy,7,0.005,2,shot_17031_escalation_ns,0
heavy,7,0.005,2,shot_17031_stock_ns,0
heavy,7,0.005,2,shot_17031_total_ns,80682
heavy,7,0.005,2,shot_17031_exact_reference_ns,36469
heavy,7,0.005,2,shot_17031_escalated,0
heavy,7,0.005,2,shot_17031_contaminated,0
heavy,7,0.005,2,shot_17219,0
heavy,7,0.005,2,shot_17219_num_defects,25
heavy,7,0.005,2,shot_17219_phase1_ns,28074
heavy,7,0.005,2,shot_17219_harvest_ns,8265
heavy,7,0.005,2,shot_17219_escalation_ns,28483
heavy,7,0.005,2,shot_17219_stock_ns,28423
heavy,7,0.005,2,shot_17219_total_ns,65023
heavy,7,0.005,2,shot_17219_exact_reference_ns,19477
heavy,7,0.005,2,shot_17219_escalated,1
heavy,7,0.005,2,shot_17219_contaminated,0
heavy,7,0.005,2,shot_17273,0
heavy,7,0.005,2,shot_17273_num_defects,48
heavy,7,0.005,2,shot_17273_phase1_ns,67627
heavy,7,0.005,2,shot_17273_harvest_ns,2115
heavy,7,0.005,2,shot_17273_escalation_ns,0
heavy,7,0.005,2,shot_17273_stock_ns,0
heavy,7,0.005,2,shot_17273_total_ns,69822
heavy,7,0.005,2,shot_17273_exact_reference_ns,50455
heavy,7,0.005,2,shot_17273_escalated,0
heavy,7,0.005,2,shot_17273_contaminated,0
heavy,7,0.005,2,shot_17478,0
heavy,7,0.005,2,shot_17478_num_defects,29
heavy,7,0.005,2,shot_17478_phase1_ns,32511
heavy,7,0.005,2,shot_17478_harvest_ns,8206
heavy,7,0.005,2,shot_17478_escalation_ns,28524
heavy,7,0.005,2,shot_17478_stock_ns,28464
heavy,7,0.005,2,shot_17478_total_ns,69371
heavy,7,0.005,2,shot_17478_exact_reference_ns,21511
heavy,7,0.005,2,shot_17478_escalated,1
heavy,7,0.005,2,shot_17478_contaminated,0
heavy,7,0.005,2,shot_18947,0
heavy,7,0.005,2,shot_18947_num_defects,21
heavy,7,0.005,2,shot_18947_phase1_ns,25608
heavy,7,0.005,2,shot_18947_harvest_ns,9077
heavy,7,0.005,2,shot_18947_escalation_ns,21400
heavy,7,0.005,2,shot_18947_stock_ns,21340
heavy,7,0.005,2,shot_18947_total_ns,56416
heavy,7,0.005,2,shot_18947_exact_reference_ns,12403
heavy,7,0.005,2,shot_18947_escalated,1
heavy,7,0.005,2,shot_18947_contaminated,0
heavy,7,0.005,2,shot_19038,0
heavy,7,0.005,2,shot_19038_num_defects,47
heavy,7,0.005,2,shot_19038_phase1_ns,67477
heavy,7,0.005,2,shot_19038_harvest_ns,1743
heavy,7,0.005,2,shot_19038_escalation_ns,0
heavy,7,0.005,2,shot_19038_stock_ns,0
heavy,7,0.005,2,shot_19038_total_ns,69331
heavy,7,0.005,2,shot_19038_exact_reference_ns,26940
heavy,7,0.005,2,shot_19038_escalated,0
heavy,7,0.005,2,shot_19038_contaminated,0
heavy,7,0.005,2,shot_19309,0
heavy,7,0.005,2,shot_19309_num_defects,42
heavy,7,0.005,2,shot_19309_phase1_ns,61216
heavy,7,0.005,2,shot_19309_harvest_ns,6863
heavy,7,0.005,2,shot_19309_escalation_ns,46167
heavy,7,0.005,2,shot_19309_stock_ns,46107
heavy,7,0.005,2,shot_19309_total_ns,114445
heavy,7,0.005,2,shot_19309_exact_reference_ns,35947
heavy,7,0.005,2,shot_19309_escalated,1
heavy,7,0.005,2,shot_19309_contaminated,0
heavy,7,0.005,2,shot_19771,0
heavy,7,0.005,2,shot_19771_num_defects,24
heavy,7,0.005,2,shot_19771_phase1_ns,31349
heavy,7,0.005,2,shot_19771_harvest_ns,18194
heavy,7,0.005,2,shot_19771_escalation_ns,54432
heavy,7,0.005,2,shot_19771_stock_ns,54262
heavy,7,0.005,2,shot_19771_total_ns,104216
heavy,7,0.005,2,shot_19771_exact_reference_ns,39744
heavy,7,0.005,2,shot_19771_escalated,1
heavy,7,0.005,2,shot_19771_contaminated,0
heavy,9,0.0005,2,shot_261,0
heavy,9,0.0005,2,shot_261_num_defects,22
heavy,9,0.0005,2,shot_261_phase1_ns,21911
heavy,9,0.0005,2,shot_261_harvest_ns,742
heavy,9,0.0005,2,shot_261_escalation_ns,0
heavy,9,0.0005,2,shot_261_stock_ns,0
heavy,9,0.0005,2,shot_261_total_ns,22713
heavy,9,0.0005,2,shot_261_exact_reference_ns,6893
heavy,9,0.0005,2,shot_261_escalated,0
heavy,9,0.0005,2,shot_261_contaminated,0
heavy,9,0.0005,2,shot_2030,0
heavy,9,0.0005,2,shot_2030_num_defects,26
heavy,9,0.0005,2,shot_2030_phase1_ns,28644
heavy,9,0.0005,2,shot_2030_harvest_ns,731
heavy,9,0.0005,2,shot_2030_escalation_ns,0
heavy,9,0.0005,2,shot_2030_stock_ns,0
heavy,9,0.0005,2,shot_2030_total_ns,29455
heavy,9,0.0005,2,shot_2030_exact_reference_ns,6573
heavy,9,0.0005,2,shot_2030_escalated,0
heavy,9,0.0005,2,shot_2030_contaminated,0
heavy,9,0.0005,2,shot_3302,0
heavy,9,0.0005,2,shot_3302_num_defects,22
heavy,9,0.0005,2,shot_3302_phase1_ns,33483
heavy,9,0.0005,2,shot_3302_harvest_ns,1363
heavy,9,0.0005,2,shot_3302_escalation_ns,0
heavy,9,0.0005,2,shot_3302_stock_ns,0
heavy,9,0.0005,2,shot_3302_total_ns,34906
heavy,9,0.0005,2,shot_3302_exact_reference_ns,11402
heavy,9,0.0005,2,shot_3302_escalated,0
heavy,9,0.0005,2,shot_3302_contaminated,0
heavy,9,0.0005,2,shot_3388,0
heavy,9,0.0005,2,shot_3388_num_defects,25
heavy,9,0.0005,2,shot_3388_phase1_ns,32992
heavy,9,0.0005,2,shot_3388_harvest_ns,2675
heavy,9,0.0005,2,shot_3388_escalation_ns,0
heavy,9,0.0005,2,shot_3388_stock_ns,0
heavy,9,0.0005,2,shot_3388_total_ns,35727
heavy,9,0.0005,2,shot_3388_exact_reference_ns,13215
heavy,9,0.0005,2,shot_3388_escalated,0
heavy,9,0.0005,2,shot_3388_contaminated,0
heavy,9,0.0005,2,shot_4610,0
heavy,9,0.0005,2,shot_4610_num_defects,22
heavy,9,0.0005,2,shot_4610_phase1_ns,22362
heavy,9,0.0005,2,shot_4610_harvest_ns,772
heavy,9,0.0005,2,shot_4610_escalation_ns,0
heavy,9,0.0005,2,shot_4610_stock_ns,0
heavy,9,0.0005,2,shot_4610_total_ns,23193
heavy,9,0.0005,2,shot_4610_exact_reference_ns,6513
heavy,9,0.0005,2,shot_4610_escalated,0
heavy,9,0.0005,2,shot_4610_contaminated,0
heavy,9,0.0005,2,shot_4792,0
heavy,9,0.0005,2,shot_4792_num_defects,21
heavy,9,0.0005,2,shot_4792_phase1_ns,18605
heavy,9,0.0005,2,shot_4792_harvest_ns,621
heavy,9,0.0005,2,shot_4792_escalation_ns,0
heavy,9,0.0005,2,shot_4792_stock_ns,0
heavy,9,0.0005,2,shot_4792_total_ns,19286
heavy,9,0.0005,2,shot_4792_exact_reference_ns,4669
heavy,9,0.0005,2,shot_4792_escalated,0
heavy,9,0.0005,2,shot_4792_contaminated,0
heavy,9,0.0005,2,shot_5479,0
heavy,9,0.0005,2,shot_5479_num_defects,22
heavy,9,0.0005,2,shot_5479_phase1_ns,20988
heavy,9,0.0005,2,shot_5479_harvest_ns,1734
heavy,9,0.0005,2,shot_5479_escalation_ns,0
heavy,9,0.0005,2,shot_5479_stock_ns,0
heavy,9,0.0005,2,shot_5479_total_ns,22803
heavy,9,0.0005,2,shot_5479_exact_reference_ns,7554
heavy,9,0.0005,2,shot_5479_escalated,0
heavy,9,0.0005,2,shot_5479_contaminated,0
heavy,9,0.0005,2,shot_10808,0
heavy,9,0.0005,2,shot_10808_num_defects,22
heavy,9,0.0005,2,shot_10808_phase1_ns,19245
heavy,9,0.0005,2,shot_10808_harvest_ns,652
heavy,9,0.0005,2,shot_10808_escalation_ns,0
heavy,9,0.0005,2,shot_10808_stock_ns,0
heavy,9,0.0005,2,shot_10808_total_ns,19958
heavy,9,0.0005,2,shot_10808_exact_reference_ns,5490
heavy,9,0.0005,2,shot_10808_escalated,0
heavy,9,0.0005,2,shot_10808_contaminated,0
heavy,9,0.0005,2,shot_10821,0
heavy,9,0.0005,2,shot_10821_num_defects,23
heavy,9,0.0005,2,shot_10821_phase1_ns,21902
heavy,9,0.0005,2,shot_10821_harvest_ns,721
heavy,9,0.0005,2,shot_10821_escalation_ns,0
heavy,9,0.0005,2,shot_10821_stock_ns,0
heavy,9,0.0005,2,shot_10821_total_ns,22693
heavy,9,0.0005,2,shot_10821_exact_reference_ns,7164
heavy,9,0.0005,2,shot_10821_escalated,0
heavy,9,0.0005,2,shot_10821_contaminated,0
heavy,9,0.0005,2,shot_10997,0
heavy,9,0.0005,2,shot_10997_num_defects,22
heavy,9,0.0005,2,shot_10997_phase1_ns,18545
heavy,9,0.0005,2,shot_10997_harvest_ns,641
heavy,9,0.0005,2,shot_10997_escalation_ns,0
heavy,9,0.0005,2,shot_10997_stock_ns,0
heavy,9,0.0005,2,shot_10997_total_ns,19256
heavy,9,0.0005,2,shot_10997_exact_reference_ns,4829
heavy,9,0.0005,2,shot_10997_escalated,0
heavy,9,0.0005,2,shot_10997_contaminated,0
heavy,9,0.0005,2,shot_12432,0
heavy,9,0.0005,2,shot_12432_num_defects,25
heavy,9,0.0005,2,shot_12432_phase1_ns,25427
heavy,9,0.0005,2,shot_12432_harvest_ns,742
heavy,9,0.0005,2,shot_12432_escalation_ns,0
heavy,9,0.0005,2,shot_12432_stock_ns,0
heavy,9,0.0005,2,shot_12432_total_ns,26229
heavy,9,0.0005,2,shot_12432_exact_reference_ns,10910
heavy,9,0.0005,2,shot_12432_escalated,0
heavy,9,0.0005,2,shot_12432_contaminated,0
heavy,9,0.0005,2,shot_12507,0
heavy,9,0.0005,2,shot_12507_num_defects,21
heavy,9,0.0005,2,shot_12507_phase1_ns,24106
heavy,9,0.0005,2,shot_12507_harvest_ns,851
heavy,9,0.0005,2,shot_12507_escalation_ns,0
heavy,9,0.0005,2,shot_12507_stock_ns,0
heavy,9,0.0005,2,shot_12507_total_ns,25037
heavy,9,0.0005,2,shot_12507_exact_reference_ns,9238
heavy,9,0.0005,2,shot_12507_escalated,0
heavy,9,0.0005,2,shot_12507_contaminated,0
heavy,9,0.0005,2,shot_13906,0
heavy,9,0.0005,2,shot_13906_num_defects,21
heavy,9,0.0005,2,shot_13906_phase1_ns,18483
heavy,9,0.0005,2,shot_13906_harvest_ns,692
heavy,9,0.0005,2,shot_13906_escalation_ns,0
heavy,9,0.0005,2,shot_13906_stock_ns,0
heavy,9,0.0005,2,shot_13906_total_ns,19236
heavy,9,0.0005,2,shot_13906_exact_reference_ns,5580
heavy,9,0.0005,2,shot_13906_escalated,0
heavy,9,0.0005,2,shot_13906_contaminated,0
heavy,9,0.0005,2,shot_14320,0
heavy,9,0.0005,2,shot_14320_num_defects,24
heavy,9,0.0005,2,shot_14320_phase1_ns,24276
heavy,9,0.0005,2,shot_14320_harvest_ns,761
heavy,9,0.0005,2,shot_14320_escalation_ns,0
heavy,9,0.0005,2,shot_14320_stock_ns,0
heavy,9,0.0005,2,shot_14320_total_ns,25107
heavy,9,0.0005,2,shot_14320_exact_reference_ns,6802
heavy,9,0.0005,2,shot_14320_escalated,0
heavy,9,0.0005,2,shot_14320_contaminated,0
heavy,9,0.0005,2,shot_15208,0
heavy,9,0.0005,2,shot_15208_num_defects,21
heavy,9,0.0005,2,shot_15208_phase1_ns,20118
heavy,9,0.0005,2,shot_15208_harvest_ns,691
heavy,9,0.0005,2,shot_15208_escalation_ns,0
heavy,9,0.0005,2,shot_15208_stock_ns,0
heavy,9,0.0005,2,shot_15208_total_ns,20879
heavy,9,0.0005,2,shot_15208_exact_reference_ns,6161
heavy,9,0.0005,2,shot_15208_escalated,0
heavy,9,0.0005,2,shot_15208_contaminated,0
heavy,9,0.0005,2,shot_15891,0
heavy,9,0.0005,2,shot_15891_num_defects,24
heavy,9,0.0005,2,shot_15891_phase1_ns,21190
heavy,9,0.0005,2,shot_15891_harvest_ns,751
heavy,9,0.0005,2,shot_15891_escalation_ns,0
heavy,9,0.0005,2,shot_15891_stock_ns,0
heavy,9,0.0005,2,shot_15891_total_ns,22021
heavy,9,0.0005,2,shot_15891_exact_reference_ns,7243
heavy,9,0.0005,2,shot_15891_escalated,0
heavy,9,0.0005,2,shot_15891_contaminated,0
heavy,9,0.0005,2,shot_16431,0
heavy,9,0.0005,2,shot_16431_num_defects,23
heavy,9,0.0005,2,shot_16431_phase1_ns,20729
heavy,9,0.0005,2,shot_16431_harvest_ns,701
heavy,9,0.0005,2,shot_16431_escalation_ns,0
heavy,9,0.0005,2,shot_16431_stock_ns,0
heavy,9,0.0005,2,shot_16431_total_ns,21490
heavy,9,0.0005,2,shot_16431_exact_reference_ns,5781
heavy,9,0.0005,2,shot_16431_escalated,0
heavy,9,0.0005,2,shot_16431_contaminated,0
heavy,9,0.0005,2,shot_17390,0
heavy,9,0.0005,2,shot_17390_num_defects,21
heavy,9,0.0005,2,shot_17390_phase1_ns,21911
heavy,9,0.0005,2,shot_17390_harvest_ns,671
heavy,9,0.0005,2,shot_17390_escalation_ns,0
heavy,9,0.0005,2,shot_17390_stock_ns,0
heavy,9,0.0005,2,shot_17390_total_ns,22653
heavy,9,0.0005,2,shot_17390_exact_reference_ns,4599
heavy,9,0.0005,2,shot_17390_escalated,0
heavy,9,0.0005,2,shot_17390_contaminated,0
heavy,9,0.0005,2,shot_19180,0
heavy,9,0.0005,2,shot_19180_num_defects,23
heavy,9,0.0005,2,shot_19180_phase1_ns,21951
heavy,9,0.0005,2,shot_19180_harvest_ns,811
heavy,9,0.0005,2,shot_19180_escalation_ns,0
heavy,9,0.0005,2,shot_19180_stock_ns,0
heavy,9,0.0005,2,shot_19180_total_ns,22833
heavy,9,0.0005,2,shot_19180_exact_reference_ns,8296
heavy,9,0.0005,2,shot_19180_escalated,0
heavy,9,0.0005,2,shot_19180_contaminated,0
heavy,9,0.0005,2,shot_19720,0
heavy,9,0.0005,2,shot_19720_num_defects,22
heavy,9,0.0005,2,shot_19720_phase1_ns,24326
heavy,9,0.0005,2,shot_19720_harvest_ns,852
heavy,9,0.0005,2,shot_19720_escalation_ns,0
heavy,9,0.0005,2,shot_19720_stock_ns,0
heavy,9,0.0005,2,shot_19720_total_ns,25258
heavy,9,0.0005,2,shot_19720_exact_reference_ns,5891
heavy,9,0.0005,2,shot_19720_escalated,0
heavy,9,0.0005,2,shot_19720_contaminated,0
heavy,9,0.001,2,shot_246,0
heavy,9,0.001,2,shot_246_num_defects,31
heavy,9,0.001,2,shot_246_phase1_ns,65363
heavy,9,0.001,2,shot_246_harvest_ns,1132
heavy,9,0.001,2,shot_246_escalation_ns,0
heavy,9,0.001,2,shot_246_stock_ns,0
heavy,9,0.001,2,shot_246_total_ns,66575
heavy,9,0.001,2,shot_246_exact_reference_ns,9828
heavy,9,0.001,2,shot_246_escalated,0
heavy,9,0.001,2,shot_246_contaminated,0
heavy,9,0.001,2,shot_907,0
heavy,9,0.001,2,shot_907_num_defects,32
heavy,9,0.001,2,shot_907_phase1_ns,31659
heavy,9,0.001,2,shot_907_harvest_ns,1002
heavy,9,0.001,2,shot_907_escalation_ns,0
heavy,9,0.001,2,shot_907_stock_ns,0
heavy,9,0.001,2,shot_907_total_ns,32721
heavy,9,0.001,2,shot_907_exact_reference_ns,12293
heavy,9,0.001,2,shot_907_escalated,0
heavy,9,0.001,2,shot_907_contaminated,0
heavy,9,0.001,2,shot_2820,0
heavy,9,0.001,2,shot_2820_num_defects,32
heavy,9,0.001,2,shot_2820_phase1_ns,42180
heavy,9,0.001,2,shot_2820_harvest_ns,901
heavy,9,0.001,2,shot_2820_escalation_ns,0
heavy,9,0.001,2,shot_2820_stock_ns,0
heavy,9,0.001,2,shot_2820_total_ns,43172
heavy,9,0.001,2,shot_2820_exact_reference_ns,12724
heavy,9,0.001,2,shot_2820_escalated,0
heavy,9,0.001,2,shot_2820_contaminated,0
heavy,9,0.001,2,shot_3555,0
heavy,9,0.001,2,shot_3555_num_defects,36
heavy,9,0.001,2,shot_3555_phase1_ns,45476
heavy,9,0.001,2,shot_3555_harvest_ns,1252
heavy,9,0.001,2,shot_3555_escalation_ns,0
heavy,9,0.001,2,shot_3555_stock_ns,0
heavy,9,0.001,2,shot_3555_total_ns,46798
heavy,9,0.001,2,shot_3555_exact_reference_ns,13375
heavy,9,0.001,2,shot_3555_escalated,0
heavy,9,0.001,2,shot_3555_contaminated,0
heavy,9,0.001,2,shot_4586,0
heavy,9,0.001,2,shot_4586_num_defects,35
heavy,9,0.001,2,shot_4586_phase1_ns,40486
heavy,9,0.001,2,shot_4586_harvest_ns,1012
heavy,9,0.001,2,shot_4586_escalation_ns,0
heavy,9,0.001,2,shot_4586_stock_ns,0
heavy,9,0.001,2,shot_4586_total_ns,41568
heavy,9,0.001,2,shot_4586_exact_reference_ns,12493
heavy,9,0.001,2,shot_4586_escalated,0
heavy,9,0.001,2,shot_4586_contaminated,0
heavy,9,0.001,2,shot_5392,0
heavy,9,0.001,2,shot_5392_num_defects,33
heavy,9,0.001,2,shot_5392_phase1_ns,39433
heavy,9,0.001,2,shot_5392_harvest_ns,822
heavy,9,0.001,2,shot_5392_escalation_ns,0
heavy,9,0.001,2,shot_5392_stock_ns,0
heavy,9,0.001,2,shot_5392_total_ns,40316
heavy,9,0.001,2,shot_5392_exact_reference_ns,11942
heavy,9,0.001,2,shot_5392_escalated,0
heavy,9,0.001,2,shot_5392_contaminated,0
heavy,9,0.001,2,shot_6755,0
heavy,9,0.001,2,shot_6755_num_defects,31
heavy,9,0.001,2,shot_6755_phase1_ns,30718
heavy,9,0.001,2,shot_6755_harvest_ns,1002
heavy,9,0.001,2,shot_6755_escalation_ns,0
heavy,9,0.001,2,shot_6755_stock_ns,0
heavy,9,0.001,2,shot_6755_total_ns,31790
heavy,9,0.001,2,shot_6755_exact_reference_ns,14136
heavy,9,0.001,2,shot_6755_escalated,0
heavy,9,0.001,2,shot_6755_contaminated,0
heavy,9,0.001,2,shot_6963,0
heavy,9,0.001,2,shot_6963_num_defects,32
heavy,9,0.001,2,shot_6963_phase1_ns,43222
heavy,9,0.001,2,shot_6963_harvest_ns,791
heavy,9,0.001,2,shot_6963_escalation_ns,0
heavy,9,0.001,2,shot_6963_stock_ns,0
heavy,9,0.001,2,shot_6963_total_ns,44083
heavy,9,0.001,2,shot_6963_exact_reference_ns,10960
heavy,9,0.001,2,shot_6963_escalated,0
heavy,9,0.001,2,shot_6963_contaminated,0
heavy,9,0.001,2,shot_7724,0
heavy,9,0.001,2,shot_7724_num_defects,32
heavy,9,0.001,2,shot_7724_phase1_ns,30408
heavy,9,0.001,2,shot_7724_harvest_ns,781
heavy,9,0.001,2,shot_7724_escalation_ns,0
heavy,9,0.001,2,shot_7724_stock_ns,0
heavy,9,0.001,2,shot_7724_total_ns,31248
heavy,9,0.001,2,shot_7724_exact_reference_ns,6843
heavy,9,0.001,2,shot_7724_escalated,0
heavy,9,0.001,2,shot_7724_contaminated,0
heavy,9,0.001,2,shot_7855,0
heavy,9,0.001,2,shot_7855_num_defects,32
heavy,9,0.001,2,shot_7855_phase1_ns,33093
heavy,9,0.001,2,shot_7855_harvest_ns,841
heavy,9,0.001,2,shot_7855_escalation_ns,0
heavy,9,0.001,2,shot_7855_stock_ns,0
heavy,9,0.001,2,shot_7855_total_ns,34024
heavy,9,0.001,2,shot_7855_exact_reference_ns,7534
heavy,9,0.001,2,shot_7855_escalated,0
heavy,9,0.001,2,shot_7855_contaminated,0
heavy,9,0.001,2,shot_8158,0
heavy,9,0.001,2,shot_8158_num_defects,31
heavy,9,0.001,2,shot_8158_phase1_ns,31049
heavy,9,0.001,2,shot_8158_harvest_ns,931
heavy,9,0.001,2,shot_8158_escalation_ns,0
heavy,9,0.001,2,shot_8158_stock_ns,0
heavy,9,0.001,2,shot_8158_total_ns,32040
heavy,9,0.001,2,shot_8158_exact_reference_ns,12814
heavy,9,0.001,2,shot_8158_escalated,0
heavy,9,0.001,2,shot_8158_contaminated,0
heavy,9,0.001,2,shot_8603,0
heavy,9,0.001,2,shot_8603_num_defects,31
heavy,9,0.001,2,shot_8603_phase1_ns,33303
heavy,9,0.001,2,shot_8603_harvest_ns,771
heavy,9,0.001,2,shot_8603_escalation_ns,0
heavy,9,0.001,2,shot_8603_stock_ns,0
heavy,9,0.001,2,shot_8603_total_ns,34144
heavy,9,0.001,2,shot_8603_exact_reference_ns,9848
heavy,9,0.001,2,shot_8603_escalated,0
heavy,9,0.001,2,shot_8603_contaminated,0
heavy,9,0.001,2,shot_11856,0
heavy,9,0.001,2,shot_11856_num_defects,32
heavy,9,0.001,2,shot_11856_phase1_ns,35006
heavy,9,0.001,2,shot_11856_harvest_ns,832
heavy,9,0.001,2,shot_11856_escalation_ns,0
heavy,9,0.001,2,shot_11856_stock_ns,0
heavy,9,0.001,2,shot_11856_total_ns,35918
heavy,9,0.001,2,shot_11856_exact_reference_ns,11041
heavy,9,0.001,2,shot_11856_escalated,0
heavy,9,0.001,2,shot_11856_contaminated,0
heavy,9,0.001,2,shot_12117,0
heavy,9,0.001,2,shot_12117_num_defects,31
heavy,9,0.001,2,shot_12117_phase1_ns,29085
heavy,9,0.001,2,shot_12117_harvest_ns,811
heavy,9,0.001,2,shot_12117_escalation_ns,0
heavy,9,0.001,2,shot_12117_stock_ns,0
heavy,9,0.001,2,shot_12117_total_ns,29966
heavy,9,0.001,2,shot_12117_exact_reference_ns,9047
heavy,9,0.001,2,shot_12117_escalated,0
heavy,9,0.001,2,shot_12117_contaminated,0
heavy,9,0.001,2,shot_12397,0
heavy,9,0.001,2,shot_12397_num_defects,34
heavy,9,0.001,2,shot_12397_phase1_ns,37169
heavy,9,0.001,2,shot_12397_harvest_ns,962
heavy,9,0.001,2,shot_12397_escalation_ns,0
heavy,9,0.001,2,shot_12397_stock_ns,0
heavy,9,0.001,2,shot_12397_total_ns,38203
heavy,9,0.001,2,shot_12397_exact_reference_ns,8757
heavy,9,0.001,2,shot_12397_escalated,0
heavy,9,0.001,2,shot_12397_contaminated,0
heavy,9,0.001,2,shot_12954,0
heavy,9,0.001,2,shot_12954_num_defects,37
heavy,9,0.001,2,shot_12954_phase1_ns,36358
heavy,9,0.001,2,shot_12954_harvest_ns,1063
heavy,9,0.001,2,shot_12954_escalation_ns,0
heavy,9,0.001,2,shot_12954_stock_ns,0
heavy,9,0.001,2,shot_12954_total_ns,37491
heavy,9,0.001,2,shot_12954_exact_reference_ns,12093
heavy,9,0.001,2,shot_12954_escalated,0
heavy,9,0.001,2,shot_12954_contaminated,0
heavy,9,0.001,2,shot_12955,0
heavy,9,0.001,2,shot_12955_num_defects,32
heavy,9,0.001,2,shot_12955_phase1_ns,30027
heavy,9,0.001,2,shot_12955_harvest_ns,922
heavy,9,0.001,2,shot_12955_escalation_ns,0
heavy,9,0.001,2,shot_12955_stock_ns,0
heavy,9,0.001,2,shot_12955_total_ns,31019
heavy,9,0.001,2,shot_12955_exact_reference_ns,12023
heavy,9,0.001,2,shot_12955_escalated,0
heavy,9,0.001,2,shot_12955_contaminated,0
heavy,9,0.001,2,shot_14470,0
heavy,9,0.001,2,shot_14470_num_defects,35
heavy,9,0.001,2,shot_14470_phase1_ns,33774
heavy,9,0.001,2,shot_14470_harvest_ns,972
heavy,9,0.001,2,shot_14470_escalation_ns,0
heavy,9,0.001,2,shot_14470_stock_ns,0
heavy,9,0.001,2,shot_14470_total_ns,34816
heavy,9,0.001,2,shot_14470_exact_reference_ns,8336
heavy,9,0.001,2,shot_14470_escalated,0
heavy,9,0.001,2,shot_14470_contaminated,0
heavy,9,0.001,2,shot_14565,0
heavy,9,0.001,2,shot_14565_num_defects,32
heavy,9,0.001,2,shot_14565_phase1_ns,30107
heavy,9,0.001,2,shot_14565_harvest_ns,831
heavy,9,0.001,2,shot_14565_escalation_ns,0
heavy,9,0.001,2,shot_14565_stock_ns,0
heavy,9,0.001,2,shot_14565_total_ns,31008
heavy,9,0.001,2,shot_14565_exact_reference_ns,7454
heavy,9,0.001,2,shot_14565_escalated,0
heavy,9,0.001,2,shot_14565_contaminated,0
heavy,9,0.001,2,shot_17863,0
heavy,9,0.001,2,shot_17863_num_defects,31
heavy,9,0.001,2,shot_17863_phase1_ns,28474
heavy,9,0.001,2,shot_17863_harvest_ns,841
heavy,9,0.001,2,shot_17863_escalation_ns,0
heavy,9,0.001,2,shot_17863_stock_ns,0
heavy,9,0.001,2,shot_17863_total_ns,29375
heavy,9,0.001,2,shot_17863_exact_reference_ns,8516
heavy,9,0.001,2,shot_17863_escalated,0
heavy,9,0.001,2,shot_17863_contaminated,0
heavy,9,0.003,2,shot_891,0
heavy,9,0.003,2,shot_891_num_defects,36
heavy,9,0.003,2,shot_891_phase1_ns,45425
heavy,9,0.003,2,shot_891_harvest_ns,9939
heavy,9,0.003,2,shot_891_escalation_ns,38573
heavy,9,0.003,2,shot_891_stock_ns,38493
heavy,9,0.003,2,shot_891_total_ns,94307
heavy,9,0.003,2,shot_891_exact_reference_ns,26971
heavy,9,0.003,2,shot_891_escalated,1
heavy,9,0.003,2,shot_891_contaminated,0
heavy,9,0.003,2,shot_2079,0
heavy,9,0.003,2,shot_2079_num_defects,29
heavy,9,0.003,2,shot_2079_phase1_ns,28684
heavy,9,0.003,2,shot_2079_harvest_ns,11402
heavy,9,0.003,2,shot_2079_escalation_ns,20679
heavy,9,0.003,2,shot_2079_stock_ns,20619
heavy,9,0.003,2,shot_2079_total_ns,61026
heavy,9,0.003,2,shot_2079_exact_reference_ns,13515
heavy,9,0.003,2,shot_2079_escalated,1
heavy,9,0.003,2,shot_2079_contaminated,0
heavy,9,0.003,2,shot_2664,0
heavy,9,0.003,2,shot_2664_num_defects,38
heavy,9,0.003,2,shot_2664_phase1_ns,44834
heavy,9,0.003,2,shot_2664_harvest_ns,10450
heavy,9,0.003,2,shot_2664_escalation_ns,30448
heavy,9,0.003,2,shot_2664_stock_ns,30398
heavy,9,0.003,2,shot_2664_total_ns,86012
heavy,9,0.003,2,shot_2664_exact_reference_ns,19768
heavy,9,0.003,2,shot_2664_escalated,1
heavy,9,0.003,2,shot_2664_contaminated,0
heavy,9,0.003,2,shot_3057,0
heavy,9,0.003,2,shot_3057_num_defects,37
heavy,9,0.003,2,shot_3057_phase1_ns,43080
heavy,9,0.003,2,shot_3057_harvest_ns,11242
heavy,9,0.003,2,shot_3057_escalation_ns,46087
heavy,9,0.003,2,shot_3057_stock_ns,46037
heavy,9,0.003,2,shot_3057_total_ns,100610
heavy,9,0.003,2,shot_3057_exact_reference_ns,36169
heavy,9,0.003,2,shot_3057_escalated,1
heavy,9,0.003,2,shot_3057_contaminated,0
heavy,9,0.003,2,shot_3542,0
heavy,9,0.003,2,shot_3542_num_defects,34
heavy,9,0.003,2,shot_3542_phase1_ns,44203
heavy,9,0.003,2,shot_3542_harvest_ns,9809
heavy,9,0.003,2,shot_3542_escalation_ns,61747
heavy,9,0.003,2,shot_3542_stock_ns,61686
heavy,9,0.003,2,shot_3542_total_ns,115978
heavy,9,0.003,2,shot_3542_exact_reference_ns,49754
heavy,9,0.003,2,shot_3542_escalated,1
heavy,9,0.003,2,shot_3542_contaminated,0
heavy,9,0.003,2,shot_3742,0
heavy,9,0.003,2,shot_3742_num_defects,61
heavy,9,0.003,2,shot_3742_phase1_ns,72868
heavy,9,0.003,2,shot_3742_harvest_ns,1873
heavy,9,0.003,2,shot_3742_escalation_ns,0
heavy,9,0.003,2,shot_3742_stock_ns,0
heavy,9,0.003,2,shot_3742_total_ns,74842
heavy,9,0.003,2,shot_3742_exact_reference_ns,22042
heavy,9,0.003,2,shot_3742_escalated,0
heavy,9,0.003,2,shot_3742_contaminated,0
heavy,9,0.003,2,shot_3764,0
heavy,9,0.003,2,shot_3764_num_defects,66
heavy,9,0.003,2,shot_3764_phase1_ns,99197
heavy,9,0.003,2,shot_3764_harvest_ns,2034
heavy,9,0.003,2,shot_3764_escalation_ns,0
heavy,9,0.003,2,shot_3764_stock_ns,0
heavy,9,0.003,2,shot_3764_total_ns,101341
heavy,9,0.003,2,shot_3764_exact_reference_ns,25738
heavy,9,0.003,2,shot_3764_escalated,0
heavy,9,0.003,2,shot_3764_contaminated,0
heavy,9,0.003,2,shot_3774,0
heavy,9,0.003,2,shot_3774_num_defects,37
heavy,9,0.003,2,shot_3774_phase1_ns,40315
heavy,9,0.003,2,shot_3774_harvest_ns,10200
heavy,9,0.003,2,shot_3774_escalation_ns,36048
heavy,9,0.003,2,shot_3774_stock_ns,35988
heavy,9,0.003,2,shot_3774_total_ns,86763
heavy,9,0.003,2,shot_3774_exact_reference_ns,22974
heavy,9,0.003,2,shot_3774_escalated,1
heavy,9,0.003,2,shot_3774_contaminated,0
heavy,9,0.003,2,shot_4337,0
heavy,9,0.003,2,shot_4337_num_defects,44
heavy,9,0.003,2,shot_4337_phase1_ns,50876
heavy,9,0.003,2,shot_4337_harvest_ns,10029
heavy,9,0.003,2,shot_4337_escalation_ns,37030
heavy,9,0.003,2,shot_4337_stock_ns,36970
heavy,9,0.003,2,shot_4337_total_ns,98145
heavy,9,0.003,2,shot_4337_exact_reference_ns,23144
heavy,9,0.003,2,shot_4337_escalated,1
heavy,9,0.003,2,shot_4337_contaminated,0
heavy,9,0.003,2,shot_4744,0
heavy,9,0.003,2,shot_4744_num_defects,62
heavy,9,0.003,2,shot_4744_phase1_ns,84028
heavy,9,0.003,2,shot_4744_harvest_ns,1854
heavy,9,0.003,2,shot_4744_escalation_ns,0
heavy,9,0.003,2,shot_4744_stock_ns,0
heavy,9,0.003,2,shot_4744_total_ns,85972
heavy,9,0.003,2,shot_4744_exact_reference_ns,26530
heavy,9,0.003,2,shot_4744_escalated,0
heavy,9,0.003,2,shot_4744_contaminated,0
heavy,9,0.003,2,shot_5321,0
heavy,9,0.003,2,shot_5321_num_defects,29
heavy,9,0.003,2,shot_5321_phase1_ns,28544
heavy,9,0.003,2,shot_5321_harvest_ns,13465
heavy,9,0.003,2,shot_5321_escalation_ns,29747
heavy,9,0.003,2,shot_5321_stock_ns,29675
heavy,9,0.003,2,shot_5321_total_ns,71996
heavy,9,0.003,2,shot_5321_exact_reference_ns,16692
heavy,9,0.003,2,shot_5321_escalated,1
heavy,9,0.003,2,shot_5321_contaminated,0
heavy,9,0.003,2,shot_5399,0
heavy,9,0.003,2,shot_5399_num_defects,61
heavy,9,0.003,2,shot_5399_phase1_ns,78077
heavy,9,0.003,2,shot_5399_harvest_ns,1733
heavy,9,0.003,2,shot_5399_escalation_ns,0
heavy,9,0.003,2,shot_5399_stock_ns,0
heavy,9,0.003,2,shot_5399_total_ns,79890
heavy,9,0.003,2,shot_5399_exact_reference_ns,23134
heavy,9,0.003,2,shot_5399_escalated,0
heavy,9,0.003,2,shot_5399_contaminated,0
heavy,9,0.003,2,shot_5770,0
heavy,9,0.003,2,shot_5770_num_defects,34
heavy,9,0.003,2,shot_5770_phase1_ns,32611
heavy,9,0.003,2,shot_5770_harvest_ns,10811
heavy,9,0.003,2,shot_5770_escalation_ns,28885
heavy,9,0.003,2,shot_5770_stock_ns,28824
heavy,9,0.003,2,shot_5770_total_ns,72507
heavy,9,0.003,2,shot_5770_exact_reference_ns,20459
heavy,9,0.003,2,shot_5770_escalated,1
heavy,9,0.003,2,shot_5770_contaminated,0
heavy,9,0.003,2,shot_5934,0
heavy,9,0.003,2,shot_5934_num_defects,62
heavy,9,0.003,2,shot_5934_phase1_ns,88347
heavy,9,0.003,2,shot_5934_harvest_ns,1793
heavy,9,0.003,2,shot_5934_escalation_ns,0
heavy,9,0.003,2,shot_5934_stock_ns,0
heavy,9,0.003,2,shot_5934_total_ns,90210
heavy,9,0.003,2,shot_5934_exact_reference_ns,39514
heavy,9,0.003,2,shot_5934_escalated,0
heavy,9,0.003,2,shot_5934_contaminated,0
heavy,9,0.003,2,shot_6106,0
heavy,9,0.003,2,shot_6106_num_defects,64
heavy,9,0.003,2,shot_6106_phase1_ns,81663
heavy,9,0.003,2,shot_6106_harvest_ns,2014
heavy,9,0.003,2,shot_6106_escalation_ns,0
heavy,9,0.003,2,shot_6106_stock_ns,0
heavy,9,0.003,2,shot_6106_total_ns,83758
heavy,9,0.003,2,shot_6106_exact_reference_ns,19226
heavy,9,0.003,2,shot_6106_escalated,0
heavy,9,0.003,2,shot_6106_contaminated,0
heavy,9,0.003,2,shot_6135,0
heavy,9,0.003,2,shot_6135_num_defects,37
heavy,9,0.003,2,shot_6135_phase1_ns,37891
heavy,9,0.003,2,shot_6135_harvest_ns,10490
heavy,9,0.003,2,shot_6135_escalation_ns,28544
heavy,9,0.003,2,shot_6135_stock_ns,28504
heavy,9,0.003,2,shot_6135_total_ns,77145
heavy,9,0.003,2,shot_6135_exact_reference_ns,18475
heavy,9,0.003,2,shot_6135_escalated,1
heavy,9,0.003,2,shot_6135_contaminated,0
heavy,9,0.003,2,shot_6319,0
heavy,9,0.003,2,shot_6319_num_defects,34
heavy,9,0.003,2,shot_6319_phase1_ns,41698
heavy,9,0.003,2,shot_6319_harvest_ns,8015
heavy,9,0.003,2,shot_6319_escalation_ns,41969
heavy,9,0.003,2,shot_6319_stock_ns,41929
heavy,9,0.003,2,shot_6319_total_ns,92113
heavy,9,0.003,2,shot_6319_exact_reference_ns,28764
heavy,9,0.003,2,shot_6319_escalated,1
heavy,9,0.003,2,shot_6319_contaminated,0
heavy,9,0.003,2,shot_6414,0
heavy,9,0.003,2,shot_6414_num_defects,34
heavy,9,0.003,2,shot_6414_phase1_ns,29997
heavy,9,0.003,2,shot_6414_harvest_ns,7143
heavy,9,0.003,2,shot_6414_escalation_ns,25758
heavy,9,0.003,2,shot_6414_stock_ns,25708
heavy,9,0.003,2,shot_6414_total_ns,63078
heavy,9,0.003,2,shot_6414_exact_reference_ns,17653
heavy,9,0.003,2,shot_6414_escalated,1
heavy,9,0.003,2,shot_6414_contaminated,0
heavy,9,0.003,2,shot_8866,0
heavy,9,0.003,2,shot_8866_num_defects,33
heavy,9,0.003,2,shot_8866_phase1_ns,37431
heavy,9,0.003,2,shot_8866_harvest_ns,9848
heavy,9,0.003,2,shot_8866_escalation_ns,37150
heavy,9,0.003,2,shot_8866_stock_ns,37080
heavy,9,0.003,2,shot_8866_total_ns,84670
heavy,9,0.003,2,shot_8866_exact_reference_ns,27572
heavy,9,0.003,2,shot_8866_escalated,1
heavy,9,0.003,2,shot_8866_contaminated,0
heavy,9,0.003,2,shot_8993,0
heavy,9,0.003,2,shot_8993_num_defects,60
heavy,9,0.003,2,shot_8993_phase1_ns,63960
heavy,9,0.003,2,shot_8993_harvest_ns,1703
heavy,9,0.003,2,shot_8993_escalation_ns,0
heavy,9,0.003,2,shot_8993_stock_ns,0
heavy,9,0.003,2,shot_8993_total_ns,65743
heavy,9,0.003,2,shot_8993_exact_reference_ns,20348
heavy,9,0.003,2,shot_8993_escalated,0
heavy,9,0.003,2,shot_8993_contaminated,0
heavy,9,0.003,2,shot_9177,0
heavy,9,0.003,2,shot_9177_num_defects,64
heavy,9,0.003,2,shot_9177_phase1_ns,75722
heavy,9,0.003,2,shot_9177_harvest_ns,2095
heavy,9,0.003,2,shot_9177_escalation_ns,0
heavy,9,0.003,2,shot_9177_stock_ns,0
heavy,9,0.003,2,shot_9177_total_ns,77897
heavy,9,0.003,2,shot_9177_exact_reference_ns,25649
heavy,9,0.003,2,shot_9177_escalated,0
heavy,9,0.003,2,shot_9177_contaminated,0
heavy,9,0.003,2,shot_9989,0
heavy,9,0.003,2,shot_9989_num_defects,64
heavy,9,0.003,2,shot_9989_phase1_ns,85701
heavy,9,0.003,2,shot_9989_harvest_ns,1844
heavy,9,0.003,2,shot_9989_escalation_ns,0
heavy,9,0.003,2,shot_9989_stock_ns,0
heavy,9,0.003,2,shot_9989_total_ns,87635
heavy,9,0.003,2,shot_9989_exact_reference_ns,25999
heavy,9,0.003,2,shot_9989_escalated,0
heavy,9,0.003,2,shot_9989_contaminated,0
heavy,9,0.003,2,shot_10319,0
heavy,9,0.003,2,shot_10319_num_defects,62
heavy,9,0.003,2,shot_10319_phase1_ns,78467
heavy,9,0.003,2,shot_10319_harvest_ns,1744
heavy,9,0.003,2,shot_10319_escalation_ns,0
heavy,9,0.003,2,shot_10319_stock_ns,0
heavy,9,0.003,2,shot_10319_total_ns,80301
heavy,9,0.003,2,shot_10319_exact_reference_ns,19667
heavy,9,0.003,2,shot_10319_escalated,0
heavy,9,0.003,2,shot_10319_contaminated,0
heavy,9,0.003,2,shot_10714,0
heavy,9,0.003,2,shot_10714_num_defects,27
heavy,9,0.003,2,shot_10714_phase1_ns,30737
heavy,9,0.003,2,shot_10714_harvest_ns,13987
heavy,9,0.003,2,shot_10714_escalation_ns,32512
heavy,9,0.003,2,shot_10714_stock_ns,32442
heavy,9,0.003,2,shot_10714_total_ns,77475
heavy,9,0.003,2,shot_10714_exact_reference_ns,23464
heavy,9,0.003,2,shot_10714_escalated,1
heavy,9,0.003,2,shot_10714_contaminated,0
heavy,9,0.003,2,shot_11101,0
heavy,9,0.003,2,shot_11101_num_defects,33
heavy,9,0.003,2,shot_11101_phase1_ns,39305
heavy,9,0.003,2,shot_11101_harvest_ns,11000
heavy,9,0.003,2,shot_11101_escalation_ns,43452
heavy,9,0.003,2,shot_11101_stock_ns,43382
heavy,9,0.003,2,shot_11101_total_ns,93967
heavy,9,0.003,2,shot_11101_exact_reference_ns,23304
heavy,9,0.003,2,shot_11101_escalated,1
heavy,9,0.003,2,shot_11101_contaminated,0
heavy,9,0.003,2,shot_11250,0
heavy,9,0.003,2,shot_11250_num_defects,64
heavy,9,0.003,2,shot_11250_phase1_ns,84691
heavy,9,0.003,2,shot_11250_harvest_ns,2354
heavy,9,0.003,2,shot_11250_escalation_ns,0
heavy,9,0.003,2,shot_11250_stock_ns,0
heavy,9,0.003,2,shot_11250_total_ns,87125
heavy,9,0.003,2,shot_11250_exact_reference_ns,24526
heavy,9,0.003,2,shot_11250_escalated,0
heavy,9,0.003,2,shot_11250_contaminated,0
heavy,9,0.003,2,shot_11414,0
heavy,9,0.003,2,shot_11414_num_defects,70
heavy,9,0.003,2,shot_11414_phase1_ns,108154
heavy,9,0.003,2,shot_11414_harvest_ns,2685
heavy,9,0.003,2,shot_11414_escalation_ns,0
heavy,9,0.003,2,shot_11414_stock_ns,0
heavy,9,0.003,2,shot_11414_total_ns,110959
heavy,9,0.003,2,shot_11414_exact_reference_ns,61997
heavy,9,0.003,2,shot_11414_escalated,0
heavy,9,0.003,2,shot_11414_contaminated,0
heavy,9,0.003,2,shot_11916,0
heavy,9,0.003,2,shot_11916_num_defects,43
heavy,9,0.003,2,shot_11916_phase1_ns,50946
heavy,9,0.003,2,shot_11916_harvest_ns,20098
heavy,9,0.003,2,shot_11916_escalation_ns,40256
heavy,9,0.003,2,shot_11916_stock_ns,39825
heavy,9,0.003,2,shot_11916_total_ns,111510
heavy,9,0.003,2,shot_11916_exact_reference_ns,26640
heavy,9,0.003,2,shot_11916_escalated,1
heavy,9,0.003,2,shot_11916_contaminated,0
heavy,9,0.003,2,shot_12386,0
heavy,9,0.003,2,shot_12386_num_defects,20
heavy,9,0.003,2,shot_12386_phase1_ns,21400
heavy,9,0.003,2,shot_12386_harvest_ns,10921
heavy,9,0.003,2,shot_12386_escalation_ns,28514
heavy,9,0.003,2,shot_12386_stock_ns,28454
heavy,9,0.003,2,shot_12386_total_ns,61075
heavy,9,0.003,2,shot_12386_exact_reference_ns,19576
heavy,9,0.003,2,shot_12386_escalated,1
heavy,9,0.003,2,shot_12386_contaminated,0
heavy,9,0.003,2,shot_12728,0
heavy,9,0.003,2,shot_12728_num_defects,66
heavy,9,0.003,2,shot_12728_phase1_ns,87496
heavy,9,0.003,2,shot_12728_harvest_ns,2274
heavy,9,0.003,2,shot_12728_escalation_ns,0
heavy,9,0.003,2,shot_12728_stock_ns,0
heavy,9,0.003,2,shot_12728_total_ns,89860
heavy,9,0.003,2,shot_12728_exact_reference_ns,23655
heavy,9,0.003,2,shot_12728_escalated,0
heavy,9,0.003,2,shot_12728_contaminated,0
heavy,9,0.003,2,shot_13076,0
heavy,9,0.003,2,shot_13076_num_defects,42
heavy,9,0.003,2,shot_13076_phase1_ns,50144
heavy,9,0.003,2,shot_13076_harvest_ns,11813
heavy,9,0.003,2,shot_13076_escalation_ns,69792
heavy,9,0.003,2,shot_13076_stock_ns,69731
heavy,9,0.003,2,shot_13076_total_ns,131948
heavy,9,0.003,2,shot_13076_exact_reference_ns,58019
heavy,9,0.003,2,shot_13076_escalated,1
heavy,9,0.003,2,shot_13076_contaminated,0
heavy,9,0.003,2,shot_13084,0
heavy,9,0.003,2,shot_13084_num_defects,44
heavy,9,0.003,2,shot_13084_phase1_ns,60655
heavy,9,0.003,2,shot_13084_harvest_ns,5450
heavy,9,0.003,2,shot_13084_escalation_ns,50415
heavy,9,0.003,2,shot_13084_stock_ns,50365
heavy,9,0.003,2,shot_13084_total_ns,116711
heavy,9,0.003,2,shot_13084_exact_reference_ns,38793
heavy,9,0.003,2,shot_13084_escalated,1
heavy,9,0.003,2,shot_13084_contaminated,1
heavy,9,0.003,2,shot_13583,0
heavy,9,0.003,2,shot_13583_num_defects,31
heavy,9,0.003,2,shot_13583_phase1_ns,32581
heavy,9,0.003,2,shot_13583_harvest_ns,11953
heavy,9,0.003,2,shot_13583_escalation_ns,27432
heavy,9,0.003,2,shot_13583_stock_ns,27362
heavy,9,0.003,2,shot_13583_total_ns,72166
heavy,9,0.003,2,shot_13583_exact_reference_ns,17423
heavy,9,0.003,2,shot_13583_escalated,1
heavy,9,0.003,2,shot_13583_contaminated,0
heavy,9,0.003,2,shot_13643,0
heavy,9,0.003,2,shot_13643_num_defects,68
heavy,9,0.003,2,shot_13643_phase1_ns,125546
heavy,9,0.003,2,shot_13643_harvest_ns,5260
heavy,9,0.003,2,shot_13643_escalation_ns,0
heavy,9,0.003,2,shot_13643_stock_ns,0
heavy,9,0.003,2,shot_13643_total_ns,131136
heavy,9,0.003,2,shot_13643_exact_reference_ns,38823
heavy,9,0.003,2,shot_13643_escalated,0
heavy,9,0.003,2,shot_13643_contaminated,0
heavy,9,0.003,2,shot_13908,0
heavy,9,0.003,2,shot_13908_num_defects,36
heavy,9,0.003,2,shot_13908_phase1_ns,41968
heavy,9,0.003,2,shot_13908_harvest_ns,13346
heavy,9,0.003,2,shot_13908_escalation_ns,32110
heavy,9,0.003,2,shot_13908_stock_ns,32040
heavy,9,0.003,2,shot_13908_total_ns,87665
heavy,9,0.003,2,shot_13908_exact_reference_ns,22482
heavy,9,0.003,2,shot_13908_escalated,1
heavy,9,0.003,2,shot_13908_contaminated,0
heavy,9,0.003,2,shot_14079,0
heavy,9,0.003,2,shot_14079_num_defects,26
heavy,9,0.003,2,shot_14079_phase1_ns,25278
heavy,9,0.003,2,shot_14079_harvest_ns,8025
heavy,9,0.003,2,shot_14079_escalation_ns,19887
heavy,9,0.003,2,shot_14079_stock_ns,19827
heavy,9,0.003,2,shot_14079_total_ns,53431
heavy,9,0.003,2,shot_14079_exact_reference_ns,12513
heavy,9,0.003,2,shot_14079_escalated,1
heavy,9,0.003,2,shot_14079_contaminated,0
heavy,9,0.003,2,shot_14429,0
heavy,9,0.003,2,shot_14429_num_defects,69
heavy,9,0.003,2,shot_14429_phase1_ns,122420
heavy,9,0.003,2,shot_14429_harvest_ns,2946
heavy,9,0.003,2,shot_14429_escalation_ns,0
heavy,9,0.003,2,shot_14429_stock_ns,0
heavy,9,0.003,2,shot_14429_total_ns,125437
heavy,9,0.003,2,shot_14429_exact_reference_ns,36037
heavy,9,0.003,2,shot_14429_escalated,0
heavy,9,0.003,2,shot_14429_contaminated,0
heavy,9,0.003,2,shot_15932,0
heavy,9,0.003,2,shot_15932_num_defects,61
heavy,9,0.003,2,shot_15932_phase1_ns,86693
heavy,9,0.003,2,shot_15932_harvest_ns,1693
heavy,9,0.003,2,shot_15932_escalation_ns,0
heavy,9,0.003,2,shot_15932_stock_ns,0
heavy,9,0.003,2,shot_15932_total_ns,88477
heavy,9,0.003,2,shot_15932_exact_reference_ns,25598
heavy,9,0.003,2,shot_15932_escalated,0
heavy,9,0.003,2,shot_15932_contaminated,0
heavy,9,0.003,2,shot_16493,0
heavy,9,0.003,2,shot_16493_num_defects,29
heavy,9,0.003,2,shot_16493_phase1_ns,34664
heavy,9,0.003,2,shot_16493_harvest_ns,14218
heavy,9,0.003,2,shot_16493_escalation_ns,24015
heavy,9,0.003,2,shot_16493_stock_ns,23955
heavy,9,0.003,2,shot_16493_total_ns,73138
heavy,9,0.003,2,shot_16493_exact_reference_ns,15951
heavy,9,0.003,2,shot_16493_escalated,1
heavy,9,0.003,2,shot_16493_contaminated,0
heavy,9,0.003,2,shot_17133,0
heavy,9,0.003,2,shot_17133_num_defects,35
heavy,9,0.003,2,shot_17133_phase1_ns,33453
heavy,9,0.003,2,shot_17133_harvest_ns,12243
heavy,9,0.003,2,shot_17133_escalation_ns,28464
heavy,9,0.003,2,shot_17133_stock_ns,28403
heavy,9,0.003,2,shot_17133_total_ns,74380
heavy,9,0.003,2,shot_17133_exact_reference_ns,18044
heavy,9,0.003,2,shot_17133_escalated,1
heavy,9,0.003,2,shot_17133_contaminated,0
heavy,9,0.003,2,shot_17150,0
heavy,9,0.003,2,shot_17150_num_defects,67
heavy,9,0.003,2,shot_17150_phase1_ns,96291
heavy,9,0.003,2,shot_17150_harvest_ns,2104
heavy,9,0.003,2,shot_17150_escalation_ns,0
heavy,9,0.003,2,shot_17150_stock_ns,0
heavy,9,0.003,2,shot_17150_total_ns,98506
heavy,9,0.003,2,shot_17150_exact_reference_ns,32381
heavy,9,0.003,2,shot_17150_escalated,0
heavy,9,0.003,2,shot_17150_contaminated,0
heavy,9,0.003,2,shot_17295,0
heavy,9,0.003,2,shot_17295_num_defects,19
heavy,9,0.003,2,shot_17295_phase1_ns,19427
heavy,9,0.003,2,shot_17295_harvest_ns,10670
heavy,9,0.003,2,shot_17295_escalation_ns,25648
heavy,9,0.003,2,shot_17295_stock_ns,25589
heavy,9,0.003,2,shot_17295_total_ns,56016
heavy,9,0.003,2,shot_17295_exact_reference_ns,16682
heavy,9,0.003,2,shot_17295_escalated,1
heavy,9,0.003,2,shot_17295_contaminated,0
heavy,9,0.003,2,shot_17568,0
heavy,9,0.003,2,shot_17568_num_defects,64
heavy,9,0.003,2,shot_17568_phase1_ns,80031
heavy,9,0.003,2,shot_17568_harvest_ns,2034
heavy,9,0.003,2,shot_17568_escalation_ns,0
heavy,9,0.003,2,shot_17568_stock_ns,0
heavy,9,0.003,2,shot_17568_total_ns,82165
heavy,9,0.003,2,shot_17568_exact_reference_ns,32662
heavy,9,0.003,2,shot_17568_escalated,0
heavy,9,0.003,2,shot_17568_contaminated,0
heavy,9,0.003,2,shot_18265,0
heavy,9,0.003,2,shot_18265_num_defects,61
heavy,9,0.003,2,shot_18265_phase1_ns,87064
heavy,9,0.003,2,shot_18265_harvest_ns,2094
heavy,9,0.003,2,shot_18265_escalation_ns,0
heavy,9,0.003,2,shot_18265_stock_ns,0
heavy,9,0.003,2,shot_18265_total_ns,89248
heavy,9,0.003,2,shot_18265_exact_reference_ns,43261
heavy,9,0.003,2,shot_18265_escalated,0
heavy,9,0.003,2,shot_18265_contaminated,0
heavy,9,0.003,2,shot_18487,0
heavy,9,0.003,2,shot_18487_num_defects,36
heavy,9,0.003,2,shot_18487_phase1_ns,45085
heavy,9,0.003,2,shot_18487_harvest_ns,12253
heavy,9,0.003,2,shot_18487_escalation_ns,53711
heavy,9,0.003,2,shot_18487_stock_ns,53631
heavy,9,0.003,2,shot_18487_total_ns,111239
heavy,9,0.003,2,shot_18487_exact_reference_ns,41839
heavy,9,0.003,2,shot_18487_escalated,1
heavy,9,0.003,2,shot_18487_contaminated,0
heavy,9,0.003,2,shot_19720,0
heavy,9,0.003,2,shot_19720_num_defects,60
heavy,9,0.003,2,shot_19720_phase1_ns,85672
heavy,9,0.003,2,shot_19720_harvest_ns,1683
heavy,9,0.003,2,shot_19720_escalation_ns,0
heavy,9,0.003,2,shot_19720_stock_ns,0
heavy,9,0.003,2,shot_19720_total_ns,87455
heavy,9,0.003,2,shot_19720_exact_reference_ns,27763
heavy,9,0.003,2,shot_19720_escalated,0
heavy,9,0.003,2,shot_19720_contaminated,0
heavy,9,0.005,2,shot_503,0
heavy,9,0.005,2,shot_503_num_defects,89
heavy,9,0.005,2,shot_503_phase1_ns,152186
heavy,9,0.005,2,shot_503_harvest_ns,2936
heavy,9,0.005,2,shot_503_escalation_ns,0
heavy,9,0.005,2,shot_503_stock_ns,0
heavy,9,0.005,2,shot_503_total_ns,155232
heavy,9,0.005,2,shot_503_exact_reference_ns,55294
heavy,9,0.005,2,shot_503_escalated,0
heavy,9,0.005,2,shot_503_contaminated,0
heavy,9,0.005,2,shot_912,0
heavy,9,0.005,2,shot_912_num_defects,49
heavy,9,0.005,2,shot_912_phase1_ns,58270
heavy,9,0.005,2,shot_912_harvest_ns,15389
heavy,9,0.005,2,shot_912_escalation_ns,46688
heavy,9,0.005,2,shot_912_stock_ns,46628
heavy,9,0.005,2,shot_912_total_ns,120677
heavy,9,0.005,2,shot_912_exact_reference_ns,36679
heavy,9,0.005,2,shot_912_escalated,1
heavy,9,0.005,2,shot_912_contaminated,0
heavy,9,0.005,2,shot_1175,0
heavy,9,0.005,2,shot_1175_num_defects,50
heavy,9,0.005,2,shot_1175_phase1_ns,58982
heavy,9,0.005,2,shot_1175_harvest_ns,13595
heavy,9,0.005,2,shot_1175_escalation_ns,43051
heavy,9,0.005,2,shot_1175_stock_ns,42991
heavy,9,0.005,2,shot_1175_total_ns,115849
heavy,9,0.005,2,shot_1175_exact_reference_ns,31590
heavy,9,0.005,2,shot_1175_escalated,1
heavy,9,0.005,2,shot_1175_contaminated,0
heavy,9,0.005,2,shot_1396,0
heavy,9,0.005,2,shot_1396_num_defects,85
heavy,9,0.005,2,shot_1396_phase1_ns,126488
heavy,9,0.005,2,shot_1396_harvest_ns,2525
heavy,9,0.005,2,shot_1396_escalation_ns,0
heavy,9,0.005,2,shot_1396_stock_ns,0
heavy,9,0.005,2,shot_1396_total_ns,129113
heavy,9,0.005,2,shot_1396_exact_reference_ns,39023
heavy,9,0.005,2,shot_1396_escalated,0
heavy,9,0.005,2,shot_1396_contaminated,0
heavy,9,0.005,2,shot_1608,0
heavy,9,0.005,2,shot_1608_num_defects,64
heavy,9,0.005,2,shot_1608_phase1_ns,80020
heavy,9,0.005,2,shot_1608_harvest_ns,14057
heavy,9,0.005,2,shot_1608_escalation_ns,51086
heavy,9,0.005,2,shot_1608_stock_ns,51016
heavy,9,0.005,2,shot_1608_total_ns,145415
heavy,9,0.005,2,shot_1608_exact_reference_ns,38693
heavy,9,0.005,2,shot_1608_escalated,1
heavy,9,0.005,2,shot_1608_contaminated,0
heavy,9,0.005,2,shot_1916,0
heavy,9,0.005,2,shot_1916_num_defects,37
heavy,9,0.005,2,shot_1916_phase1_ns,47480
heavy,9,0.005,2,shot_1916_harvest_ns,12413
heavy,9,0.005,2,shot_1916_escalation_ns,38252
heavy,9,0.005,2,shot_1916_stock_ns,38202
heavy,9,0.005,2,shot_1916_total_ns,98355
heavy,9,0.005,2,shot_1916_exact_reference_ns,27772
heavy,9,0.005,2,shot_1916_escalated,1
heavy,9,0.005,2,shot_1916_contaminated,0
heavy,9,0.005,2,shot_2213,0
heavy,9,0.005,2,shot_2213_num_defects,39
heavy,9,0.005,2,shot_2213_phase1_ns,40736
heavy,9,0.005,2,shot_2213_harvest_ns,15720
heavy,9,0.005,2,shot_2213_escalation_ns,43391
heavy,9,0.005,2,shot_2213_stock_ns,43331
heavy,9,0.005,2,shot_2213_total_ns,100088
heavy,9,0.005,2,shot_2213_exact_reference_ns,30377
heavy,9,0.005,2,shot_2213_escalated,1
heavy,9,0.005,2,shot_2213_contaminated,0
heavy,9,0.005,2,shot_2279,0
heavy,9,0.005,2,shot_2279_num_defects,48
heavy,9,0.005,2,shot_2279_phase1_ns,53881
heavy,9,0.005,2,shot_2279_harvest_ns,9939
heavy,9,0.005,2,shot_2279_escalation_ns,28143
heavy,9,0.005,2,shot_2279_stock_ns,28043
heavy,9,0.005,2,shot_2279_total_ns,92104
heavy,9,0.005,2,shot_2279_exact_reference_ns,17884
heavy,9,0.005,2,shot_2279_escalated,1
heavy,9,0.005,2,shot_2279_contaminated,0
heavy,9,0.005,2,shot_2379,0
heavy,9,0.005,2,shot_2379_num_defects,45
heavy,9,0.005,2,shot_2379_phase1_ns,75572
heavy,9,0.005,2,shot_2379_harvest_ns,21982
heavy,9,0.005,2,shot_2379_escalation_ns,67658
heavy,9,0.005,2,shot_2379_stock_ns,67316
heavy,9,0.005,2,shot_2379_total_ns,165422
heavy,9,0.005,2,shot_2379_exact_reference_ns,38703
heavy,9,0.005,2,shot_2379_escalated,1
heavy,9,0.005,2,shot_2379_contaminated,0
heavy,9,0.005,2,shot_2395,0
heavy,9,0.005,2,shot_2395_num_defects,88
heavy,9,0.005,2,shot_2395_phase1_ns,169419
heavy,9,0.005,2,shot_2395_harvest_ns,2996
heavy,9,0.005,2,shot_2395_escalation_ns,0
heavy,9,0.005,2,shot_2395_stock_ns,0
heavy,9,0.005,2,shot_2395_total_ns,172535
heavy,9,0.005,2,shot_2395_exact_reference_ns,60013
heavy,9,0.005,2,shot_2395_escalated,0
heavy,9,0.005,2,shot_2395_contaminated,0
heavy,9,0.005,2,shot_2609,0
heavy,9,0.005,2,shot_2609_num_defects,91
heavy,9,0.005,2,shot_2609_phase1_ns,176613
heavy,9,0.005,2,shot_2609_harvest_ns,3236
heavy,9,0.005,2,shot_2609_escalation_ns,0
heavy,9,0.005,2,shot_2609_stock_ns,0
heavy,9,0.005,2,shot_2609_total_ns,180130
heavy,9,0.005,2,shot_2609_exact_reference_ns,83848
heavy,9,0.005,2,shot_2609_escalated,0
heavy,9,0.005,2,shot_2609_contaminated,0
heavy,9,0.005,2,shot_2789,0
heavy,9,0.005,2,shot_2789_num_defects,85
heavy,9,0.005,2,shot_2789_phase1_ns,173456
heavy,9,0.005,2,shot_2789_harvest_ns,3718
heavy,9,0.005,2,shot_2789_escalation_ns,0
heavy,9,0.005,2,shot_2789_stock_ns,0
heavy,9,0.005,2,shot_2789_total_ns,177294
heavy,9,0.005,2,shot_2789_exact_reference_ns,104978
heavy,9,0.005,2,shot_2789_escalated,0
heavy,9,0.005,2,shot_2789_contaminated,0
heavy,9,0.005,2,shot_2901,0
heavy,9,0.005,2,shot_2901_num_defects,57
heavy,9,0.005,2,shot_2901_phase1_ns,76184
heavy,9,0.005,2,shot_2901_harvest_ns,16801
heavy,9,0.005,2,shot_2901_escalation_ns,61576
heavy,9,0.005,2,shot_2901_stock_ns,61516
heavy,9,0.005,2,shot_2901_total_ns,154842
heavy,9,0.005,2,shot_2901_exact_reference_ns,47289
heavy,9,0.005,2,shot_2901_escalated,1
heavy,9,0.005,2,shot_2901_contaminated,0
heavy,9,0.005,2,shot_3199,0
heavy,9,0.005,2,shot_3199_num_defects,50
heavy,9,0.005,2,shot_3199_phase1_ns,78036
heavy,9,0.005,2,shot_3199_harvest_ns,16351
heavy,9,0.005,2,shot_3199_escalation_ns,87625
heavy,9,0.005,2,shot_3199_stock_ns,87555
heavy,9,0.005,2,shot_3199_total_ns,182223
heavy,9,0.005,2,shot_3199_exact_reference_ns,56397
heavy,9,0.005,2,shot_3199_escalated,1
heavy,9,0.005,2,shot_3199_contaminated,0
heavy,9,0.005,2,shot_3682,0
heavy,9,0.005,2,shot_3682_num_defects,99
heavy,9,0.005,2,shot_3682_phase1_ns,176312
heavy,9,0.005,2,shot_3682_harvest_ns,3236
heavy,9,0.005,2,shot_3682_escalation_ns,0
heavy,9,0.005,2,shot_3682_stock_ns,0
heavy,9,0.005,2,shot_3682_total_ns,179658
heavy,9,0.005,2,shot_3682_exact_reference_ns,62147
heavy,9,0.005,2,shot_3682_escalated,0
heavy,9,0.005,2,shot_3682_contaminated,0
heavy,9,0.005,2,shot_3810,0
heavy,9,0.005,2,shot_3810_num_defects,87
heavy,9,0.005,2,shot_3810_phase1_ns,134263
heavy,9,0.005,2,shot_3810_harvest_ns,3226
heavy,9,0.005,2,shot_3810_escalation_ns,0
heavy,9,0.005,2,shot_3810_stock_ns,0
heavy,9,0.005,2,shot_3810_total_ns,137589
heavy,9,0.005,2,shot_3810_exact_reference_ns,65473
heavy,9,0.005,2,shot_3810_escalated,0
heavy,9,0.005,2,shot_3810_contaminated,0
heavy,9,0.005,2,shot_3928,0
heavy,9,0.005,2,shot_3928_num_defects,43
heavy,9,0.005,2,shot_3928_phase1_ns,45146
heavy,9,0.005,2,shot_3928_harvest_ns,20468
heavy,9,0.005,2,shot_3928_escalation_ns,41748
heavy,9,0.005,2,shot_3928_stock_ns,41678
heavy,9,0.005,2,shot_3928_total_ns,107613
heavy,9,0.005,2,shot_3928_exact_reference_ns,30588
heavy,9,0.005,2,shot_3928_escalated,1
heavy,9,0.005,2,shot_3928_contaminated,0
heavy,9,0.005,2,shot_3997,0
heavy,9,0.005,2,shot_3997_num_defects,88
heavy,9,0.005,2,shot_3997_phase1_ns,135264
heavy,9,0.005,2,shot_3997_harvest_ns,3046
heavy,9,0.005,2,shot_3997_escalation_ns,0
heavy,9,0.005,2,shot_3997_stock_ns,0
heavy,9,0.005,2,shot_3997_total_ns,138401
heavy,9,0.005,2,shot_3997_exact_reference_ns,45315
heavy,9,0.005,2,shot_3997_escalated,0
heavy,9,0.005,2,shot_3997_contaminated,0
heavy,9,0.005,2,shot_4002,0
heavy,9,0.005,2,shot_4002_num_defects,90
heavy,9,0.005,2,shot_4002_phase1_ns,136728
heavy,9,0.005,2,shot_4002_harvest_ns,2755
heavy,9,0.005,2,shot_4002_escalation_ns,0
heavy,9,0.005,2,shot_4002_stock_ns,0
heavy,9,0.005,2,shot_4002_total_ns,139604
heavy,9,0.005,2,shot_4002_exact_reference_ns,37701
heavy,9,0.005,2,shot_4002_escalated,0
heavy,9,0.005,2,shot_4002_contaminated,0
heavy,9,0.005,2,shot_4239,0
heavy,9,0.005,2,shot_4239_num_defects,55
heavy,9,0.005,2,shot_4239_phase1_ns,69662
heavy,9,0.005,2,shot_4239_harvest_ns,17733
heavy,9,0.005,2,shot_4239_escalation_ns,64963
heavy,9,0.005,2,shot_4239_stock_ns,64782
heavy,9,0.005,2,shot_4239_total_ns,152578
heavy,9,0.005,2,shot_4239_exact_reference_ns,49494
heavy,9,0.005,2,shot_4239_escalated,1
heavy,9,0.005,2,shot_4239_contaminated,0
heavy,9,0.005,2,shot_4404,0
heavy,9,0.005,2,shot_4404_num_defects,87
heavy,9,0.005,2,shot_4404_phase1_ns,134693
heavy,9,0.005,2,shot_4404_harvest_ns,3056
heavy,9,0.005,2,shot_4404_escalation_ns,0
heavy,9,0.005,2,shot_4404_stock_ns,0
heavy,9,0.005,2,shot_4404_total_ns,137830
heavy,9,0.005,2,shot_4404_exact_reference_ns,52278
heavy,9,0.005,2,shot_4404_escalated,0
heavy,9,0.005,2,shot_4404_contaminated,0
heavy,9,0.005,2,shot_4408,0
heavy,9,0.005,2,shot_4408_num_defects,48
heavy,9,0.005,2,shot_4408_phase1_ns,55485
heavy,9,0.005,2,shot_4408_harvest_ns,12243
heavy,9,0.005,2,shot_4408_escalation_ns,46758
heavy,9,0.005,2,shot_4408_stock_ns,46678
heavy,9,0.005,2,shot_4408_total_ns,114716
heavy,9,0.005,2,shot_4408_exact_reference_ns,36980
heavy,9,0.005,2,shot_4408_escalated,1
heavy,9,0.005,2,shot_4408_contaminated,0
heavy,9,0.005,2,shot_4447,0
heavy,9,0.005,2,shot_4447_num_defects,60
heavy,9,0.005,2,shot_4447_phase1_ns,81985
heavy,9,0.005,2,shot_4447_harvest_ns,10990
heavy,9,0.005,2,shot_4447_escalation_ns,65784
heavy,9,0.005,2,shot_4447_stock_ns,65724
heavy,9,0.005,2,shot_4447_total_ns,159019
heavy,9,0.005,2,shot_4447_exact_reference_ns,55254
heavy,9,0.005,2,shot_4447_escalated,1
heavy,9,0.005,2,shot_4447_contaminated,0
heavy,9,0.005,2,shot_4766,0
heavy,9,0.005,2,shot_4766_num_defects,65
heavy,9,0.005,2,shot_4766_phase1_ns,92293
heavy,9,0.005,2,shot_4766_harvest_ns,11923
heavy,9,0.005,2,shot_4766_escalation_ns,76875
heavy,9,0.005,2,shot_4766_stock_ns,76825
heavy,9,0.005,2,shot_4766_total_ns,181351
heavy,9,0.005,2,shot_4766_exact_reference_ns,66054
heavy,9,0.005,2,shot_4766_escalated,1
heavy,9,0.005,2,shot_4766_contaminated,0
heavy,9,0.005,2,shot_4841,0
heavy,9,0.005,2,shot_4841_num_defects,84
heavy,9,0.005,2,shot_4841_phase1_ns,118102
heavy,9,0.005,2,shot_4841_harvest_ns,2384
heavy,9,0.005,2,shot_4841_escalation_ns,0
heavy,9,0.005,2,shot_4841_stock_ns,0
heavy,9,0.005,2,shot_4841_total_ns,120578
heavy,9,0.005,2,shot_4841_exact_reference_ns,36539
heavy,9,0.005,2,shot_4841_escalated,0
heavy,9,0.005,2,shot_4841_contaminated,0
heavy,9,0.005,2,shot_4922,0
heavy,9,0.005,2,shot_4922_num_defects,69
heavy,9,0.005,2,shot_4922_phase1_ns,101742
heavy,9,0.005,2,shot_4922_harvest_ns,11722
heavy,9,0.005,2,shot_4922_escalation_ns,68369
heavy,9,0.005,2,shot_4922_stock_ns,68238
heavy,9,0.005,2,shot_4922_total_ns,181983
heavy,9,0.005,2,shot_4922_exact_reference_ns,55715
heavy,9,0.005,2,shot_4922_escalated,1
heavy,9,0.005,2,shot_4922_contaminated,0
heavy,9,0.005,2,shot_4973,0
heavy,9,0.005,2,shot_4973_num_defects,51
heavy,9,0.005,2,shot_4973_phase1_ns,64361
heavy,9,0.005,2,shot_4973_harvest_ns,11011
heavy,9,0.005,2,shot_4973_escalation_ns,49443
heavy,9,0.005,2,shot_4973_stock_ns,49393
heavy,9,0.005,2,shot_4973_total_ns,125036
heavy,9,0.005,2,shot_4973_exact_reference_ns,37421
heavy,9,0.005,2,shot_4973_escalated,1
heavy,9,0.005,2,shot_4973_contaminated,0
heavy,9,0.005,2,shot_5572,0
heavy,9,0.005,2,shot_5572_num_defects,85
heavy,9,0.005,2,shot_5572_phase1_ns,133451
heavy,9,0.005,2,shot_5572_harvest_ns,2595
heavy,9,0.005,2,shot_5572_escalation_ns,0
heavy,9,0.005,2,shot_5572_stock_ns,0
heavy,9,0.005,2,shot_5572_total_ns,136116
heavy,9,0.005,2,shot_5572_exact_reference_ns,43211
heavy,9,0.005,2,shot_5572_escalated,0
heavy,9,0.005,2,shot_5572_contaminated,0
heavy,9,0.005,2,shot_6274,0
heavy,9,0.005,2,shot_6274_num_defects,60
heavy,9,0.005,2,shot_6274_phase1_ns,71155
heavy,9,0.005,2,shot_6274_harvest_ns,15048
heavy,9,0.005,2,shot_6274_escalation_ns,61787
heavy,9,0.005,2,shot_6274_stock_ns,61717
heavy,9,0.005,2,shot_6274_total_ns,148220
heavy,9,0.005,2,shot_6274_exact_reference_ns,48943
heavy,9,0.005,2,shot_6274_escalated,1
heavy,9,0.005,2,shot_6274_contaminated,0
heavy,9,0.005,2,shot_6277,0
heavy,9,0.005,2,shot_6277_num_defects,56
heavy,9,0.005,2,shot_6277_phase1_ns,67236
heavy,9,0.005,2,shot_6277_harvest_ns,6302
heavy,9,0.005,2,shot_6277_escalation_ns,41228
heavy,9,0.005,2,shot_6277_stock_ns,41188
heavy,9,0.005,2,shot_6277_total_ns,114906
heavy,9,0.005,2,shot_6277_exact_reference_ns,30799
heavy,9,0.005,2,shot_6277_escalated,1
heavy,9,0.005,2,shot_6277_contaminated,0
heavy,9,0.005,2,shot_6460,0
heavy,9,0.005,2,shot_6460_num_defects,43
heavy,9,0.005,2,shot_6460_phase1_ns,55395
heavy,9,0.005,2,shot_6460_harvest_ns,11622
heavy,9,0.005,2,shot_6460_escalation_ns,37451
heavy,9,0.005,2,shot_6460_stock_ns,37401
heavy,9,0.005,2,shot_6460_total_ns,104697
heavy,9,0.005,2,shot_6460_exact_reference_ns,27212
heavy,9,0.005,2,shot_6460_escalated,1
heavy,9,0.005,2,shot_6460_contaminated,0
heavy,9,0.005,2,shot_7071,0
heavy,9,0.005,2,shot_7071_num_defects,46
heavy,9,0.005,2,shot_7071_phase1_ns,50785
heavy,9,0.005,2,shot_7071_harvest_ns,13726
heavy,9,0.005,2,shot_7071_escalation_ns,34555
heavy,9,0.005,2,shot_7071_stock_ns,34505
heavy,9,0.005,2,shot_7071_total_ns,99287
heavy,9,0.005,2,shot_7071_exact_reference_ns,24827
heavy,9,0.005,2,shot_7071_escalated,1
heavy,9,0.005,2,shot_7071_contaminated,0
heavy,9,0.005,2,shot_7259,0
heavy,9,0.005,2,shot_7259_num_defects,90
heavy,9,0.005,2,shot_7259_phase1_ns,142159
heavy,9,0.005,2,shot_7259_harvest_ns,2935
heavy,9,0.005,2,shot_7259_escalation_ns,0
heavy,9,0.005,2,shot_7259_stock_ns,0
heavy,9,0.005,2,shot_7259_total_ns,145224
heavy,9,0.005,2,shot_7259_exact_reference_ns,54803
heavy,9,0.005,2,shot_7259_escalated,0
heavy,9,0.005,2,shot_7259_contaminated,0
heavy,9,0.005,2,shot_7477,0
heavy,9,0.005,2,shot_7477_num_defects,59
heavy,9,0.005,2,shot_7477_phase1_ns,70072
heavy,9,0.005,2,shot_7477_harvest_ns,15970
heavy,9,0.005,2,shot_7477_escalation_ns,42159
heavy,9,0.005,2,shot_7477_stock_ns,42099
heavy,9,0.005,2,shot_7477_total_ns,128462
heavy,9,0.005,2,shot_7477_exact_reference_ns,30498
heavy,9,0.005,2,shot_7477_escalated,1
heavy,9,0.005,2,shot_7477_contaminated,0
heavy,9,0.005,2,shot_7520,0
heavy,9,0.005,2,shot_7520_num_defects,62
heavy,9,0.005,2,shot_7520_phase1_ns,79580
heavy,9,0.005,2,shot_7520_harvest_ns,11722
heavy,9,0.005,2,shot_7520_escalation_ns,46738
heavy,9,0.005,2,shot_7520_stock_ns,46688
heavy,9,0.005,2,shot_7520_total_ns,138290
heavy,9,0.005,2,shot_7520_exact_reference_ns,34204
heavy,9,0.005,2,shot_7520_escalated,1
heavy,9,0.005,2,shot_7520_contaminated,0
heavy,9,0.005,2,shot_7738,0
heavy,9,0.005,2,shot_7738_num_defects,36
heavy,9,0.005,2,shot_7738_phase1_ns,38522
heavy,9,0.005,2,shot_7738_harvest_ns,12323
heavy,9,0.005,2,shot_7738_escalation_ns,33924
heavy,9,0.005,2,shot_7738_stock_ns,33884
heavy,9,0.005,2,shot_7738_total_ns,85250
heavy,9,0.005,2,shot_7738_exact_reference_ns,23444
heavy,9,0.005,2,shot_7738_escalated,1
heavy,9,0.005,2,shot_7738_contaminated,0
heavy,9,0.005,2,shot_9131,0
heavy,9,0.005,2,shot_9131_num_defects,44
heavy,9,0.005,2,shot_9131_phase1_ns,55775
heavy,9,0.005,2,shot_9131_harvest_ns,14938
heavy,9,0.005,2,shot_9131_escalation_ns,53861
heavy,9,0.005,2,shot_9131_stock_ns,53791
heavy,9,0.005,2,shot_9131_total_ns,124795
heavy,9,0.005,2,shot_9131_exact_reference_ns,35857
heavy,9,0.005,2,shot_9131_escalated,1
heavy,9,0.005,2,shot_9131_contaminated,0
heavy,9,0.005,2,shot_9877,0
heavy,9,0.005,2,shot_9877_num_defects,56
heavy,9,0.005,2,shot_9877_phase1_ns,66746
heavy,9,0.005,2,shot_9877_harvest_ns,14297
heavy,9,0.005,2,shot_9877_escalation_ns,69651
heavy,9,0.005,2,shot_9877_stock_ns,69581
heavy,9,0.005,2,shot_9877_total_ns,150924
heavy,9,0.005,2,shot_9877_exact_reference_ns,58841
heavy,9,0.005,2,shot_9877_escalated,1
heavy,9,0.005,2,shot_9877_contaminated,0
heavy,9,0.005,2,shot_9914,0
heavy,9,0.005,2,shot_9914_num_defects,49
heavy,9,0.005,2,shot_9914_phase1_ns,51907
heavy,9,0.005,2,shot_9914_harvest_ns,11001
heavy,9,0.005,2,shot_9914_escalation_ns,42410
heavy,9,0.005,2,shot_9914_stock_ns,42359
heavy,9,0.005,2,shot_9914_total_ns,105569
heavy,9,0.005,2,shot_9914_exact_reference_ns,31119
heavy,9,0.005,2,shot_9914_escalated,1
heavy,9,0.005,2,shot_9914_contaminated,0
heavy,9,0.005,2,shot_9958,0
heavy,9,0.005,2,shot_9958_num_defects,88
heavy,9,0.005,2,shot_9958_phase1_ns,140004
heavy,9,0.005,2,shot_9958_harvest_ns,3156
heavy,9,0.005,2,shot_9958_escalation_ns,0
heavy,9,0.005,2,shot_9958_stock_ns,0
heavy,9,0.005,2,shot_9958_total_ns,143250
heavy,9,0.005,2,shot_9958_exact_reference_ns,50425
heavy,9,0.005,2,shot_9958_escalated,0
heavy,9,0.005,2,shot_9958_contaminated,0
heavy,9,0.005,2,shot_10146,0
heavy,9,0.005,2,shot_10146_num_defects,84
heavy,9,0.005,2,shot_10146_phase1_ns,132770
heavy,9,0.005,2,shot_10146_harvest_ns,3075
heavy,9,0.005,2,shot_10146_escalation_ns,0
heavy,9,0.005,2,shot_10146_stock_ns,0
heavy,9,0.005,2,shot_10146_total_ns,135957
heavy,9,0.005,2,shot_10146_exact_reference_ns,59923
heavy,9,0.005,2,shot_10146_escalated,0
heavy,9,0.005,2,shot_10146_contaminated,0
heavy,9,0.005,2,shot_10271,0
heavy,9,0.005,2,shot_10271_num_defects,93
heavy,9,0.005,2,shot_10271_phase1_ns,135756
heavy,9,0.005,2,shot_10271_harvest_ns,2645
heavy,9,0.005,2,shot_10271_escalation_ns,0
heavy,9,0.005,2,shot_10271_stock_ns,0
heavy,9,0.005,2,shot_10271_total_ns,138511
heavy,9,0.005,2,shot_10271_exact_reference_ns,35587
heavy,9,0.005,2,shot_10271_escalated,0
heavy,9,0.005,2,shot_10271_contaminated,0
heavy,9,0.005,2,shot_10332,0
heavy,9,0.005,2,shot_10332_num_defects,53
heavy,9,0.005,2,shot_10332_phase1_ns,58961
heavy,9,0.005,2,shot_10332_harvest_ns,15208
heavy,9,0.005,2,shot_10332_escalation_ns,48291
heavy,9,0.005,2,shot_10332_stock_ns,48071
heavy,9,0.005,2,shot_10332_total_ns,122942
heavy,9,0.005,2,shot_10332_exact_reference_ns,36669
heavy,9,0.005,2,shot_10332_escalated,1
heavy,9,0.005,2,shot_10332_contaminated,0
heavy,9,0.005,2,shot_10673,0
heavy,9,0.005,2,shot_10673_num_defects,43
heavy,9,0.005,2,shot_10673_phase1_ns,48040
heavy,9,0.005,2,shot_10673_harvest_ns,13205
heavy,9,0.005,2,shot_10673_escalation_ns,37150
heavy,9,0.005,2,shot_10673_stock_ns,37100
heavy,9,0.005,2,shot_10673_total_ns,98626
heavy,9,0.005,2,shot_10673_exact_reference_ns,26560
heavy,9,0.005,2,shot_10673_escalated,1
heavy,9,0.005,2,shot_10673_contaminated,0
heavy,9,0.005,2,shot_11508,0
heavy,9,0.005,2,shot_11508_num_defects,51
heavy,9,0.005,2,shot_11508_phase1_ns,65435
heavy,9,0.005,2,shot_11508_harvest_ns,16841
heavy,9,0.005,2,shot_11508_escalation_ns,31429
heavy,9,0.005,2,shot_11508_stock_ns,31369
heavy,9,0.005,2,shot_11508_total_ns,113985
heavy,9,0.005,2,shot_11508_exact_reference_ns,16721
heavy,9,0.005,2,shot_11508_escalated,1
heavy,9,0.005,2,shot_11508_contaminated,0
heavy,9,0.005,2,shot_11733,0
heavy,9,0.005,2,shot_11733_num_defects,50
heavy,9,0.005,2,shot_11733_phase1_ns,87845
heavy,9,0.005,2,shot_11733_harvest_ns,31520
heavy,9,0.005,2,shot_11733_escalation_ns,42700
heavy,9,0.005,2,shot_11733_stock_ns,42340
heavy,9,0.005,2,shot_11733_total_ns,162616
heavy,9,0.005,2,shot_11733_exact_reference_ns,18996
heavy,9,0.005,2,shot_11733_escalated,1
heavy,9,0.005,2,shot_11733_contaminated,0
heavy,9,0.005,2,shot_12112,0
heavy,9,0.005,2,shot_12112_num_defects,60
heavy,9,0.005,2,shot_12112_phase1_ns,91914
heavy,9,0.005,2,shot_12112_harvest_ns,12644
heavy,9,0.005,2,shot_12112_escalation_ns,55495
heavy,9,0.005,2,shot_12112_stock_ns,55425
heavy,9,0.005,2,shot_12112_total_ns,160413
heavy,9,0.005,2,shot_12112_exact_reference_ns,43613
heavy,9,0.005,2,shot_12112_escalated,1
heavy,9,0.005,2,shot_12112_contaminated,0
heavy,9,0.005,2,shot_12135,0
heavy,9,0.005,2,shot_12135_num_defects,63
heavy,9,0.005,2,shot_12135_phase1_ns,91883
heavy,9,0.005,2,shot_12135_harvest_ns,8907
heavy,9,0.005,2,shot_12135_escalation_ns,86894
heavy,9,0.005,2,shot_12135_stock_ns,86774
heavy,9,0.005,2,shot_12135_total_ns,187814
heavy,9,0.005,2,shot_12135_exact_reference_ns,78779
heavy,9,0.005,2,shot_12135_escalated,1
heavy,9,0.005,2,shot_12135_contaminated,0
heavy,9,0.005,2,shot_12335,0
heavy,9,0.005,2,shot_12335_num_defects,40
heavy,9,0.005,2,shot_12335_phase1_ns,49623
heavy,9,0.005,2,shot_12335_harvest_ns,15189
heavy,9,0.005,2,shot_12335_escalation_ns,41549
heavy,9,0.005,2,shot_12335_stock_ns,41489
heavy,9,0.005,2,shot_12335_total_ns,106581
heavy,9,0.005,2,shot_12335_exact_reference_ns,25889
heavy,9,0.005,2,shot_12335_escalated,1
heavy,9,0.005,2,shot_12335_contaminated,0
heavy,9,0.005,2,shot_12789,0
heavy,9,0.005,2,shot_12789_num_defects,56
heavy,9,0.005,2,shot_12789_phase1_ns,65424
heavy,9,0.005,2,shot_12789_harvest_ns,11692
heavy,9,0.005,2,shot_12789_escalation_ns,71685
heavy,9,0.005,2,shot_12789_stock_ns,71625
heavy,9,0.005,2,shot_12789_total_ns,149081
heavy,9,0.005,2,shot_12789_exact_reference_ns,58661
heavy,9,0.005,2,shot_12789_escalated,1
heavy,9,0.005,2,shot_12789_contaminated,0
heavy,9,0.005,2,shot_13059,0
heavy,9,0.005,2,shot_13059_num_defects,35
heavy,9,0.005,2,shot_13059_phase1_ns,42029
heavy,9,0.005,2,shot_13059_harvest_ns,12524
heavy,9,0.005,2,shot_13059_escalation_ns,43001
heavy,9,0.005,2,shot_13059_stock_ns,42931
heavy,9,0.005,2,shot_13059_total_ns,97795
heavy,9,0.005,2,shot_13059_exact_reference_ns,32381
heavy,9,0.005,2,shot_13059_escalated,1
heavy,9,0.005,2,shot_13059_contaminated,0
heavy,9,0.005,2,shot_13142,0
heavy,9,0.005,2,shot_13142_num_defects,38
heavy,9,0.005,2,shot_13142_phase1_ns,52028
heavy,9,0.005,2,shot_13142_harvest_ns,10941
heavy,9,0.005,2,shot_13142_escalation_ns,58821
heavy,9,0.005,2,shot_13142_stock_ns,58761
heavy,9,0.005,2,shot_13142_total_ns,122030
heavy,9,0.005,2,shot_13142_exact_reference_ns,41679
heavy,9,0.005,2,shot_13142_escalated,1
heavy,9,0.005,2,shot_13142_contaminated,0
heavy,9,0.005,2,shot_13931,0
heavy,9,0.005,2,shot_13931_num_defects,67
heavy,9,0.005,2,shot_13931_phase1_ns,81273
heavy,9,0.005,2,shot_13931_harvest_ns,13326
heavy,9,0.005,2,shot_13931_escalation_ns,53701
heavy,9,0.005,2,shot_13931_stock_ns,53641
heavy,9,0.005,2,shot_13931_total_ns,148520
heavy,9,0.005,2,shot_13931_exact_reference_ns,38572
heavy,9,0.005,2,shot_13931_escalated,1
heavy,9,0.005,2,shot_13931_contaminated,0
heavy,9,0.005,2,shot_14236,0
heavy,9,0.005,2,shot_14236_num_defects,52
heavy,9,0.005,2,shot_14236_phase1_ns,55935
heavy,9,0.005,2,shot_14236_harvest_ns,12554
heavy,9,0.005,2,shot_14236_escalation_ns,40987
heavy,9,0.005,2,shot_14236_stock_ns,40917
heavy,9,0.005,2,shot_14236_total_ns,109696
heavy,9,0.005,2,shot_14236_exact_reference_ns,30647
heavy,9,0.005,2,shot_14236_escalated,1
heavy,9,0.005,2,shot_14236_contaminated,0
heavy,9,0.005,2,shot_14770,0
heavy,9,0.005,2,shot_14770_num_defects,61
heavy,9,0.005,2,shot_14770_phase1_ns,86743
heavy,9,0.005,2,shot_14770_harvest_ns,15309
heavy,9,0.005,2,shot_14770_escalation_ns,61926
heavy,9,0.005,2,shot_14770_stock_ns,61866
heavy,9,0.005,2,shot_14770_total_ns,164219
heavy,9,0.005,2,shot_14770_exact_reference_ns,48371
heavy,9,0.005,2,shot_14770_escalated,1
heavy,9,0.005,2,shot_14770_contaminated,0
heavy,9,0.005,2,shot_14932,0
heavy,9,0.005,2,shot_14932_num_defects,42
heavy,9,0.005,2,shot_14932_phase1_ns,57198
heavy,9,0.005,2,shot_14932_harvest_ns,23183
heavy,9,0.005,2,shot_14932_escalation_ns,51007
heavy,9,0.005,2,shot_14932_stock_ns,50907
heavy,9,0.005,2,shot_14932_total_ns,131608
heavy,9,0.005,2,shot_14932_exact_reference_ns,26099
heavy,9,0.005,2,shot_14932_escalated,1
heavy,9,0.005,2,shot_14932_contaminated,0
heavy,9,0.005,2,shot_15392,0
heavy,9,0.005,2,shot_15392_num_defects,61
heavy,9,0.005,2,shot_15392_phase1_ns,79681
heavy,9,0.005,2,shot_15392_harvest_ns,13355
heavy,9,0.005,2,shot_15392_escalation_ns,62227
heavy,9,0.005,2,shot_15392_stock_ns,62157
heavy,9,0.005,2,shot_15392_total_ns,155513
heavy,9,0.005,2,shot_15392_exact_reference_ns,50565
heavy,9,0.005,2,shot_15392_escalated,1
heavy,9,0.005,2,shot_15392_contaminated,0
heavy,9,0.005,2,shot_15427,0
heavy,9,0.005,2,shot_15427_num_defects,89
heavy,9,0.005,2,shot_15427_phase1_ns,142498
heavy,9,0.005,2,shot_15427_harvest_ns,3196
heavy,9,0.005,2,shot_15427_escalation_ns,0
heavy,9,0.005,2,shot_15427_stock_ns,0
heavy,9,0.005,2,shot_15427_total_ns,145805
heavy,9,0.005,2,shot_15427_exact_reference_ns,54874
heavy,9,0.005,2,shot_15427_escalated,0
heavy,9,0.005,2,shot_15427_contaminated,0
heavy,9,0.005,2,shot_15432,0
heavy,9,0.005,2,shot_15432_num_defects,42
heavy,9,0.005,2,shot_15432_phase1_ns,54673
heavy,9,0.005,2,shot_15432_harvest_ns,12233
heavy,9,0.005,2,shot_15432_escalation_ns,40786
heavy,9,0.005,2,shot_15432_stock_ns,40737
heavy,9,0.005,2,shot_15432_total_ns,107923
heavy,9,0.005,2,shot_15432_exact_reference_ns,28995
heavy,9,0.005,2,shot_15432_escalated,1
heavy,9,0.005,2,shot_15432_contaminated,0
heavy,9,0.005,2,shot_15434,0
heavy,9,0.005,2,shot_15434_num_defects,27
heavy,9,0.005,2,shot_15434_phase1_ns,26841
heavy,9,0.005,2,shot_15434_harvest_ns,5300
heavy,9,0.005,2,shot_15434_escalation_ns,33904
heavy,9,0.005,2,shot_15434_stock_ns,33854
heavy,9,0.005,2,shot_15434_total_ns,66165
heavy,9,0.005,2,shot_15434_exact_reference_ns,23805
heavy,9,0.005,2,shot_15434_escalated,1
heavy,9,0.005,2,shot_15434_contaminated,0
heavy,9,0.005,2,shot_15532,0
heavy,9,0.005,2,shot_15532_num_defects,51
heavy,9,0.005,2,shot_15532_phase1_ns,72406
heavy,9,0.005,2,shot_15532_harvest_ns,10610
heavy,9,0.005,2,shot_15532_escalation_ns,41528
heavy,9,0.005,2,shot_15532_stock_ns,41489
heavy,9,0.005,2,shot_15532_total_ns,124835
heavy,9,0.005,2,shot_15532_exact_reference_ns,25709
heavy,9,0.005,2,shot_15532_escalated,1
heavy,9,0.005,2,shot_15532_contaminated,0
heavy,9,0.005,2,shot_15773,0
heavy,9,0.005,2,shot_15773_num_defects,62
heavy,9,0.005,2,shot_15773_phase1_ns,82635
heavy,9,0.005,2,shot_15773_harvest_ns,15239
heavy,9,0.005,2,shot_15773_escalation_ns,42250
heavy,9,0.005,2,shot_15773_stock_ns,42049
heavy,9,0.005,2,shot_15773_total_ns,140334
heavy,9,0.005,2,shot_15773_exact_reference_ns,22472
heavy,9,0.005,2,shot_15773_escalated,1
heavy,9,0.005,2,shot_15773_contaminated,0
heavy,9,0.005,2,shot_15858,0
heavy,9,0.005,2,shot_15858_num_defects,59
heavy,9,0.005,2,shot_15858_phase1_ns,82275
heavy,9,0.005,2,shot_15858_harvest_ns,13946
heavy,9,0.005,2,shot_15858_escalation_ns,55966
heavy,9,0.005,2,shot_15858_stock_ns,55896
heavy,9,0.005,2,shot_15858_total_ns,152407
heavy,9,0.005,2,shot_15858_exact_reference_ns,45325
heavy,9,0.005,2,shot_15858_escalated,1
heavy,9,0.005,2,shot_15858_contaminated,0
heavy,9,0.005,2,shot_16252,0
heavy,9,0.005,2,shot_16252_num_defects,48
heavy,9,0.005,2,shot_16252_phase1_ns,52418
heavy,9,0.005,2,shot_16252_harvest_ns,13857
heavy,9,0.005,2,shot_16252_escalation_ns,32782
heavy,9,0.005,2,shot_16252_stock_ns,32692
heavy,9,0.005,2,shot_16252_total_ns,99267
heavy,9,0.005,2,shot_16252_exact_reference_ns,22934
heavy,9,0.005,2,shot_16252_escalated,1
heavy,9,0.005,2,shot_16252_contaminated,0
heavy,9,0.005,2,shot_16676,0
heavy,9,0.005,2,shot_16676_num_defects,52
heavy,9,0.005,2,shot_16676_phase1_ns,70743
heavy,9,0.005,2,shot_16676_harvest_ns,12494
heavy,9,0.005,2,shot_16676_escalation_ns,60114
heavy,9,0.005,2,shot_16676_stock_ns,60054
heavy,9,0.005,2,shot_16676_total_ns,143611
heavy,9,0.005,2,shot_16676_exact_reference_ns,81303
heavy,9,0.005,2,shot_16676_escalated,1
heavy,9,0.005,2,shot_16676_contaminated,0
heavy,9,0.005,2,shot_16845,0
heavy,9,0.005,2,shot_16845_num_defects,56
heavy,9,0.005,2,shot_16845_phase1_ns,83478
heavy,9,0.005,2,shot_16845_harvest_ns,10109
heavy,9,0.005,2,shot_16845_escalation_ns,51187
heavy,9,0.005,2,shot_16845_stock_ns,51127
heavy,9,0.005,2,shot_16845_total_ns,145014
heavy,9,0.005,2,shot_16845_exact_reference_ns,37511
heavy,9,0.005,2,shot_16845_escalated,1
heavy,9,0.005,2,shot_16845_contaminated,0
heavy,9,0.005,2,shot_17044,0
heavy,9,0.005,2,shot_17044_num_defects,45
heavy,9,0.005,2,shot_17044_phase1_ns,52429
heavy,9,0.005,2,shot_17044_harvest_ns,14938
heavy,9,0.005,2,shot_17044_escalation_ns,32781
heavy,9,0.005,2,shot_17044_stock_ns,32572
heavy,9,0.005,2,shot_17044_total_ns,100389
heavy,9,0.005,2,shot_17044_exact_reference_ns,26630
heavy,9,0.005,2,shot_17044_escalated,1
heavy,9,0.005,2,shot_17044_contaminated,0
heavy,9,0.005,2,shot_17054,0
heavy,9,0.005,2,shot_17054_num_defects,54
heavy,9,0.005,2,shot_17054_phase1_ns,83046
heavy,9,0.005,2,shot_17054_harvest_ns,10190
heavy,9,0.005,2,shot_17054_escalation_ns,114205
heavy,9,0.005,2,shot_17054_stock_ns,114045
heavy,9,0.005,2,shot_17054_total_ns,207751
heavy,9,0.005,2,shot_17054_exact_reference_ns,71234
heavy,9,0.005,2,shot_17054_escalated,1
heavy,9,0.005,2,shot_17054_contaminated,0
heavy,9,0.005,2,shot_17074,0
heavy,9,0.005,2,shot_17074_num_defects,41
heavy,9,0.005,2,shot_17074_phase1_ns,57017
heavy,9,0.005,2,shot_17074_harvest_ns,10560
heavy,9,0.005,2,shot_17074_escalation_ns,34896
heavy,9,0.005,2,shot_17074_stock_ns,34845
heavy,9,0.005,2,shot_17074_total_ns,102703
heavy,9,0.005,2,shot_17074_exact_reference_ns,22983
heavy,9,0.005,2,shot_17074_escalated,1
heavy,9,0.005,2,shot_17074_contaminated,0
heavy,9,0.005,2,shot_17292,0
heavy,9,0.005,2,shot_17292_num_defects,52
heavy,9,0.005,2,shot_17292_phase1_ns,63900
heavy,9,0.005,2,shot_17292_harvest_ns,13596
heavy,9,0.005,2,shot_17292_escalation_ns,50525
heavy,9,0.005,2,shot_17292_stock_ns,50475
heavy,9,0.005,2,shot_17292_total_ns,128242
heavy,9,0.005,2,shot_17292_exact_reference_ns,42610
heavy,9,0.005,2,shot_17292_escalated,1
heavy,9,0.005,2,shot_17292_contaminated,0
heavy,9,0.005,2,shot_17523,0
heavy,9,0.005,2,shot_17523_num_defects,89
heavy,9,0.005,2,shot_17523_phase1_ns,181924
heavy,9,0.005,2,shot_17523_harvest_ns,3777
heavy,9,0.005,2,shot_17523_escalation_ns,0
heavy,9,0.005,2,shot_17523_stock_ns,0
heavy,9,0.005,2,shot_17523_total_ns,185800
heavy,9,0.005,2,shot_17523_exact_reference_ns,52058
heavy,9,0.005,2,shot_17523_escalated,0
heavy,9,0.005,2,shot_17523_contaminated,0
heavy,9,0.005,2,shot_18138,0
heavy,9,0.005,2,shot_18138_num_defects,48
heavy,9,0.005,2,shot_18138_phase1_ns,59131
heavy,9,0.005,2,shot_18138_harvest_ns,16351
heavy,9,0.005,2,shot_18138_escalation_ns,51376
heavy,9,0.005,2,shot_18138_stock_ns,51317
heavy,9,0.005,2,shot_18138_total_ns,127179
heavy,9,0.005,2,shot_18138_exact_reference_ns,38002
heavy,9,0.005,2,shot_18138_escalated,1
heavy,9,0.005,2,shot_18138_contaminated,0
heavy,9,0.005,2,shot_18321,0
heavy,9,0.005,2,shot_18321_num_defects,84
heavy,9,0.005,2,shot_18321_phase1_ns,116740
heavy,9,0.005,2,shot_18321_harvest_ns,2424
heavy,9,0.005,2,shot_18321_escalation_ns,0
heavy,9,0.005,2,shot_18321_stock_ns,0
heavy,9,0.005,2,shot_18321_total_ns,119295
heavy,9,0.005,2,shot_18321_exact_reference_ns,31039
heavy,9,0.005,2,shot_18321_escalated,0
heavy,9,0.005,2,shot_18321_contaminated,0
heavy,9,0.005,2,shot_18427,0
heavy,9,0.005,2,shot_18427_num_defects,34
heavy,9,0.005,2,shot_18427_phase1_ns,36368
heavy,9,0.005,2,shot_18427_harvest_ns,15760
heavy,9,0.005,2,shot_18427_escalation_ns,53982
heavy,9,0.005,2,shot_18427_stock_ns,53922
heavy,9,0.005,2,shot_18427_total_ns,106320
heavy,9,0.005,2,shot_18427_exact_reference_ns,41057
heavy,9,0.005,2,shot_18427_escalated,1
heavy,9,0.005,2,shot_18427_contaminated,0
heavy,9,0.005,2,shot_18699,0
heavy,9,0.005,2,shot_18699_num_defects,89
heavy,9,0.005,2,shot_18699_phase1_ns,129514
heavy,9,0.005,2,shot_18699_harvest_ns,2675
heavy,9,0.005,2,shot_18699_escalation_ns,0
heavy,9,0.005,2,shot_18699_stock_ns,0
heavy,9,0.005,2,shot_18699_total_ns,132299
heavy,9,0.005,2,shot_18699_exact_reference_ns,36659
heavy,9,0.005,2,shot_18699_escalated,0
heavy,9,0.005,2,shot_18699_contaminated,0
heavy,9,0.005,2,shot_18893,0
heavy,9,0.005,2,shot_18893_num_defects,41
heavy,9,0.005,2,shot_18893_phase1_ns,49664
heavy,9,0.005,2,shot_18893_harvest_ns,16531
heavy,9,0.005,2,shot_18893_escalation_ns,72738
heavy,9,0.005,2,shot_18893_stock_ns,72667
heavy,9,0.005,2,shot_18893_total_ns,139193
heavy,9,0.005,2,shot_18893_exact_reference_ns,59372
heavy,9,0.005,2,shot_18893_escalated,1
heavy,9,0.005,2,shot_18893_contaminated,0
heavy,9,0.005,2,shot_19286,0
heavy,9,0.005,2,shot_19286_num_defects,51
heavy,9,0.005,2,shot_19286_phase1_ns,61205
heavy,9,0.005,2,shot_19286_harvest_ns,14056
heavy,9,0.005,2,shot_19286_escalation_ns,52118
heavy,9,0.005,2,shot_19286_stock_ns,52048
heavy,9,0.005,2,shot_19286_total_ns,127671
heavy,9,0.005,2,shot_19286_exact_reference_ns,45967
heavy,9,0.005,2,shot_19286_escalated,1
heavy,9,0.005,2,shot_19286_contaminated,0
heavy,9,0.005,2,shot_19775,0
heavy,9,0.005,2,shot_19775_num_defects,68
heavy,9,0.005,2,shot_19775_phase1_ns,80472
heavy,9,0.005,2,shot_19775_harvest_ns,13495
heavy,9,0.005,2,shot_19775_escalation_ns,33984
heavy,9,0.005,2,shot_19775_stock_ns,33914
heavy,9,0.005,2,shot_19775_total_ns,128092
heavy,9,0.005,2,shot_19775_exact_reference_ns,24546
heavy,9,0.005,2,shot_19775_escalated,1
heavy,9,0.005,2,shot_19775_contaminated,0
heavy,9,0.005,2,shot_19835,0
heavy,9,0.005,2,shot_19835_num_defects,53
heavy,9,0.005,2,shot_19835_phase1_ns,68580
heavy,9,0.005,2,shot_19835_harvest_ns,9367
heavy,9,0.005,2,shot_19835_escalation_ns,83136
heavy,9,0.005,2,shot_19835_stock_ns,83086
heavy,9,0.005,2,shot_19835_total_ns,161344
heavy,9,0.005,2,shot_19835_exact_reference_ns,72116
heavy,9,0.005,2,shot_19835_escalated,1
heavy,9,0.005,2,shot_19835_contaminated,0
heavy,11,0.0005,2,shot_1110,0
heavy,11,0.0005,2,shot_1110_num_defects,30
heavy,11,0.0005,2,shot_1110_phase1_ns,37131
heavy,11,0.0005,2,shot_1110_harvest_ns,861
heavy,11,0.0005,2,shot_1110_escalation_ns,0
heavy,11,0.0005,2,shot_1110_stock_ns,0
heavy,11,0.0005,2,shot_1110_total_ns,38072
heavy,11,0.0005,2,shot_1110_exact_reference_ns,9208
heavy,11,0.0005,2,shot_1110_escalated,0
heavy,11,0.0005,2,shot_1110_contaminated,0
heavy,11,0.0005,2,shot_2303,0
heavy,11,0.0005,2,shot_2303_num_defects,30
heavy,11,0.0005,2,shot_2303_phase1_ns,41298
heavy,11,0.0005,2,shot_2303_harvest_ns,742
heavy,11,0.0005,2,shot_2303_escalation_ns,0
heavy,11,0.0005,2,shot_2303_stock_ns,0
heavy,11,0.0005,2,shot_2303_total_ns,42110
heavy,11,0.0005,2,shot_2303_exact_reference_ns,9048
heavy,11,0.0005,2,shot_2303_escalated,0
heavy,11,0.0005,2,shot_2303_contaminated,0
heavy,11,0.0005,2,shot_2661,0
heavy,11,0.0005,2,shot_2661_num_defects,30
heavy,11,0.0005,2,shot_2661_phase1_ns,44483
heavy,11,0.0005,2,shot_2661_harvest_ns,892
heavy,11,0.0005,2,shot_2661_escalation_ns,0
heavy,11,0.0005,2,shot_2661_stock_ns,0
heavy,11,0.0005,2,shot_2661_total_ns,45446
heavy,11,0.0005,2,shot_2661_exact_reference_ns,14878
heavy,11,0.0005,2,shot_2661_escalated,0
heavy,11,0.0005,2,shot_2661_contaminated,0
heavy,11,0.0005,2,shot_2732,0
heavy,11,0.0005,2,shot_2732_num_defects,31
heavy,11,0.0005,2,shot_2732_phase1_ns,33133
heavy,11,0.0005,2,shot_2732_harvest_ns,1383
heavy,11,0.0005,2,shot_2732_escalation_ns,0
heavy,11,0.0005,2,shot_2732_stock_ns,0
heavy,11,0.0005,2,shot_2732_total_ns,34585
heavy,11,0.0005,2,shot_2732_exact_reference_ns,15459
heavy,11,0.0005,2,shot_2732_escalated,0
heavy,11,0.0005,2,shot_2732_contaminated,0
heavy,11,0.0005,2,shot_3830,0
heavy,11,0.0005,2,shot_3830_num_defects,31
heavy,11,0.0005,2,shot_3830_phase1_ns,33654
heavy,11,0.0005,2,shot_3830_harvest_ns,1192
heavy,11,0.0005,2,shot_3830_escalation_ns,0
heavy,11,0.0005,2,shot_3830_stock_ns,0
heavy,11,0.0005,2,shot_3830_total_ns,35136
heavy,11,0.0005,2,shot_3830_exact_reference_ns,16210
heavy,11,0.0005,2,shot_3830_escalated,0
heavy,11,0.0005,2,shot_3830_contaminated,0
heavy,11,0.0005,2,shot_5404,0
heavy,11,0.0005,2,shot_5404_num_defects,30
heavy,11,0.0005,2,shot_5404_phase1_ns,26500
heavy,11,0.0005,2,shot_5404_harvest_ns,781
heavy,11,0.0005,2,shot_5404_escalation_ns,0
heavy,11,0.0005,2,shot_5404_stock_ns,0
heavy,11,0.0005,2,shot_5404_total_ns,27352
heavy,11,0.0005,2,shot_5404_exact_reference_ns,7574
heavy,11,0.0005,2,shot_5404_escalated,0
heavy,11,0.0005,2,shot_5404_contaminated,0
heavy,11,0.0005,2,shot_6795,0
heavy,11,0.0005,2,shot_6795_num_defects,31
heavy,11,0.0005,2,shot_6795_phase1_ns,28713
heavy,11,0.0005,2,shot_6795_harvest_ns,782
heavy,11,0.0005,2,shot_6795_escalation_ns,0
heavy,11,0.0005,2,shot_6795_stock_ns,0
heavy,11,0.0005,2,shot_6795_total_ns,29555
heavy,11,0.0005,2,shot_6795_exact_reference_ns,8506
heavy,11,0.0005,2,shot_6795_escalated,0
heavy,11,0.0005,2,shot_6795_contaminated,0
heavy,11,0.0005,2,shot_6919,0
heavy,11,0.0005,2,shot_6919_num_defects,30
heavy,11,0.0005,2,shot_6919_phase1_ns,25177
heavy,11,0.0005,2,shot_6919_harvest_ns,922
heavy,11,0.0005,2,shot_6919_escalation_ns,0
heavy,11,0.0005,2,shot_6919_stock_ns,0
heavy,11,0.0005,2,shot_6919_total_ns,26169
heavy,11,0.0005,2,shot_6919_exact_reference_ns,9988
heavy,11,0.0005,2,shot_6919_escalated,0
heavy,11,0.0005,2,shot_6919_contaminated,0
heavy,11,0.0005,2,shot_6956,0
heavy,11,0.0005,2,shot_6956_num_defects,32
heavy,11,0.0005,2,shot_6956_phase1_ns,31319
heavy,11,0.0005,2,shot_6956_harvest_ns,842
heavy,11,0.0005,2,shot_6956_escalation_ns,0
heavy,11,0.0005,2,shot_6956_stock_ns,0
heavy,11,0.0005,2,shot_6956_total_ns,32231
heavy,11,0.0005,2,shot_6956_exact_reference_ns,8606
heavy,11,0.0005,2,shot_6956_escalated,0
heavy,11,0.0005,2,shot_6956_contaminated,0
heavy,11,0.0005,2,shot_7312,0
heavy,11,0.0005,2,shot_7312_num_defects,31
heavy,11,0.0005,2,shot_7312_phase1_ns,34104
heavy,11,0.0005,2,shot_7312_harvest_ns,1773
heavy,11,0.0005,2,shot_7312_escalation_ns,0
heavy,11,0.0005,2,shot_7312_stock_ns,0
heavy,11,0.0005,2,shot_7312_total_ns,35937
heavy,11,0.0005,2,shot_7312_exact_reference_ns,15519
heavy,11,0.0005,2,shot_7312_escalated,0
heavy,11,0.0005,2,shot_7312_contaminated,0
heavy,11,0.0005,2,shot_10882,0
heavy,11,0.0005,2,shot_10882_num_defects,32
heavy,11,0.0005,2,shot_10882_phase1_ns,33974
heavy,11,0.0005,2,shot_10882_harvest_ns,852
heavy,11,0.0005,2,shot_10882_escalation_ns,0
heavy,11,0.0005,2,shot_10882_stock_ns,0
heavy,11,0.0005,2,shot_10882_total_ns,34896
heavy,11,0.0005,2,shot_10882_exact_reference_ns,13336
heavy,11,0.0005,2,shot_10882_escalated,0
heavy,11,0.0005,2,shot_10882_contaminated,0
heavy,11,0.0005,2,shot_11328,0
heavy,11,0.0005,2,shot_11328_num_defects,30
heavy,11,0.0005,2,shot_11328_phase1_ns,23053
heavy,11,0.0005,2,shot_11328_harvest_ns,732
heavy,11,0.0005,2,shot_11328_escalation_ns,0
heavy,11,0.0005,2,shot_11328_stock_ns,0
heavy,11,0.0005,2,shot_11328_total_ns,23875
heavy,11,0.0005,2,shot_11328_exact_reference_ns,7064
heavy,11,0.0005,2,shot_11328_escalated,0
heavy,11,0.0005,2,shot_11328_contaminated,0
heavy,11,0.0005,2,shot_14296,0
heavy,11,0.0005,2,shot_14296_num_defects,31
heavy,11,0.0005,2,shot_14296_phase1_ns,28915
heavy,11,0.0005,2,shot_14296_harvest_ns,1052
heavy,11,0.0005,2,shot_14296_escalation_ns,0
heavy,11,0.0005,2,shot_14296_stock_ns,0
heavy,11,0.0005,2,shot_14296_total_ns,30077
heavy,11,0.0005,2,shot_14296_exact_reference_ns,8896
heavy,11,0.0005,2,shot_14296_escalated,0
heavy,11,0.0005,2,shot_14296_contaminated,0
heavy,11,0.0005,2,shot_15271,0
heavy,11,0.0005,2,shot_15271_num_defects,37
heavy,11,0.0005,2,shot_15271_phase1_ns,93688
heavy,11,0.0005,2,shot_15271_harvest_ns,1442
heavy,11,0.0005,2,shot_15271_escalation_ns,0
heavy,11,0.0005,2,shot_15271_stock_ns,0
heavy,11,0.0005,2,shot_15271_total_ns,95210
heavy,11,0.0005,2,shot_15271_exact_reference_ns,11392
heavy,11,0.0005,2,shot_15271_escalated,0
heavy,11,0.0005,2,shot_15271_contaminated,0
heavy,11,0.0005,2,shot_15613,0
heavy,11,0.0005,2,shot_15613_num_defects,30
heavy,11,0.0005,2,shot_15613_phase1_ns,23714
heavy,11,0.0005,2,shot_15613_harvest_ns,822
heavy,11,0.0005,2,shot_15613_escalation_ns,0
heavy,11,0.0005,2,shot_15613_stock_ns,0
heavy,11,0.0005,2,shot_15613_total_ns,24606
heavy,11,0.0005,2,shot_15613_exact_reference_ns,8126
heavy,11,0.0005,2,shot_15613_escalated,0
heavy,11,0.0005,2,shot_15613_contaminated,0
heavy,11,0.0005,2,shot_16805,0
heavy,11,0.0005,2,shot_16805_num_defects,30
heavy,11,0.0005,2,shot_16805_phase1_ns,23964
heavy,11,0.0005,2,shot_16805_harvest_ns,772
heavy,11,0.0005,2,shot_16805_escalation_ns,0
heavy,11,0.0005,2,shot_16805_stock_ns,0
heavy,11,0.0005,2,shot_16805_total_ns,24796
heavy,11,0.0005,2,shot_16805_exact_reference_ns,8857
heavy,11,0.0005,2,shot_16805_escalated,0
heavy,11,0.0005,2,shot_16805_contaminated,0
heavy,11,0.0005,2,shot_17292,0
heavy,11,0.0005,2,shot_17292_num_defects,33
heavy,11,0.0005,2,shot_17292_phase1_ns,33553
heavy,11,0.0005,2,shot_17292_harvest_ns,862
heavy,11,0.0005,2,shot_17292_escalation_ns,0
heavy,11,0.0005,2,shot_17292_stock_ns,0
heavy,11,0.0005,2,shot_17292_total_ns,34475
heavy,11,0.0005,2,shot_17292_exact_reference_ns,9368
heavy,11,0.0005,2,shot_17292_escalated,0
heavy,11,0.0005,2,shot_17292_contaminated,0
heavy,11,0.0005,2,shot_17623,0
heavy,11,0.0005,2,shot_17623_num_defects,30
heavy,11,0.0005,2,shot_17623_phase1_ns,25299
heavy,11,0.0005,2,shot_17623_harvest_ns,881
heavy,11,0.0005,2,shot_17623_escalation_ns,0
heavy,11,0.0005,2,shot_17623_stock_ns,0
heavy,11,0.0005,2,shot_17623_total_ns,26260
heavy,11,0.0005,2,shot_17623_exact_reference_ns,9167
heavy,11,0.0005,2,shot_17623_escalated,0
heavy,11,0.0005,2,shot_17623_contaminated,0
heavy,11,0.0005,2,shot_18703,0
heavy,11,0.0005,2,shot_18703_num_defects,33
heavy,11,0.0005,2,shot_18703_phase1_ns,33363
heavy,11,0.0005,2,shot_18703_harvest_ns,852
heavy,11,0.0005,2,shot_18703_escalation_ns,0
heavy,11,0.0005,2,shot_18703_stock_ns,0
heavy,11,0.0005,2,shot_18703_total_ns,34275
heavy,11,0.0005,2,shot_18703_exact_reference_ns,9668
heavy,11,0.0005,2,shot_18703_escalated,0
heavy,11,0.0005,2,shot_18703_contaminated,0
heavy,11,0.0005,2,shot_19540,0
heavy,11,0.0005,2,shot_19540_num_defects,32
heavy,11,0.0005,2,shot_19540_phase1_ns,31529
heavy,11,0.0005,2,shot_19540_harvest_ns,952
heavy,11,0.0005,2,shot_19540_escalation_ns,0
heavy,11,0.0005,2,shot_19540_stock_ns,0
heavy,11,0.0005,2,shot_19540_total_ns,32541
heavy,11,0.0005,2,shot_19540_exact_reference_ns,10489
heavy,11,0.0005,2,shot_19540_escalated,0
heavy,11,0.0005,2,shot_19540_contaminated,0
heavy,11,0.001,2,shot_410,0
heavy,11,0.001,2,shot_410_num_defects,47
heavy,11,0.001,2,shot_410_phase1_ns,45696
heavy,11,0.001,2,shot_410_harvest_ns,1272
heavy,11,0.001,2,shot_410_escalation_ns,0
heavy,11,0.001,2,shot_410_stock_ns,0
heavy,11,0.001,2,shot_410_total_ns,47028
heavy,11,0.001,2,shot_410_exact_reference_ns,17914
heavy,11,0.001,2,shot_410_escalated,0
heavy,11,0.001,2,shot_410_contaminated,0
heavy,11,0.001,2,shot_1283,0
heavy,11,0.001,2,shot_1283_num_defects,46
heavy,11,0.001,2,shot_1283_phase1_ns,49754
heavy,11,0.001,2,shot_1283_harvest_ns,1182
heavy,11,0.001,2,shot_1283_escalation_ns,0
heavy,11,0.001,2,shot_1283_stock_ns,0
heavy,11,0.001,2,shot_1283_total_ns,51006
heavy,11,0.001,2,shot_1283_exact_reference_ns,13897
heavy,11,0.001,2,shot_1283_escalated,0
heavy,11,0.001,2,shot_1283_contaminated,0
heavy,11,0.001,2,shot_3154,0
heavy,11,0.001,2,shot_3154_num_defects,46
heavy,11,0.001,2,shot_3154_phase1_ns,49875
heavy,11,0.001,2,shot_3154_harvest_ns,1312
heavy,11,0.001,2,shot_3154_escalation_ns,0
heavy,11,0.001,2,shot_3154_stock_ns,0
heavy,11,0.001,2,shot_3154_total_ns,51267
heavy,11,0.001,2,shot_3154_exact_reference_ns,20950
heavy,11,0.001,2,shot_3154_escalated,0
heavy,11,0.001,2,shot_3154_contaminated,0
heavy,11,0.001,2,shot_3661,0
heavy,11,0.001,2,shot_3661_num_defects,19
heavy,11,0.001,2,shot_3661_phase1_ns,14729
heavy,11,0.001,2,shot_3661_harvest_ns,9317
heavy,11,0.001,2,shot_3661_escalation_ns,21090
heavy,11,0.001,2,shot_3661_stock_ns,20628
heavy,11,0.001,2,shot_3661_total_ns,45366
heavy,11,0.001,2,shot_3661_exact_reference_ns,12404
heavy,11,0.001,2,shot_3661_escalated,1
heavy,11,0.001,2,shot_3661_contaminated,0
heavy,11,0.001,2,shot_3887,0
heavy,11,0.001,2,shot_3887_num_defects,46
heavy,11,0.001,2,shot_3887_phase1_ns,53601
heavy,11,0.001,2,shot_3887_harvest_ns,1232
heavy,11,0.001,2,shot_3887_escalation_ns,0
heavy,11,0.001,2,shot_3887_stock_ns,0
heavy,11,0.001,2,shot_3887_total_ns,54914
heavy,11,0.001,2,shot_3887_exact_reference_ns,19486
heavy,11,0.001,2,shot_3887_escalated,0
heavy,11,0.001,2,shot_3887_contaminated,0
heavy,11,0.001,2,shot_4468,0
heavy,11,0.001,2,shot_4468_num_defects,46
heavy,11,0.001,2,shot_4468_phase1_ns,51236
heavy,11,0.001,2,shot_4468_harvest_ns,1212
heavy,11,0.001,2,shot_4468_escalation_ns,0
heavy,11,0.001,2,shot_4468_stock_ns,0
heavy,11,0.001,2,shot_4468_total_ns,52539
heavy,11,0.001,2,shot_4468_exact_reference_ns,13245
heavy,11,0.001,2,shot_4468_escalated,0
heavy,11,0.001,2,shot_4468_contaminated,0
heavy,11,0.001,2,shot_4558,0
heavy,11,0.001,2,shot_4558_num_defects,46
heavy,11,0.001,2,shot_4558_phase1_ns,47990
heavy,11,0.001,2,shot_4558_harvest_ns,1243
heavy,11,0.001,2,shot_4558_escalation_ns,0
heavy,11,0.001,2,shot_4558_stock_ns,0
heavy,11,0.001,2,shot_4558_total_ns,49323
heavy,11,0.001,2,shot_4558_exact_reference_ns,19567
heavy,11,0.001,2,shot_4558_escalated,0
heavy,11,0.001,2,shot_4558_contaminated,0
heavy,11,0.001,2,shot_5591,0
heavy,11,0.001,2,shot_5591_num_defects,46
heavy,11,0.001,2,shot_5591_phase1_ns,44364
heavy,11,0.001,2,shot_5591_harvest_ns,1413
heavy,11,0.001,2,shot_5591_escalation_ns,0
heavy,11,0.001,2,shot_5591_stock_ns,0
heavy,11,0.001,2,shot_5591_total_ns,45857
heavy,11,0.001,2,shot_5591_exact_reference_ns,16000
heavy,11,0.001,2,shot_5591_escalated,0
heavy,11,0.001,2,shot_5591_contaminated,0
heavy,11,0.001,2,shot_6523,0
heavy,11,0.001,2,shot_6523_num_defects,49
heavy,11,0.001,2,shot_6523_phase1_ns,50837
heavy,11,0.001,2,shot_6523_harvest_ns,1352
heavy,11,0.001,2,shot_6523_escalation_ns,0
heavy,11,0.001,2,shot_6523_stock_ns,0
heavy,11,0.001,2,shot_6523_total_ns,52249
heavy,11,0.001,2,shot_6523_exact_reference_ns,18405
heavy,11,0.001,2,shot_6523_escalated,0
heavy,11,0.001,2,shot_6523_contaminated,0
heavy,11,0.001,2,shot_6585,0
heavy,11,0.001,2,shot_6585_num_defects,57
heavy,11,0.001,2,shot_6585_phase1_ns,68490
heavy,11,0.001,2,shot_6585_harvest_ns,1583
heavy,11,0.001,2,shot_6585_escalation_ns,0
heavy,11,0.001,2,shot_6585_stock_ns,0
heavy,11,0.001,2,shot_6585_total_ns,70163
heavy,11,0.001,2,shot_6585_exact_reference_ns,19347
heavy,11,0.001,2,shot_6585_escalated,0
heavy,11,0.001,2,shot_6585_contaminated,0
heavy,11,0.001,2,shot_6825,0
heavy,11,0.001,2,shot_6825_num_defects,50
heavy,11,0.001,2,shot_6825_phase1_ns,55856
heavy,11,0.001,2,shot_6825_harvest_ns,1262
heavy,11,0.001,2,shot_6825_escalation_ns,0
heavy,11,0.001,2,shot_6825_stock_ns,0
heavy,11,0.001,2,shot_6825_total_ns,57228
heavy,11,0.001,2,shot_6825_exact_reference_ns,14758
heavy,11,0.001,2,shot_6825_escalated,0
heavy,11,0.001,2,shot_6825_contaminated,0
heavy,11,0.001,2,shot_7869,0
heavy,11,0.001,2,shot_7869_num_defects,45
heavy,11,0.001,2,shot_7869_phase1_ns,48161
heavy,11,0.001,2,shot_7869_harvest_ns,1182
heavy,11,0.001,2,shot_7869_escalation_ns,0
heavy,11,0.001,2,shot_7869_stock_ns,0
heavy,11,0.001,2,shot_7869_total_ns,49413
heavy,11,0.001,2,shot_7869_exact_reference_ns,12493
heavy,11,0.001,2,shot_7869_escalated,0
heavy,11,0.001,2,shot_7869_contaminated,0
heavy,11,0.001,2,shot_8817,0
heavy,11,0.001,2,shot_8817_num_defects,48
heavy,11,0.001,2,shot_8817_phase1_ns,58831
heavy,11,0.001,2,shot_8817_harvest_ns,1383
heavy,11,0.001,2,shot_8817_escalation_ns,0
heavy,11,0.001,2,shot_8817_stock_ns,0
heavy,11,0.001,2,shot_8817_total_ns,60294
heavy,11,0.001,2,shot_8817_exact_reference_ns,20629
heavy,11,0.001,2,shot_8817_escalated,0
heavy,11,0.001,2,shot_8817_contaminated,0
heavy,11,0.001,2,shot_9148,0
heavy,11,0.001,2,shot_9148_num_defects,46
heavy,11,0.001,2,shot_9148_phase1_ns,44353
heavy,11,0.001,2,shot_9148_harvest_ns,1192
heavy,11,0.001,2,shot_9148_escalation_ns,0
heavy,11,0.001,2,shot_9148_stock_ns,0
heavy,11,0.001,2,shot_9148_total_ns,45627
heavy,11,0.001,2,shot_9148_exact_reference_ns,14407
heavy,11,0.001,2,shot_9148_escalated,0
heavy,11,0.001,2,shot_9148_contaminated,0
heavy,11,0.001,2,shot_9990,0
heavy,11,0.001,2,shot_9990_num_defects,46
heavy,11,0.001,2,shot_9990_phase1_ns,57129
heavy,11,0.001,2,shot_9990_harvest_ns,1292
heavy,11,0.001,2,shot_9990_escalation_ns,0
heavy,11,0.001,2,shot_9990_stock_ns,0
heavy,11,0.001,2,shot_9990_total_ns,58521
heavy,11,0.001,2,shot_9990_exact_reference_ns,14478
heavy,11,0.001,2,shot_9990_escalated,0
heavy,11,0.001,2,shot_9990_contaminated,0
heavy,11,0.001,2,shot_10069,0
heavy,11,0.001,2,shot_10069_num_defects,46
heavy,11,0.001,2,shot_10069_phase1_ns,40897
heavy,11,0.001,2,shot_10069_harvest_ns,1182
heavy,11,0.001,2,shot_10069_escalation_ns,0
heavy,11,0.001,2,shot_10069_stock_ns,0
heavy,11,0.001,2,shot_10069_total_ns,42149
heavy,11,0.001,2,shot_10069_exact_reference_ns,15279
heavy,11,0.001,2,shot_10069_escalated,0
heavy,11,0.001,2,shot_10069_contaminated,0
heavy,11,0.001,2,shot_10070,0
heavy,11,0.001,2,shot_10070_num_defects,46
heavy,11,0.001,2,shot_10070_phase1_ns,43933
heavy,11,0.001,2,shot_10070_harvest_ns,1232
heavy,11,0.001,2,shot_10070_escalation_ns,0
heavy,11,0.001,2,shot_10070_stock_ns,0
heavy,11,0.001,2,shot_10070_total_ns,45255
heavy,11,0.001,2,shot_10070_exact_reference_ns,13145
heavy,11,0.001,2,shot_10070_escalated,0
heavy,11,0.001,2,shot_10070_contaminated,0
heavy,11,0.001,2,shot_11314,0
heavy,11,0.001,2,shot_11314_num_defects,50
heavy,11,0.001,2,shot_11314_phase1_ns,49063
heavy,11,0.001,2,shot_11314_harvest_ns,1282
heavy,11,0.001,2,shot_11314_escalation_ns,0
heavy,11,0.001,2,shot_11314_stock_ns,0
heavy,11,0.001,2,shot_11314_total_ns,50415
heavy,11,0.001,2,shot_11314_exact_reference_ns,15819
heavy,11,0.001,2,shot_11314_escalated,0
heavy,11,0.001,2,shot_11314_contaminated,0
heavy,11,0.001,2,shot_11573,0
heavy,11,0.001,2,shot_11573_num_defects,46
heavy,11,0.001,2,shot_11573_phase1_ns,45195
heavy,11,0.001,2,shot_11573_harvest_ns,1263
heavy,11,0.001,2,shot_11573_escalation_ns,0
heavy,11,0.001,2,shot_11573_stock_ns,0
heavy,11,0.001,2,shot_11573_total_ns,46568
heavy,11,0.001,2,shot_11573_exact_reference_ns,12022
heavy,11,0.001,2,shot_11573_escalated,0
heavy,11,0.001,2,shot_11573_contaminated,0
heavy,11,0.001,2,shot_15566,0
heavy,11,0.001,2,shot_15566_num_defects,46
heavy,11,0.001,2,shot_15566_phase1_ns,48381
heavy,11,0.001,2,shot_15566_harvest_ns,1213
heavy,11,0.001,2,shot_15566_escalation_ns,0
heavy,11,0.001,2,shot_15566_stock_ns,0
heavy,11,0.001,2,shot_15566_total_ns,49664
heavy,11,0.001,2,shot_15566_exact_reference_ns,15720
heavy,11,0.001,2,shot_15566_escalated,0
heavy,11,0.001,2,shot_15566_contaminated,0
heavy,11,0.001,2,shot_17718,0
heavy,11,0.001,2,shot_17718_num_defects,49
heavy,11,0.001,2,shot_17718_phase1_ns,50415
heavy,11,0.001,2,shot_17718_harvest_ns,1253
heavy,11,0.001,2,shot_17718_escalation_ns,0
heavy,11,0.001,2,shot_17718_stock_ns,0
heavy,11,0.001,2,shot_17718_total_ns,51738
heavy,11,0.001,2,shot_17718_exact_reference_ns,13997
heavy,11,0.001,2,shot_17718_escalated,0
heavy,11,0.001,2,shot_17718_contaminated,0
heavy,11,0.003,2,shot_780,0
heavy,11,0.003,2,shot_780_num_defects,46
heavy,11,0.003,2,shot_780_phase1_ns,48482
heavy,11,0.003,2,shot_780_harvest_ns,18104
heavy,11,0.003,2,shot_780_escalation_ns,32290
heavy,11,0.003,2,shot_780_stock_ns,32221
heavy,11,0.003,2,shot_780_total_ns,99187
heavy,11,0.003,2,shot_780_exact_reference_ns,17864
heavy,11,0.003,2,shot_780_escalated,1
heavy,11,0.003,2,shot_780_contaminated,0
heavy,11,0.003,2,shot_1948,0
heavy,11,0.003,2,shot_1948_num_defects,63
heavy,11,0.003,2,shot_1948_phase1_ns,71234
heavy,11,0.003,2,shot_1948_harvest_ns,17633
heavy,11,0.003,2,shot_1948_escalation_ns,51406
heavy,11,0.003,2,shot_1948_stock_ns,51336
heavy,11,0.003,2,shot_1948_total_ns,140576
heavy,11,0.003,2,shot_1948_exact_reference_ns,33303
heavy,11,0.003,2,shot_1948_escalated,1
heavy,11,0.003,2,shot_1948_contaminated,0
heavy,11,0.003,2,shot_3473,0
heavy,11,0.003,2,shot_3473_num_defects,79
heavy,11,0.003,2,shot_3473_phase1_ns,91003
heavy,11,0.003,2,shot_3473_harvest_ns,15438
heavy,11,0.003,2,shot_3473_escalation_ns,70703
heavy,11,0.003,2,shot_3473_stock_ns,70523
heavy,11,0.003,2,shot_3473_total_ns,177605
heavy,11,0.003,2,shot_3473_exact_reference_ns,53211
heavy,11,0.003,2,shot_3473_escalated,1
heavy,11,0.003,2,shot_3473_contaminated,0
heavy,11,0.003,2,shot_4778,0
heavy,11,0.003,2,shot_4778_num_defects,36
heavy,11,0.003,2,shot_4778_phase1_ns,57098
heavy,11,0.003,2,shot_4778_harvest_ns,27702
heavy,11,0.003,2,shot_4778_escalation_ns,53741
heavy,11,0.003,2,shot_4778_stock_ns,53491
heavy,11,0.003,2,shot_4778_total_ns,138792
heavy,11,0.003,2,shot_4778_exact_reference_ns,17563
heavy,11,0.003,2,shot_4778_escalated,1
heavy,11,0.003,2,shot_4778_contaminated,0
heavy,11,0.003,2,shot_5122,0
heavy,11,0.003,2,shot_5122_num_defects,103
heavy,11,0.003,2,shot_5122_phase1_ns,226297
heavy,11,0.003,2,shot_5122_harvest_ns,3907
heavy,11,0.003,2,shot_5122_escalation_ns,0
heavy,11,0.003,2,shot_5122_stock_ns,0
heavy,11,0.003,2,shot_5122_total_ns,230294
heavy,11,0.003,2,shot_5122_exact_reference_ns,62869
heavy,11,0.003,2,shot_5122_escalated,0
heavy,11,0.003,2,shot_5122_contaminated,0
heavy,11,0.003,2,shot_5399,0
heavy,11,0.003,2,shot_5399_num_defects,102
heavy,11,0.003,2,shot_5399_phase1_ns,150433
heavy,11,0.003,2,shot_5399_harvest_ns,3026
heavy,11,0.003,2,shot_5399_escalation_ns,0
heavy,11,0.003,2,shot_5399_stock_ns,0
heavy,11,0.003,2,shot_5399_total_ns,153579
heavy,11,0.003,2,shot_5399_exact_reference_ns,40577
heavy,11,0.003,2,shot_5399_escalated,0
heavy,11,0.003,2,shot_5399_contaminated,0
heavy,11,0.003,2,shot_6038,0
heavy,11,0.003,2,shot_6038_num_defects,51
heavy,11,0.003,2,shot_6038_phase1_ns,59734
heavy,11,0.003,2,shot_6038_harvest_ns,19476
heavy,11,0.003,2,shot_6038_escalation_ns,33112
heavy,11,0.003,2,shot_6038_stock_ns,33042
heavy,11,0.003,2,shot_6038_total_ns,112572
heavy,11,0.003,2,shot_6038_exact_reference_ns,20549
heavy,11,0.003,2,shot_6038_escalated,1
heavy,11,0.003,2,shot_6038_contaminated,0
heavy,11,0.003,2,shot_6405,0
heavy,11,0.003,2,shot_6405_num_defects,65
heavy,11,0.003,2,shot_6405_phase1_ns,86573
heavy,11,0.003,2,shot_6405_harvest_ns,12604
heavy,11,0.003,2,shot_6405_escalation_ns,85281
heavy,11,0.003,2,shot_6405_stock_ns,85230
heavy,11,0.003,2,shot_6405_total_ns,184688
heavy,11,0.003,2,shot_6405_exact_reference_ns,65744
heavy,11,0.003,2,shot_6405_escalated,1
heavy,11,0.003,2,shot_6405_contaminated,0
heavy,11,0.003,2,shot_6528,0
heavy,11,0.003,2,shot_6528_num_defects,100
heavy,11,0.003,2,shot_6528_phase1_ns,128161
heavy,11,0.003,2,shot_6528_harvest_ns,2896
heavy,11,0.003,2,shot_6528_escalation_ns,0
heavy,11,0.003,2,shot_6528_stock_ns,0
heavy,11,0.003,2,shot_6528_total_ns,131157
heavy,11,0.003,2,shot_6528_exact_reference_ns,34785
heavy,11,0.003,2,shot_6528_escalated,0
heavy,11,0.003,2,shot_6528_contaminated,0
heavy,11,0.003,2,shot_6673,0
heavy,11,0.003,2,shot_6673_num_defects,99
heavy,11,0.003,2,shot_6673_phase1_ns,145003
heavy,11,0.003,2,shot_6673_harvest_ns,3046
heavy,11,0.003,2,shot_6673_escalation_ns,0
heavy,11,0.003,2,shot_6673_stock_ns,0
heavy,11,0.003,2,shot_6673_total_ns,148129
heavy,11,0.003,2,shot_6673_exact_reference_ns,47279
heavy,11,0.003,2,shot_6673_escalated,0
heavy,11,0.003,2,shot_6673_contaminated,0
heavy,11,0.003,2,shot_6863,0
heavy,11,0.003,2,shot_6863_num_defects,73
heavy,11,0.003,2,shot_6863_phase1_ns,94528
heavy,11,0.003,2,shot_6863_harvest_ns,14608
heavy,11,0.003,2,shot_6863_escalation_ns,82315
heavy,11,0.003,2,shot_6863_stock_ns,82255
heavy,11,0.003,2,shot_6863_total_ns,191671
heavy,11,0.003,2,shot_6863_exact_reference_ns,64342
heavy,11,0.003,2,shot_6863_escalated,1
heavy,11,0.003,2,shot_6863_contaminated,0
heavy,11,0.003,2,shot_6931,0
heavy,11,0.003,2,shot_6931_num_defects,50
heavy,11,0.003,2,shot_6931_phase1_ns,59633
heavy,11,0.003,2,shot_6931_harvest_ns,14617
heavy,11,0.003,2,shot_6931_escalation_ns,38262
heavy,11,0.003,2,shot_6931_stock_ns,38212
heavy,11,0.003,2,shot_6931_total_ns,112732
heavy,11,0.003,2,shot_6931_exact_reference_ns,26210
heavy,11,0.003,2,shot_6931_escalated,1
heavy,11,0.003,2,shot_6931_contaminated,0
heavy,11,0.003,2,shot_7041,0
heavy,11,0.003,2,shot_7041_num_defects,103
heavy,11,0.003,2,shot_7041_phase1_ns,166774
heavy,11,0.003,2,shot_7041_harvest_ns,3266
heavy,11,0.003,2,shot_7041_escalation_ns,0
heavy,11,0.003,2,shot_7041_stock_ns,0
heavy,11,0.003,2,shot_7041_total_ns,170150
heavy,11,0.003,2,shot_7041_exact_reference_ns,63720
heavy,11,0.003,2,shot_7041_escalated,0
heavy,11,0.003,2,shot_7041_contaminated,0
heavy,11,0.003,2,shot_7106,0
heavy,11,0.003,2,shot_7106_num_defects,72
heavy,11,0.003,2,shot_7106_phase1_ns,81724
heavy,11,0.003,2,shot_7106_harvest_ns,16732
heavy,11,0.003,2,shot_7106_escalation_ns,66726
heavy,11,0.003,2,shot_7106_stock_ns,66676
heavy,11,0.003,2,shot_7106_total_ns,165412
heavy,11,0.003,2,shot_7106_exact_reference_ns,46718
heavy,11,0.003,2,shot_7106_escalated,1
heavy,11,0.003,2,shot_7106_contaminated,0
heavy,11,0.003,2,shot_7785,0
heavy,11,0.003,2,shot_7785_num_defects,100
heavy,11,0.003,2,shot_7785_phase1_ns,145285
heavy,11,0.003,2,shot_7785_harvest_ns,3185
heavy,11,0.003,2,shot_7785_escalation_ns,0
heavy,11,0.003,2,shot_7785_stock_ns,0
heavy,11,0.003,2,shot_7785_total_ns,148600
heavy,11,0.003,2,shot_7785_exact_reference_ns,47609
heavy,11,0.003,2,shot_7785_escalated,0
heavy,11,0.003,2,shot_7785_contaminated,0
heavy,11,0.003,2,shot_7980,0
heavy,11,0.003,2,shot_7980_num_defects,61
heavy,11,0.003,2,shot_7980_phase1_ns,75522
heavy,11,0.003,2,shot_7980_harvest_ns,15810
heavy,11,0.003,2,shot_7980_escalation_ns,102654
heavy,11,0.003,2,shot_7980_stock_ns,102593
heavy,11,0.003,2,shot_7980_total_ns,194396
heavy,11,0.003,2,shot_7980_exact_reference_ns,83928
heavy,11,0.003,2,shot_7980_escalated,1
heavy,11,0.003,2,shot_7980_contaminated,0
heavy,11,0.003,2,shot_8243,0
heavy,11,0.003,2,shot_8243_num_defects,103
heavy,11,0.003,2,shot_8243_phase1_ns,161405
heavy,11,0.003,2,shot_8243_harvest_ns,3186
heavy,11,0.003,2,shot_8243_escalation_ns,0
heavy,11,0.003,2,shot_8243_stock_ns,0
heavy,11,0.003,2,shot_8243_total_ns,164701
heavy,11,0.003,2,shot_8243_exact_reference_ns,52628
heavy,11,0.003,2,shot_8243_escalated,0
heavy,11,0.003,2,shot_8243_contaminated,0
heavy,11,0.003,2,shot_8311,0
heavy,11,0.003,2,shot_8311_num_defects,66
heavy,11,0.003,2,shot_8311_phase1_ns,92374
heavy,11,0.003,2,shot_8311_harvest_ns,17153
heavy,11,0.003,2,shot_8311_escalation_ns,65554
heavy,11,0.003,2,shot_8311_stock_ns,65494
heavy,11,0.003,2,shot_8311_total_ns,175301
heavy,11,0.003,2,shot_8311_exact_reference_ns,48481
heavy,11,0.003,2,shot_8311_escalated,1
heavy,11,0.003,2,shot_8311_contaminated,0
heavy,11,0.003,2,shot_9285,0
heavy,11,0.003,2,shot_9285_num_defects,65
heavy,11,0.003,2,shot_9285_phase1_ns,86663
heavy,11,0.003,2,shot_9285_harvest_ns,18906
heavy,11,0.003,2,shot_9285_escalation_ns,40978
heavy,11,0.003,2,shot_9285_stock_ns,40777
heavy,11,0.003,2,shot_9285_total_ns,146747
heavy,11,0.003,2,shot_9285_exact_reference_ns,24196
heavy,11,0.003,2,shot_9285_escalated,1
heavy,11,0.003,2,shot_9285_contaminated,0
heavy,11,0.003,2,shot_9549,0
heavy,11,0.003,2,shot_9549_num_defects,73
heavy,11,0.003,2,shot_9549_phase1_ns,90501
heavy,11,0.003,2,shot_9549_harvest_ns,16752
heavy,11,0.003,2,shot_9549_escalation_ns,47780
heavy,11,0.003,2,shot_9549_stock_ns,47710
heavy,11,0.003,2,shot_9549_total_ns,155283
heavy,11,0.003,2,shot_9549_exact_reference_ns,30598
heavy,11,0.003,2,shot_9549_escalated,1
heavy,11,0.003,2,shot_9549_contaminated,0
heavy,11,0.003,2,shot_9586,0
heavy,11,0.003,2,shot_9586_num_defects,102
heavy,11,0.003,2,shot_9586_phase1_ns,131638
heavy,11,0.003,2,shot_9586_harvest_ns,2875
heavy,11,0.003,2,shot_9586_escalation_ns,0
heavy,11,0.003,2,shot_9586_stock_ns,0
heavy,11,0.003,2,shot_9586_total_ns,134623
heavy,11,0.003,2,shot_9586_exact_reference_ns,36258
heavy,11,0.003,2,shot_9586_escalated,0
heavy,11,0.003,2,shot_9586_contaminated,0
heavy,11,0.003,2,shot_9848,0
heavy,11,0.003,2,shot_9848_num_defects,71
heavy,11,0.003,2,shot_9848_phase1_ns,96922
heavy,11,0.003,2,shot_9848_harvest_ns,17954
heavy,11,0.003,2,shot_9848_escalation_ns,69350
heavy,11,0.003,2,shot_9848_stock_ns,69281
heavy,11,0.003,2,shot_9848_total_ns,184447
heavy,11,0.003,2,shot_9848_exact_reference_ns,49273
heavy,11,0.003,2,shot_9848_escalated,1
heavy,11,0.003,2,shot_9848_contaminated,0
heavy,11,0.003,2,shot_10103,0
heavy,11,0.003,2,shot_10103_num_defects,104
heavy,11,0.003,2,shot_10103_phase1_ns,162596
heavy,11,0.003,2,shot_10103_harvest_ns,3266
heavy,11,0.003,2,shot_10103_escalation_ns,0
heavy,11,0.003,2,shot_10103_stock_ns,0
heavy,11,0.003,2,shot_10103_total_ns,165962
heavy,11,0.003,2,shot_10103_exact_reference_ns,54152
heavy,11,0.003,2,shot_10103_escalated,0
heavy,11,0.003,2,shot_10103_contaminated,0
heavy,11,0.003,2,shot_10866,0
heavy,11,0.003,2,shot_10866_num_defects,54
heavy,11,0.003,2,shot_10866_phase1_ns,90973
heavy,11,0.003,2,shot_10866_harvest_ns,34364
heavy,11,0.003,2,shot_10866_escalation_ns,94759
heavy,11,0.003,2,shot_10866_stock_ns,94699
heavy,11,0.003,2,shot_10866_total_ns,220566
heavy,11,0.003,2,shot_10866_exact_reference_ns,46237
heavy,11,0.003,2,shot_10866_escalated,1
heavy,11,0.003,2,shot_10866_contaminated,0
heavy,11,0.003,2,shot_10959,0
heavy,11,0.003,2,shot_10959_num_defects,38
heavy,11,0.003,2,shot_10959_phase1_ns,44925
heavy,11,0.003,2,shot_10959_harvest_ns,13726
heavy,11,0.003,2,shot_10959_escalation_ns,48542
heavy,11,0.003,2,shot_10959_stock_ns,48492
heavy,11,0.003,2,shot_10959_total_ns,107432
heavy,11,0.003,2,shot_10959_exact_reference_ns,31980
heavy,11,0.003,2,shot_10959_escalated,1
heavy,11,0.003,2,shot_10959_contaminated,0
heavy,11,0.003,2,shot_11142,0
heavy,11,0.003,2,shot_11142_num_defects,73
heavy,11,0.003,2,shot_11142_phase1_ns,90440
heavy,11,0.003,2,shot_11142_harvest_ns,16912
heavy,11,0.003,2,shot_11142_escalation_ns,52660
heavy,11,0.003,2,shot_11142_stock_ns,52599
heavy,11,0.003,2,shot_11142_total_ns,160262
heavy,11,0.003,2,shot_11142_exact_reference_ns,35718
heavy,11,0.003,2,shot_11142_escalated,1
heavy,11,0.003,2,shot_11142_contaminated,0
heavy,11,0.003,2,shot_11259,0
heavy,11,0.003,2,shot_11259_num_defects,51
heavy,11,0.003,2,shot_11259_phase1_ns,63521
heavy,11,0.003,2,shot_11259_harvest_ns,14607
heavy,11,0.003,2,shot_11259_escalation_ns,57799
heavy,11,0.003,2,shot_11259_stock_ns,57749
heavy,11,0.003,2,shot_11259_total_ns,136257
heavy,11,0.003,2,shot_11259_exact_reference_ns,34315
heavy,11,0.003,2,shot_11259_escalated,1
heavy,11,0.003,2,shot_11259_contaminated,0
heavy,11,0.003,2,shot_11497,0
heavy,11,0.003,2,shot_11497_num_defects,102
heavy,11,0.003,2,shot_11497_phase1_ns,133822
heavy,11,0.003,2,shot_11497_harvest_ns,3146
heavy,11,0.003,2,shot_11497_escalation_ns,0
heavy,11,0.003,2,shot_11497_stock_ns,0
heavy,11,0.003,2,shot_11497_total_ns,137078
heavy,11,0.003,2,shot_11497_exact_reference_ns,66295
heavy,11,0.003,2,shot_11497_escalated,0
heavy,11,0.003,2,shot_11497_contaminated,0
heavy,11,0.003,2,shot_12060,0
heavy,11,0.003,2,shot_12060_num_defects,47
heavy,11,0.003,2,shot_12060_phase1_ns,88115
heavy,11,0.003,2,shot_12060_harvest_ns,64121
heavy,11,0.003,2,shot_12060_escalation_ns,76004
heavy,11,0.003,2,shot_12060_stock_ns,75944
heavy,11,0.003,2,shot_12060_total_ns,228781
heavy,11,0.003,2,shot_12060_exact_reference_ns,27752
heavy,11,0.003,2,shot_12060_escalated,1
heavy,11,0.003,2,shot_12060_contaminated,0
heavy,11,0.003,2,shot_12627,0
heavy,11,0.003,2,shot_12627_num_defects,72
heavy,11,0.003,2,shot_12627_phase1_ns,85261
heavy,11,0.003,2,shot_12627_harvest_ns,15128
heavy,11,0.003,2,shot_12627_escalation_ns,54202
heavy,11,0.003,2,shot_12627_stock_ns,54152
heavy,11,0.003,2,shot_12627_total_ns,155073
heavy,11,0.003,2,shot_12627_exact_reference_ns,39344
heavy,11,0.003,2,shot_12627_escalated,1
heavy,11,0.003,2,shot_12627_contaminated,0
heavy,11,0.003,2,shot_12829,0
heavy,11,0.003,2,shot_12829_num_defects,62
heavy,11,0.003,2,shot_12829_phase1_ns,79230
heavy,11,0.003,2,shot_12829_harvest_ns,14928
heavy,11,0.003,2,shot_12829_escalation_ns,71915
heavy,11,0.003,2,shot_12829_stock_ns,71865
heavy,11,0.003,2,shot_12829_total_ns,166344
heavy,11,0.003,2,shot_12829_exact_reference_ns,55235
heavy,11,0.003,2,shot_12829_escalated,1
heavy,11,0.003,2,shot_12829_contaminated,0
heavy,11,0.003,2,shot_13550,0
heavy,11,0.003,2,shot_13550_num_defects,100
heavy,11,0.003,2,shot_13550_phase1_ns,129514
heavy,11,0.003,2,shot_13550_harvest_ns,3216
heavy,11,0.003,2,shot_13550_escalation_ns,0
heavy,11,0.003,2,shot_13550_stock_ns,0
heavy,11,0.003,2,shot_13550_total_ns,132820
heavy,11,0.003,2,shot_13550_exact_reference_ns,43522
heavy,11,0.003,2,shot_13550_escalated,0
heavy,11,0.003,2,shot_13550_contaminated,0
heavy,11,0.003,2,shot_13687,0
heavy,11,0.003,2,shot_13687_num_defects,54
heavy,11,0.003,2,shot_13687_phase1_ns,53511
heavy,11,0.003,2,shot_13687_harvest_ns,17593
heavy,11,0.003,2,shot_13687_escalation_ns,50876
heavy,11,0.003,2,shot_13687_stock_ns,50736
heavy,11,0.003,2,shot_13687_total_ns,122311
heavy,11,0.003,2,shot_13687_exact_reference_ns,23735
heavy,11,0.003,2,shot_13687_escalated,1
heavy,11,0.003,2,shot_13687_contaminated,0
heavy,11,0.003,2,shot_13814,0
heavy,11,0.003,2,shot_13814_num_defects,66
heavy,11,0.003,2,shot_13814_phase1_ns,78949
heavy,11,0.003,2,shot_13814_harvest_ns,20358
heavy,11,0.003,2,shot_13814_escalation_ns,53070
heavy,11,0.003,2,shot_13814_stock_ns,53010
heavy,11,0.003,2,shot_13814_total_ns,152838
heavy,11,0.003,2,shot_13814_exact_reference_ns,28323
heavy,11,0.003,2,shot_13814_escalated,1
heavy,11,0.003,2,shot_13814_contaminated,0
heavy,11,0.003,2,shot_14013,0
heavy,11,0.003,2,shot_14013_num_defects,52
heavy,11,0.003,2,shot_14013_phase1_ns,57068
heavy,11,0.003,2,shot_14013_harvest_ns,15499
heavy,11,0.003,2,shot_14013_escalation_ns,43962
heavy,11,0.003,2,shot_14013_stock_ns,43902
heavy,11,0.003,2,shot_14013_total_ns,116730
heavy,11,0.003,2,shot_14013_exact_reference_ns,28283
heavy,11,0.003,2,shot_14013_escalated,1
heavy,11,0.003,2,shot_14013_contaminated,0
heavy,11,0.003,2,shot_14627,0
heavy,11,0.003,2,shot_14627_num_defects,99
heavy,11,0.003,2,shot_14627_phase1_ns,126458
heavy,11,0.003,2,shot_14627_harvest_ns,2705
heavy,11,0.003,2,shot_14627_escalation_ns,0
heavy,11,0.003,2,shot_14627_stock_ns,0
heavy,11,0.003,2,shot_14627_total_ns,129264
heavy,11,0.003,2,shot_14627_exact_reference_ns,35677
heavy,11,0.003,2,shot_14627_escalated,0
heavy,11,0.003,2,shot_14627_contaminated,0
heavy,11,0.003,2,shot_15987,0
heavy,11,0.003,2,shot_15987_num_defects,106
heavy,11,0.003,2,shot_15987_phase1_ns,159881
heavy,11,0.003,2,shot_15987_harvest_ns,3457
heavy,11,0.003,2,shot_15987_escalation_ns,0
heavy,11,0.003,2,shot_15987_stock_ns,0
heavy,11,0.003,2,shot_15987_total_ns,163448
heavy,11,0.003,2,shot_15987_exact_reference_ns,70743
heavy,11,0.003,2,shot_15987_escalated,0
heavy,11,0.003,2,shot_15987_contaminated,0
heavy,11,0.003,2,shot_16379,0
heavy,11,0.003,2,shot_16379_num_defects,68
heavy,11,0.003,2,shot_16379_phase1_ns,79430
heavy,11,0.003,2,shot_16379_harvest_ns,18766
heavy,11,0.003,2,shot_16379_escalation_ns,45987
heavy,11,0.003,2,shot_16379_stock_ns,45937
heavy,11,0.003,2,shot_16379_total_ns,144422
heavy,11,0.003,2,shot_16379_exact_reference_ns,30929
heavy,11,0.003,2,shot_16379_escalated,1
heavy,11,0.003,2,shot_16379_contaminated,0
heavy,11,0.003,2,shot_16415,0
heavy,11,0.003,2,shot_16415_num_defects,69
heavy,11,0.003,2,shot_16415_phase1_ns,92354
heavy,11,0.003,2,shot_16415_harvest_ns,14758
heavy,11,0.003,2,shot_16415_escalation_ns,96202
heavy,11,0.003,2,shot_16415_stock_ns,96161
heavy,11,0.003,2,shot_16415_total_ns,203533
heavy,11,0.003,2,shot_16415_exact_reference_ns,65694
heavy,11,0.003,2,shot_16415_escalated,1
heavy,11,0.003,2,shot_16415_contaminated,0
heavy,11,0.003,2,shot_16696,0
heavy,11,0.003,2,shot_16696_num_defects,68
heavy,11,0.003,2,shot_16696_phase1_ns,76935
heavy,11,0.003,2,shot_16696_harvest_ns,13235
heavy,11,0.003,2,shot_16696_escalation_ns,53682
heavy,11,0.003,2,shot_16696_stock_ns,53612
heavy,11,0.003,2,shot_16696_total_ns,144072
heavy,11,0.003,2,shot_16696_exact_reference_ns,37461
heavy,11,0.003,2,shot_16696_escalated,1
heavy,11,0.003,2,shot_16696_contaminated,0
heavy,11,0.003,2,shot_16833,0
heavy,11,0.003,2,shot_16833_num_defects,57
heavy,11,0.003,2,shot_16833_phase1_ns,62969
heavy,11,0.003,2,shot_16833_harvest_ns,15168
heavy,11,0.003,2,shot_16833_escalation_ns,41959
heavy,11,0.003,2,shot_16833_stock_ns,41919
heavy,11,0.003,2,shot_16833_total_ns,120387
heavy,11,0.003,2,shot_16833_exact_reference_ns,25669
heavy,11,0.003,2,shot_16833_escalated,1
heavy,11,0.003,2,shot_16833_contaminated,0
heavy,11,0.003,2,shot_17316,0
heavy,11,0.003,2,shot_17316_num_defects,109
heavy,11,0.003,2,shot_17316_phase1_ns,301639
heavy,11,0.003,2,shot_17316_harvest_ns,3997
heavy,11,0.003,2,shot_17316_escalation_ns,0
heavy,11,0.003,2,shot_17316_stock_ns,0
heavy,11,0.003,2,shot_17316_total_ns,305766
heavy,11,0.003,2,shot_17316_exact_reference_ns,52418
heavy,11,0.003,2,shot_17316_escalated,0
heavy,11,0.003,2,shot_17316_contaminated,0
heavy,11,0.003,2,shot_17829,0
heavy,11,0.003,2,shot_17829_num_defects,100
heavy,11,0.003,2,shot_17829_phase1_ns,295506
heavy,11,0.003,2,shot_17829_harvest_ns,5481
heavy,11,0.003,2,shot_17829_escalation_ns,0
heavy,11,0.003,2,shot_17829_stock_ns,0
heavy,11,0.003,2,shot_17829_total_ns,301087
heavy,11,0.003,2,shot_17829_exact_reference_ns,122642
heavy,11,0.003,2,shot_17829_escalated,0
heavy,11,0.003,2,shot_17829_contaminated,0
heavy,11,0.003,2,shot_18386,0
heavy,11,0.003,2,shot_18386_num_defects,99
heavy,11,0.003,2,shot_18386_phase1_ns,132720
heavy,11,0.003,2,shot_18386_harvest_ns,2956
heavy,11,0.003,2,shot_18386_escalation_ns,0
heavy,11,0.003,2,shot_18386_stock_ns,0
heavy,11,0.003,2,shot_18386_total_ns,135776
heavy,11,0.003,2,shot_18386_exact_reference_ns,38753
heavy,11,0.003,2,shot_18386_escalated,0
heavy,11,0.003,2,shot_18386_contaminated,0
heavy,11,0.003,2,shot_18542,0
heavy,11,0.003,2,shot_18542_num_defects,54
heavy,11,0.003,2,shot_18542_phase1_ns,56746
heavy,11,0.003,2,shot_18542_harvest_ns,21020
heavy,11,0.003,2,shot_18542_escalation_ns,49283
heavy,11,0.003,2,shot_18542_stock_ns,49222
heavy,11,0.003,2,shot_18542_total_ns,127310
heavy,11,0.003,2,shot_18542_exact_reference_ns,31329
heavy,11,0.003,2,shot_18542_escalated,1
heavy,11,0.003,2,shot_18542_contaminated,0
heavy,11,0.003,2,shot_18590,0
heavy,11,0.003,2,shot_18590_num_defects,100
heavy,11,0.003,2,shot_18590_phase1_ns,158619
heavy,11,0.003,2,shot_18590_harvest_ns,3266
heavy,11,0.003,2,shot_18590_escalation_ns,0
heavy,11,0.003,2,shot_18590_stock_ns,0
heavy,11,0.003,2,shot_18590_total_ns,162005
heavy,11,0.003,2,shot_18590_exact_reference_ns,54673
heavy,11,0.003,2,shot_18590_escalated,0
heavy,11,0.003,2,shot_18590_contaminated,0
heavy,11,0.003,2,shot_18786,0
heavy,11,0.003,2,shot_18786_num_defects,108
heavy,11,0.003,2,shot_18786_phase1_ns,168798
heavy,11,0.003,2,shot_18786_harvest_ns,3236
heavy,11,0.003,2,shot_18786_escalation_ns,0
heavy,11,0.003,2,shot_18786_stock_ns,0
heavy,11,0.003,2,shot_18786_total_ns,172135
heavy,11,0.003,2,shot_18786_exact_reference_ns,40516
heavy,11,0.003,2,shot_18786_escalated,0
heavy,11,0.003,2,shot_18786_contaminated,0
heavy,11,0.003,2,shot_19295,0
heavy,11,0.003,2,shot_19295_num_defects,105
heavy,11,0.003,2,shot_19295_phase1_ns,140244
heavy,11,0.003,2,shot_19295_harvest_ns,2986
heavy,11,0.003,2,shot_19295_escalation_ns,0
heavy,11,0.003,2,shot_19295_stock_ns,0
heavy,11,0.003,2,shot_19295_total_ns,143330
heavy,11,0.003,2,shot_19295_exact_reference_ns,44034
heavy,11,0.003,2,shot_19295_escalated,0
heavy,11,0.003,2,shot_19295_contaminated,0
heavy,11,0.003,2,shot_19421,0
heavy,11,0.003,2,shot_19421_num_defects,103
heavy,11,0.003,2,shot_19421_phase1_ns,141165
heavy,11,0.003,2,shot_19421_harvest_ns,3026
heavy,11,0.003,2,shot_19421_escalation_ns,0
heavy,11,0.003,2,shot_19421_stock_ns,0
heavy,11,0.003,2,shot_19421_total_ns,144282
heavy,11,0.003,2,shot_19421_exact_reference_ns,56366
heavy,11,0.003,2,shot_19421_escalated,0
heavy,11,0.003,2,shot_19421_contaminated,0
heavy,11,0.003,2,shot_19608,0
heavy,11,0.003,2,shot_19608_num_defects,47
heavy,11,0.003,2,shot_19608_phase1_ns,67708
heavy,11,0.003,2,shot_19608_harvest_ns,29906
heavy,11,0.003,2,shot_19608_escalation_ns,41007
heavy,11,0.003,2,shot_19608_stock_ns,40957
heavy,11,0.003,2,shot_19608_total_ns,138842
heavy,11,0.003,2,shot_19608_exact_reference_ns,20769
heavy,11,0.003,2,shot_19608_escalated,1
heavy,11,0.003,2,shot_19608_contaminated,0
heavy,11,0.005,2,shot_407,0
heavy,11,0.005,2,shot_407_num_defects,86
heavy,11,0.005,2,shot_407_phase1_ns,109366
heavy,11,0.005,2,shot_407_harvest_ns,25959
heavy,11,0.005,2,shot_407_escalation_ns,66525
heavy,11,0.005,2,shot_407_stock_ns,66375
heavy,11,0.005,2,shot_407_total_ns,202232
heavy,11,0.005,2,shot_407_exact_reference_ns,47059
heavy,11,0.005,2,shot_407_escalated,1
heavy,11,0.005,2,shot_407_contaminated,0
heavy,11,0.005,2,shot_442,0
heavy,11,0.005,2,shot_442_num_defects,112
heavy,11,0.005,2,shot_442_phase1_ns,164530
heavy,11,0.005,2,shot_442_harvest_ns,19126
heavy,11,0.005,2,shot_442_escalation_ns,107051
heavy,11,0.005,2,shot_442_stock_ns,107001
heavy,11,0.005,2,shot_442_total_ns,290969
heavy,11,0.005,2,shot_442_exact_reference_ns,81774
heavy,11,0.005,2,shot_442_escalated,1
heavy,11,0.005,2,shot_442_contaminated,0
heavy,11,0.005,2,shot_963,0
heavy,11,0.005,2,shot_963_num_defects,107
heavy,11,0.005,2,shot_963_phase1_ns,147017
heavy,11,0.005,2,shot_963_harvest_ns,26290
heavy,11,0.005,2,shot_963_escalation_ns,126929
heavy,11,0.005,2,shot_963_stock_ns,126869
heavy,11,0.005,2,shot_963_total_ns,300526
heavy,11,0.005,2,shot_963_exact_reference_ns,99968
heavy,11,0.005,2,shot_963_escalated,1
heavy,11,0.005,2,shot_963_contaminated,0
heavy,11,0.005,2,shot_994,0
heavy,11,0.005,2,shot_994_num_defects,92
heavy,11,0.005,2,shot_994_phase1_ns,130366
heavy,11,0.005,2,shot_994_harvest_ns,23915
heavy,11,0.005,2,shot_994_escalation_ns,87545
heavy,11,0.005,2,shot_994_stock_ns,87485
heavy,11,0.005,2,shot_994_total_ns,242116
heavy,11,0.005,2,shot_994_exact_reference_ns,51888
heavy,11,0.005,2,shot_994_escalated,1
heavy,11,0.005,2,shot_994_contaminated,1
heavy,11,0.005,2,shot_1000,0
heavy,11,0.005,2,shot_1000_num_defects,116
heavy,11,0.005,2,shot_1000_phase1_ns,166353
heavy,11,0.005,2,shot_1000_harvest_ns,14497
heavy,11,0.005,2,shot_1000_escalation_ns,106662
heavy,11,0.005,2,shot_1000_stock_ns,106601
heavy,11,0.005,2,shot_1000_total_ns,287653
heavy,11,0.005,2,shot_1000_exact_reference_ns,86593
heavy,11,0.005,2,shot_1000_escalated,1
heavy,11,0.005,2,shot_1000_contaminated,0
heavy,11,0.005,2,shot_1009,0
heavy,11,0.005,2,shot_1009_num_defects,115
heavy,11,0.005,2,shot_1009_phase1_ns,191641
heavy,11,0.005,2,shot_1009_harvest_ns,14207
heavy,11,0.005,2,shot_1009_escalation_ns,117101
heavy,11,0.005,2,shot_1009_stock_ns,117051
heavy,11,0.005,2,shot_1009_total_ns,323179
heavy,11,0.005,2,shot_1009_exact_reference_ns,91223
heavy,11,0.005,2,shot_1009_escalated,1
heavy,11,0.005,2,shot_1009_contaminated,0
heavy,11,0.005,2,shot_1070,0
heavy,11,0.005,2,shot_1070_num_defects,117
heavy,11,0.005,2,shot_1070_phase1_ns,210618
heavy,11,0.005,2,shot_1070_harvest_ns,22412
heavy,11,0.005,2,shot_1070_escalation_ns,114706
heavy,11,0.005,2,shot_1070_stock_ns,114656
heavy,11,0.005,2,shot_1070_total_ns,347975
heavy,11,0.005,2,shot_1070_exact_reference_ns,63600
heavy,11,0.005,2,shot_1070_escalated,1
heavy,11,0.005,2,shot_1070_contaminated,0
heavy,11,0.005,2,shot_1240,0
heavy,11,0.005,2,shot_1240_num_defects,131
heavy,11,0.005,2,shot_1240_phase1_ns,195738
heavy,11,0.005,2,shot_1240_harvest_ns,17403
heavy,11,0.005,2,shot_1240_escalation_ns,95159
heavy,11,0.005,2,shot_1240_stock_ns,95099
heavy,11,0.005,2,shot_1240_total_ns,308782
heavy,11,0.005,2,shot_1240_exact_reference_ns,72597
heavy,11,0.005,2,shot_1240_escalated,1
heavy,11,0.005,2,shot_1240_contaminated,0
heavy,11,0.005,2,shot_1253,0
heavy,11,0.005,2,shot_1253_num_defects,141
heavy,11,0.005,2,shot_1253_phase1_ns,408170
heavy,11,0.005,2,shot_1253_harvest_ns,6823
heavy,11,0.005,2,shot_1253_escalation_ns,0
heavy,11,0.005,2,shot_1253_stock_ns,0
heavy,11,0.005,2,shot_1253_total_ns,415093
heavy,11,0.005,2,shot_1253_exact_reference_ns,170631
heavy,11,0.005,2,shot_1253_escalated,0
heavy,11,0.005,2,shot_1253_contaminated,0
heavy,11,0.005,2,shot_1279,0
heavy,11,0.005,2,shot_1279_num_defects,92
heavy,11,0.005,2,shot_1279_phase1_ns,119737
heavy,11,0.005,2,shot_1279_harvest_ns,23764
heavy,11,0.005,2,shot_1279_escalation_ns,69190
heavy,11,0.005,2,shot_1279_stock_ns,69120
heavy,11,0.005,2,shot_1279_total_ns,212902
heavy,11,0.005,2,shot_1279_exact_reference_ns,49894
heavy,11,0.005,2,shot_1279_escalated,1
heavy,11,0.005,2,shot_1279_contaminated,0
heavy,11,0.005,2,shot_1358,0
heavy,11,0.005,2,shot_1358_num_defects,78
heavy,11,0.005,2,shot_1358_phase1_ns,99027
heavy,11,0.005,2,shot_1358_harvest_ns,17703
heavy,11,0.005,2,shot_1358_escalation_ns,56466
heavy,11,0.005,2,shot_1358_stock_ns,56336
heavy,11,0.005,2,shot_1358_total_ns,173537
heavy,11,0.005,2,shot_1358_exact_reference_ns,39505
heavy,11,0.005,2,shot_1358_escalated,1
heavy,11,0.005,2,shot_1358_contaminated,0
heavy,11,0.005,2,shot_1380,0
heavy,11,0.005,2,shot_1380_num_defects,99
heavy,11,0.005,2,shot_1380_phase1_ns,142779
heavy,11,0.005,2,shot_1380_harvest_ns,15168
heavy,11,0.005,2,shot_1380_escalation_ns,98435
heavy,11,0.005,2,shot_1380_stock_ns,98385
heavy,11,0.005,2,shot_1380_total_ns,256624
heavy,11,0.005,2,shot_1380_exact_reference_ns,76674
heavy,11,0.005,2,shot_1380_escalated,1
heavy,11,0.005,2,shot_1380_contaminated,0
heavy,11,0.005,2,shot_1488,0
heavy,11,0.005,2,shot_1488_num_defects,142
heavy,11,0.005,2,shot_1488_phase1_ns,240583
heavy,11,0.005,2,shot_1488_harvest_ns,5500
heavy,11,0.005,2,shot_1488_escalation_ns,0
heavy,11,0.005,2,shot_1488_stock_ns,0
heavy,11,0.005,2,shot_1488_total_ns,246184
heavy,11,0.005,2,shot_1488_exact_reference_ns,84459
heavy,11,0.005,2,shot_1488_escalated,0
heavy,11,0.005,2,shot_1488_contaminated,0
heavy,11,0.005,2,shot_1628,0
heavy,11,0.005,2,shot_1628_num_defects,77
heavy,11,0.005,2,shot_1628_phase1_ns,103905
heavy,11,0.005,2,shot_1628_harvest_ns,27462
heavy,11,0.005,2,shot_1628_escalation_ns,85851
heavy,11,0.005,2,shot_1628_stock_ns,85781
heavy,11,0.005,2,shot_1628_total_ns,217440
heavy,11,0.005,2,shot_1628_exact_reference_ns,61466
heavy,11,0.005,2,shot_1628_escalated,1
heavy,11,0.005,2,shot_1628_contaminated,0
heavy,11,0.005,2,shot_1815,0
heavy,11,0.005,2,shot_1815_num_defects,108
heavy,11,0.005,2,shot_1815_phase1_ns,142979
heavy,11,0.005,2,shot_1815_harvest_ns,20078
heavy,11,0.005,2,shot_1815_escalation_ns,64781
heavy,11,0.005,2,shot_1815_stock_ns,64642
heavy,11,0.005,2,shot_1815_total_ns,228080
heavy,11,0.005,2,shot_1815_exact_reference_ns,44915
heavy,11,0.005,2,shot_1815_escalated,1
heavy,11,0.005,2,shot_1815_contaminated,0
heavy,11,0.005,2,shot_2080,0
heavy,11,0.005,2,shot_2080_num_defects,115
heavy,11,0.005,2,shot_2080_phase1_ns,162487
heavy,11,0.005,2,shot_2080_harvest_ns,19707
heavy,11,0.005,2,shot_2080_escalation_ns,107252
heavy,11,0.005,2,shot_2080_stock_ns,107192
heavy,11,0.005,2,shot_2080_total_ns,289726
heavy,11,0.005,2,shot_2080_exact_reference_ns,90320
heavy,11,0.005,2,shot_2080_escalated,1
heavy,11,0.005,2,shot_2080_contaminated,0
heavy,11,0.005,2,shot_2351,0
heavy,11,0.005,2,shot_2351_num_defects,91
heavy,11,0.005,2,shot_2351_phase1_ns,121589
heavy,11,0.005,2,shot_2351_harvest_ns,21040
heavy,11,0.005,2,shot_2351_escalation_ns,73920
heavy,11,0.005,2,shot_2351_stock_ns,73849
heavy,11,0.005,2,shot_2351_total_ns,216939
heavy,11,0.005,2,shot_2351_exact_reference_ns,49824
heavy,11,0.005,2,shot_2351_escalated,1
heavy,11,0.005,2,shot_2351_contaminated,0
heavy,11,0.005,2,shot_2470,0
heavy,11,0.005,2,shot_2470_num_defects,98
heavy,11,0.005,2,shot_2470_phase1_ns,130767
heavy,11,0.005,2,shot_2470_harvest_ns,19567
heavy,11,0.005,2,shot_2470_escalation_ns,72667
heavy,11,0.005,2,shot_2470_stock_ns,72617
heavy,11,0.005,2,shot_2470_total_ns,223241
heavy,11,0.005,2,shot_2470_exact_reference_ns,51647
heavy,11,0.005,2,shot_2470_escalated,1
heavy,11,0.005,2,shot_2470_contaminated,0
heavy,11,0.005,2,shot_2608,0
heavy,11,0.005,2,shot_2608_num_defects,101
heavy,11,0.005,2,shot_2608_phase1_ns,145665
heavy,11,0.005,2,shot_2608_harvest_ns,23133
heavy,11,0.005,2,shot_2608_escalation_ns,79369
heavy,11,0.005,2,shot_2608_stock_ns,79309
heavy,11,0.005,2,shot_2608_total_ns,248438
heavy,11,0.005,2,shot_2608_exact_reference_ns,55755
heavy,11,0.005,2,shot_2608_escalated,1
heavy,11,0.005,2,shot_2608_contaminated,0
heavy,11,0.005,2,shot_2653,0
heavy,11,0.005,2,shot_2653_num_defects,104
heavy,11,0.005,2,shot_2653_phase1_ns,151225
heavy,11,0.005,2,shot_2653_harvest_ns,18144
heavy,11,0.005,2,shot_2653_escalation_ns,93787
heavy,11,0.005,2,shot_2653_stock_ns,93727
heavy,11,0.005,2,shot_2653_total_ns,263436
heavy,11,0.005,2,shot_2653_exact_reference_ns,71995
heavy,11,0.005,2,shot_2653_escalated,1
heavy,11,0.005,2,shot_2653_contaminated,0
heavy,11,0.005,2,shot_2698,0
heavy,11,0.005,2,shot_2698_num_defects,144
heavy,11,0.005,2,shot_2698_phase1_ns,296308
heavy,11,0.005,2,shot_2698_harvest_ns,5791
heavy,11,0.005,2,shot_2698_escalation_ns,0
heavy,11,0.005,2,shot_2698_stock_ns,0
heavy,11,0.005,2,shot_2698_total_ns,302189
heavy,11,0.005,2,shot_2698_exact_reference_ns,122661
heavy,11,0.005,2,shot_2698_escalated,0
heavy,11,0.005,2,shot_2698_contaminated,0
heavy,11,0.005,2,shot_2746,0
heavy,11,0.005,2,shot_2746_num_defects,121
heavy,11,0.005,2,shot_2746_phase1_ns,203024
heavy,11,0.005,2,shot_2746_harvest_ns,26970
heavy,11,0.005,2,shot_2746_escalation_ns,97514
heavy,11,0.005,2,shot_2746_stock_ns,97444
heavy,11,0.005,2,shot_2746_total_ns,327718
heavy,11,0.005,2,shot_2746_exact_reference_ns,68890
heavy,11,0.005,2,shot_2746_escalated,1
heavy,11,0.005,2,shot_2746_contaminated,0
heavy,11,0.005,2,shot_2827,0
heavy,11,0.005,2,shot_2827_num_defects,88
heavy,11,0.005,2,shot_2827_phase1_ns,107374
heavy,11,0.005,2,shot_2827_harvest_ns,17362
heavy,11,0.005,2,shot_2827_escalation_ns,62558
heavy,11,0.005,2,shot_2827_stock_ns,62488
heavy,11,0.005,2,shot_2827_total_ns,187504
heavy,11,0.005,2,shot_2827_exact_reference_ns,42631
heavy,11,0.005,2,shot_2827_escalated,1
heavy,11,0.005,2,shot_2827_contaminated,0
heavy,11,0.005,2,shot_2847,0
heavy,11,0.005,2,shot_2847_num_defects,119
heavy,11,0.005,2,shot_2847_phase1_ns,187563
heavy,11,0.005,2,shot_2847_harvest_ns,17583
heavy,11,0.005,2,shot_2847_escalation_ns,130646
heavy,11,0.005,2,shot_2847_stock_ns,130586
heavy,11,0.005,2,shot_2847_total_ns,336103
heavy,11,0.005,2,shot_2847_exact_reference_ns,110558
heavy,11,0.005,2,shot_2847_escalated,1
heavy,11,0.005,2,shot_2847_contaminated,0
heavy,11,0.005,2,shot_3002,0
heavy,11,0.005,2,shot_3002_num_defects,113
heavy,11,0.005,2,shot_3002_phase1_ns,169090
heavy,11,0.005,2,shot_3002_harvest_ns,24245
heavy,11,0.005,2,shot_3002_escalation_ns,67497
heavy,11,0.005,2,shot_3002_stock_ns,67437
heavy,11,0.005,2,shot_3002_total_ns,261072
heavy,11,0.005,2,shot_3002_exact_reference_ns,43192
heavy,11,0.005,2,shot_3002_escalated,1
heavy,11,0.005,2,shot_3002_contaminated,0
heavy,11,0.005,2,shot_3024,0
heavy,11,0.005,2,shot_3024_num_defects,96
heavy,11,0.005,2,shot_3024_phase1_ns,129335
heavy,11,0.005,2,shot_3024_harvest_ns,18544
heavy,11,0.005,2,shot_3024_escalation_ns,112682
heavy,11,0.005,2,shot_3024_stock_ns,112622
heavy,11,0.005,2,shot_3024_total_ns,260811
heavy,11,0.005,2,shot_3024_exact_reference_ns,86172
heavy,11,0.005,2,shot_3024_escalated,1
heavy,11,0.005,2,shot_3024_contaminated,0
heavy,11,0.005,2,shot_3058,0
heavy,11,0.005,2,shot_3058_num_defects,110
heavy,11,0.005,2,shot_3058_phase1_ns,190609
heavy,11,0.005,2,shot_3058_harvest_ns,15700
heavy,11,0.005,2,shot_3058_escalation_ns,88667
heavy,11,0.005,2,shot_3058_stock_ns,88627
heavy,11,0.005,2,shot_3058_total_ns,295277
heavy,11,0.005,2,shot_3058_exact_reference_ns,51006
heavy,11,0.005,2,shot_3058_escalated,1
heavy,11,0.005,2,shot_3058_contaminated,0
heavy,11,0.005,2,shot_3220,0
heavy,11,0.005,2,shot_3220_num_defects,84
heavy,11,0.005,2,shot_3220_phase1_ns,128572
heavy,11,0.005,2,shot_3220_harvest_ns,22142
heavy,11,0.005,2,shot_3220_escalation_ns,56176
heavy,11,0.005,2,shot_3220_stock_ns,56106
heavy,11,0.005,2,shot_3220_total_ns,207290
heavy,11,0.005,2,shot_3220_exact_reference_ns,36168
heavy,11,0.005,2,shot_3220_escalated,1
heavy,11,0.005,2,shot_3220_contaminated,0
heavy,11,0.005,2,shot_3253,0
heavy,11,0.005,2,shot_3253_num_defects,112
heavy,11,0.005,2,shot_3253_phase1_ns,164049
heavy,11,0.005,2,shot_3253_harvest_ns,21250
heavy,11,0.005,2,shot_3253_escalation_ns,105148
heavy,11,0.005,2,shot_3253_stock_ns,105098
heavy,11,0.005,2,shot_3253_total_ns,290678
heavy,11,0.005,2,shot_3253_exact_reference_ns,87374
heavy,11,0.005,2,shot_3253_escalated,1
heavy,11,0.005,2,shot_3253_contaminated,0
heavy,11,0.005,2,shot_3259,0
heavy,11,0.005,2,shot_3259_num_defects,89
heavy,11,0.005,2,shot_3259_phase1_ns,109677
heavy,11,0.005,2,shot_3259_harvest_ns,13415
heavy,11,0.005,2,shot_3259_escalation_ns,71946
heavy,11,0.005,2,shot_3259_stock_ns,71866
heavy,11,0.005,2,shot_3259_total_ns,195188
heavy,11,0.005,2,shot_3259_exact_reference_ns,52058
heavy,11,0.005,2,shot_3259_escalated,1
heavy,11,0.005,2,shot_3259_contaminated,0
heavy,11,0.005,2,shot_3477,0
heavy,11,0.005,2,shot_3477_num_defects,142
heavy,11,0.005,2,shot_3477_phase1_ns,232418
heavy,11,0.005,2,shot_3477_harvest_ns,4779
heavy,11,0.005,2,shot_3477_escalation_ns,0
heavy,11,0.005,2,shot_3477_stock_ns,0
heavy,11,0.005,2,shot_3477_total_ns,237317
heavy,11,0.005,2,shot_3477_exact_reference_ns,70323
heavy,11,0.005,2,shot_3477_escalated,0
heavy,11,0.005,2,shot_3477_contaminated,0
heavy,11,0.005,2,shot_3666,0
heavy,11,0.005,2,shot_3666_num_defects,81
heavy,11,0.005,2,shot_3666_phase1_ns,98897
heavy,11,0.005,2,shot_3666_harvest_ns,25708
heavy,11,0.005,2,shot_3666_escalation_ns,53141
heavy,11,0.005,2,shot_3666_stock_ns,53020
heavy,11,0.005,2,shot_3666_total_ns,177946
heavy,11,0.005,2,shot_3666_exact_reference_ns,35677
heavy,11,0.005,2,shot_3666_escalated,1
heavy,11,0.005,2,shot_3666_contaminated,0
heavy,11,0.005,2,shot_3704,0
heavy,11,0.005,2,shot_3704_num_defects,94
heavy,11,0.005,2,shot_3704_phase1_ns,213172
heavy,11,0.005,2,shot_3704_harvest_ns,50455
heavy,11,0.005,2,shot_3704_escalation_ns,124895
heavy,11,0.005,2,shot_3704_stock_ns,124845
heavy,11,0.005,2,shot_3704_total_ns,388913
heavy,11,0.005,2,shot_3704_exact_reference_ns,74450
heavy,11,0.005,2,shot_3704_escalated,1
heavy,11,0.005,2,shot_3704_contaminated,0
heavy,11,0.005,2,shot_3746,0
heavy,11,0.005,2,shot_3746_num_defects,80
heavy,11,0.005,2,shot_3746_phase1_ns,116770
heavy,11,0.005,2,shot_3746_harvest_ns,30217
heavy,11,0.005,2,shot_3746_escalation_ns,97413
heavy,11,0.005,2,shot_3746_stock_ns,97343
heavy,11,0.005,2,shot_3746_total_ns,244661
heavy,11,0.005,2,shot_3746_exact_reference_ns,76814
heavy,11,0.005,2,shot_3746_escalated,1
heavy,11,0.005,2,shot_3746_contaminated,1
heavy,11,0.005,2,shot_3802,0
heavy,11,0.005,2,shot_3802_num_defects,98
heavy,11,0.005,2,shot_3802_phase1_ns,143190
heavy,11,0.005,2,shot_3802_harvest_ns,22993
heavy,11,0.005,2,shot_3802_escalation_ns,98415
heavy,11,0.005,2,shot_3802_stock_ns,98355
heavy,11,0.005,2,shot_3802_total_ns,264929
heavy,11,0.005,2,shot_3802_exact_reference_ns,59482
heavy,11,0.005,2,shot_3802_escalated,1
heavy,11,0.005,2,shot_3802_contaminated,0
heavy,11,0.005,2,shot_3861,0
heavy,11,0.005,2,shot_3861_num_defects,80
heavy,11,0.005,2,shot_3861_phase1_ns,102503
heavy,11,0.005,2,shot_3861_harvest_ns,20970
heavy,11,0.005,2,shot_3861_escalation_ns,74110
heavy,11,0.005,2,shot_3861_stock_ns,74050
heavy,11,0.005,2,shot_3861_total_ns,197783
heavy,11,0.005,2,shot_3861_exact_reference_ns,46427
heavy,11,0.005,2,shot_3861_escalated,1
heavy,11,0.005,2,shot_3861_contaminated,0
heavy,11,0.005,2,shot_4226,0
heavy,11,0.005,2,shot_4226_num_defects,82
heavy,11,0.005,2,shot_4226_phase1_ns,110097
heavy,11,0.005,2,shot_4226_harvest_ns,25509
heavy,11,0.005,2,shot_4226_escalation_ns,74581
heavy,11,0.005,2,shot_4226_stock_ns,74511
heavy,11,0.005,2,shot_4226_total_ns,210397
heavy,11,0.005,2,shot_4226_exact_reference_ns,54703
heavy,11,0.005,2,shot_4226_escalated,1
heavy,11,0.005,2,shot_4226_contaminated,0
heavy,11,0.005,2,shot_4393,0
heavy,11,0.005,2,shot_4393_num_defects,102
heavy,11,0.005,2,shot_4393_phase1_ns,158899
heavy,11,0.005,2,shot_4393_harvest_ns,22232
heavy,11,0.005,2,shot_4393_escalation_ns,121028
heavy,11,0.005,2,shot_4393_stock_ns,120969
heavy,11,0.005,2,shot_4393_total_ns,302710
heavy,11,0.005,2,shot_4393_exact_reference_ns,96262
heavy,11,0.005,2,shot_4393_escalated,1
heavy,11,0.005,2,shot_4393_contaminated,0
heavy,11,0.005,2,shot_4581,0
heavy,11,0.005,2,shot_4581_num_defects,100
heavy,11,0.005,2,shot_4581_phase1_ns,150563
heavy,11,0.005,2,shot_4581_harvest_ns,24326
heavy,11,0.005,2,shot_4581_escalation_ns,115828
heavy,11,0.005,2,shot_4581_stock_ns,115728
heavy,11,0.005,2,shot_4581_total_ns,290999
heavy,11,0.005,2,shot_4581_exact_reference_ns,97434
heavy,11,0.005,2,shot_4581_escalated,1
heavy,11,0.005,2,shot_4581_contaminated,0
heavy,11,0.005,2,shot_4678,0
heavy,11,0.005,2,shot_4678_num_defects,100
heavy,11,0.005,2,shot_4678_phase1_ns,124224
heavy,11,0.005,2,shot_4678_harvest_ns,21190
heavy,11,0.005,2,shot_4678_escalation_ns,84910
heavy,11,0.005,2,shot_4678_stock_ns,84810
heavy,11,0.005,2,shot_4678_total_ns,230785
heavy,11,0.005,2,shot_4678_exact_reference_ns,62157
heavy,11,0.005,2,shot_4678_escalated,1
heavy,11,0.005,2,shot_4678_contaminated,0
heavy,11,0.005,2,shot_4865,0
heavy,11,0.005,2,shot_4865_num_defects,65
heavy,11,0.005,2,shot_4865_phase1_ns,85080
heavy,11,0.005,2,shot_4865_harvest_ns,20218
heavy,11,0.005,2,shot_4865_escalation_ns,63320
heavy,11,0.005,2,shot_4865_stock_ns,63189
heavy,11,0.005,2,shot_4865_total_ns,168868
heavy,11,0.005,2,shot_4865_exact_reference_ns,29355
heavy,11,0.005,2,shot_4865_escalated,1
heavy,11,0.005,2,shot_4865_contaminated,0
heavy,11,0.005,2,shot_5143,0
heavy,11,0.005,2,shot_5143_num_defects,90
heavy,11,0.005,2,shot_5143_phase1_ns,131588
heavy,11,0.005,2,shot_5143_harvest_ns,22442
heavy,11,0.005,2,shot_5143_escalation_ns,108565
heavy,11,0.005,2,shot_5143_stock_ns,108495
heavy,11,0.005,2,shot_5143_total_ns,262785
heavy,11,0.005,2,shot_5143_exact_reference_ns,89909
heavy,11,0.005,2,shot_5143_escalated,1
heavy,11,0.005,2,shot_5143_contaminated,0
heavy,11,0.005,2,shot_5199,0
heavy,11,0.005,2,shot_5199_num_defects,146
heavy,11,0.005,2,shot_5199_phase1_ns,223341
heavy,11,0.005,2,shot_5199_harvest_ns,5120
heavy,11,0.005,2,shot_5199_escalation_ns,0
heavy,11,0.005,2,shot_5199_stock_ns,0
heavy,11,0.005,2,shot_5199_total_ns,228551
heavy,11,0.005,2,shot_5199_exact_reference_ns,63439
heavy,11,0.005,2,shot_5199_escalated,0
heavy,11,0.005,2,shot_5199_contaminated,0
heavy,11,0.005,2,shot_5259,0
heavy,11,0.005,2,shot_5259_num_defects,92
heavy,11,0.005,2,shot_5259_phase1_ns,154300
heavy,11,0.005,2,shot_5259_harvest_ns,30658
heavy,11,0.005,2,shot_5259_escalation_ns,87926
heavy,11,0.005,2,shot_5259_stock_ns,87866
heavy,11,0.005,2,shot_5259_total_ns,273254
heavy,11,0.005,2,shot_5259_exact_reference_ns,63419
heavy,11,0.005,2,shot_5259_escalated,1
heavy,11,0.005,2,shot_5259_contaminated,0
heavy,11,0.005,2,shot_5422,0
heavy,11,0.005,2,shot_5422_num_defects,142
heavy,11,0.005,2,shot_5422_phase1_ns,231247
heavy,11,0.005,2,shot_5422_harvest_ns,4548
heavy,11,0.005,2,shot_5422_escalation_ns,0
heavy,11,0.005,2,shot_5422_stock_ns,0
heavy,11,0.005,2,shot_5422_total_ns,235895
heavy,11,0.005,2,shot_5422_exact_reference_ns,66856
heavy,11,0.005,2,shot_5422_escalated,0
heavy,11,0.005,2,shot_5422_contaminated,0
heavy,11,0.005,2,shot_5522,0
heavy,11,0.005,2,shot_5522_num_defects,95
heavy,11,0.005,2,shot_5522_phase1_ns,122480
heavy,11,0.005,2,shot_5522_harvest_ns,24096
heavy,11,0.005,2,shot_5522_escalation_ns,67888
heavy,11,0.005,2,shot_5522_stock_ns,67828
heavy,11,0.005,2,shot_5522_total_ns,214665
heavy,11,0.005,2,shot_5522_exact_reference_ns,49353
heavy,11,0.005,2,shot_5522_escalated,1
heavy,11,0.005,2,shot_5522_contaminated,0
heavy,11,0.005,2,shot_5592,0
heavy,11,0.005,2,shot_5592_num_defects,87
heavy,11,0.005,2,shot_5592_phase1_ns,133321
heavy,11,0.005,2,shot_5592_harvest_ns,19737
heavy,11,0.005,2,shot_5592_escalation_ns,98335
heavy,11,0.005,2,shot_5592_stock_ns,98286
heavy,11,0.005,2,shot_5592_total_ns,251634
heavy,11,0.005,2,shot_5592_exact_reference_ns,77186
heavy,11,0.005,2,shot_5592_escalated,1
heavy,11,0.005,2,shot_5592_contaminated,0
heavy,11,0.005,2,shot_5672,0
heavy,11,0.005,2,shot_5672_num_defects,117
heavy,11,0.005,2,shot_5672_phase1_ns,186090
heavy,11,0.005,2,shot_5672_harvest_ns,16792
heavy,11,0.005,2,shot_5672_escalation_ns,89649
heavy,11,0.005,2,shot_5672_stock_ns,89489
heavy,11,0.005,2,shot_5672_total_ns,292852
heavy,11,0.005,2,shot_5672_exact_reference_ns,68539
heavy,11,0.005,2,shot_5672_escalated,1
heavy,11,0.005,2,shot_5672_contaminated,0
heavy,11,0.005,2,shot_5857,0
heavy,11,0.005,2,shot_5857_num_defects,112
heavy,11,0.005,2,shot_5857_phase1_ns,158448
heavy,11,0.005,2,shot_5857_harvest_ns,23625
heavy,11,0.005,2,shot_5857_escalation_ns,96021
heavy,11,0.005,2,shot_5857_stock_ns,95960
heavy,11,0.005,2,shot_5857_total_ns,278375
heavy,11,0.005,2,shot_5857_exact_reference_ns,55174
heavy,11,0.005,2,shot_5857_escalated,1
heavy,11,0.005,2,shot_5857_contaminated,1
heavy,11,0.005,2,shot_6171,0
heavy,11,0.005,2,shot_6171_num_defects,118
heavy,11,0.005,2,shot_6171_phase1_ns,163107
heavy,11,0.005,2,shot_6171_harvest_ns,20569
heavy,11,0.005,2,shot_6171_escalation_ns,79870
heavy,11,0.005,2,shot_6171_stock_ns,79790
heavy,11,0.005,2,shot_6171_total_ns,263797
heavy,11,0.005,2,shot_6171_exact_reference_ns,64772
heavy,11,0.005,2,shot_6171_escalated,1
heavy,11,0.005,2,shot_6171_contaminated,0
heavy,11,0.005,2,shot_6300,0
heavy,11,0.005,2,shot_6300_num_defects,171
heavy,11,0.005,2,shot_6300_phase1_ns,315124
heavy,11,0.005,2,shot_6300_harvest_ns,5340
heavy,11,0.005,2,shot_6300_escalation_ns,0
heavy,11,0.005,2,shot_6300_stock_ns,0
heavy,11,0.005,2,shot_6300_total_ns,320574
heavy,11,0.005,2,shot_6300_exact_reference_ns,82165
heavy,11,0.005,2,shot_6300_escalated,0
heavy,11,0.005,2,shot_6300_contaminated,0
heavy,11,0.005,2,shot_6523,0
heavy,11,0.005,2,shot_6523_num_defects,157
heavy,11,0.005,2,shot_6523_phase1_ns,302740
heavy,11,0.005,2,shot_6523_harvest_ns,5511
heavy,11,0.005,2,shot_6523_escalation_ns,0
heavy,11,0.005,2,shot_6523_stock_ns,0
heavy,11,0.005,2,shot_6523_total_ns,308342
heavy,11,0.005,2,shot_6523_exact_reference_ns,110138
heavy,11,0.005,2,shot_6523_escalated,0
heavy,11,0.005,2,shot_6523_contaminated,0
heavy,11,0.005,2,shot_6756,0
heavy,11,0.005,2,shot_6756_num_defects,88
heavy,11,0.005,2,shot_6756_phase1_ns,127770
heavy,11,0.005,2,shot_6756_harvest_ns,36870
heavy,11,0.005,2,shot_6756_escalation_ns,72938
heavy,11,0.005,2,shot_6756_stock_ns,72878
heavy,11,0.005,2,shot_6756_total_ns,237868
heavy,11,0.005,2,shot_6756_exact_reference_ns,46378
heavy,11,0.005,2,shot_6756_escalated,1
heavy,11,0.005,2,shot_6756_contaminated,0
heavy,11,0.005,2,shot_7184,0
heavy,11,0.005,2,shot_7184_num_defects,147
heavy,11,0.005,2,shot_7184_phase1_ns,252075
heavy,11,0.005,2,shot_7184_harvest_ns,5380
heavy,11,0.005,2,shot_7184_escalation_ns,0
heavy,11,0.005,2,shot_7184_stock_ns,0
heavy,11,0.005,2,shot_7184_total_ns,257545
heavy,11,0.005,2,shot_7184_exact_reference_ns,97223
heavy,11,0.005,2,shot_7184_escalated,0
heavy,11,0.005,2,shot_7184_contaminated,0
heavy,11,0.005,2,shot_7209,0
heavy,11,0.005,2,shot_7209_num_defects,101
heavy,11,0.005,2,shot_7209_phase1_ns,160714
heavy,11,0.005,2,shot_7209_harvest_ns,30888
heavy,11,0.005,2,shot_7209_escalation_ns,177655
heavy,11,0.005,2,shot_7209_stock_ns,177595
heavy,11,0.005,2,shot_7209_total_ns,369807
heavy,11,0.005,2,shot_7209_exact_reference_ns,136438
heavy,11,0.005,2,shot_7209_escalated,1
heavy,11,0.005,2,shot_7209_contaminated,0
heavy,11,0.005,2,shot_7264,0
heavy,11,0.005,2,shot_7264_num_defects,95
heavy,11,0.005,2,shot_7264_phase1_ns,139584
heavy,11,0.005,2,shot_7264_harvest_ns,23063
heavy,11,0.005,2,shot_7264_escalation_ns,71174
heavy,11,0.005,2,shot_7264_stock_ns,71134
heavy,11,0.005,2,shot_7264_total_ns,234062
heavy,11,0.005,2,shot_7264_exact_reference_ns,50014
heavy,11,0.005,2,shot_7264_escalated,1
heavy,11,0.005,2,shot_7264_contaminated,0
heavy,11,0.005,2,shot_7503,0
heavy,11,0.005,2,shot_7503_num_defects,120
heavy,11,0.005,2,shot_7503_phase1_ns,221948
heavy,11,0.005,2,shot_7503_harvest_ns,23594
heavy,11,0.005,2,shot_7503_escalation_ns,162536
heavy,11,0.005,2,shot_7503_stock_ns,162476
heavy,11,0.005,2,shot_7503_total_ns,408420
heavy,11,0.005,2,shot_7503_exact_reference_ns,132009
heavy,11,0.005,2,shot_7503_escalated,1
heavy,11,0.005,2,shot_7503_contaminated,1
heavy,11,0.005,2,shot_7507,0
heavy,11,0.005,2,shot_7507_num_defects,81
heavy,11,0.005,2,shot_7507_phase1_ns,107533
heavy,11,0.005,2,shot_7507_harvest_ns,17783
heavy,11,0.005,2,shot_7507_escalation_ns,75422
heavy,11,0.005,2,shot_7507_stock_ns,75372
heavy,11,0.005,2,shot_7507_total_ns,200879
heavy,11,0.005,2,shot_7507_exact_reference_ns,55234
heavy,11,0.005,2,shot_7507_escalated,1
heavy,11,0.005,2,shot_7507_contaminated,0
heavy,11,0.005,2,shot_7579,0
heavy,11,0.005,2,shot_7579_num_defects,147
heavy,11,0.005,2,shot_7579_phase1_ns,303312
heavy,11,0.005,2,shot_7579_harvest_ns,8075
heavy,11,0.005,2,shot_7579_escalation_ns,0
heavy,11,0.005,2,shot_7579_stock_ns,0
heavy,11,0.005,2,shot_7579_total_ns,311718
heavy,11,0.005,2,shot_7579_exact_reference_ns,102463
heavy,11,0.005,2,shot_7579_escalated,0
heavy,11,0.005,2,shot_7579_contaminated,0
heavy,11,0.005,2,shot_7785,0
heavy,11,0.005,2,shot_7785_num_defects,92
heavy,11,0.005,2,shot_7785_phase1_ns,135315
heavy,11,0.005,2,shot_7785_harvest_ns,36079
heavy,11,0.005,2,shot_7785_escalation_ns,115277
heavy,11,0.005,2,shot_7785_stock_ns,115217
heavy,11,0.005,2,shot_7785_total_ns,286972
heavy,11,0.005,2,shot_7785_exact_reference_ns,80863
heavy,11,0.005,2,shot_7785_escalated,1
heavy,11,0.005,2,shot_7785_contaminated,0
heavy,11,0.005,2,shot_7819,0
heavy,11,0.005,2,shot_7819_num_defects,90
heavy,11,0.005,2,shot_7819_phase1_ns,121660
heavy,11,0.005,2,shot_7819_harvest_ns,22161
heavy,11,0.005,2,shot_7819_escalation_ns,85742
heavy,11,0.005,2,shot_7819_stock_ns,85691
heavy,11,0.005,2,shot_7819_total_ns,229823
heavy,11,0.005,2,shot_7819_exact_reference_ns,58641
heavy,11,0.005,2,shot_7819_escalated,1
heavy,11,0.005,2,shot_7819_contaminated,0
heavy,11,0.005,2,shot_7880,0
heavy,11,0.005,2,shot_7880_num_defects,120
heavy,11,0.005,2,shot_7880_phase1_ns,202641
heavy,11,0.005,2,shot_7880_harvest_ns,18856
heavy,11,0.005,2,shot_7880_escalation_ns,118944
heavy,11,0.005,2,shot_7880_stock_ns,118803
heavy,11,0.005,2,shot_7880_total_ns,340683
heavy,11,0.005,2,shot_7880_exact_reference_ns,82135
heavy,11,0.005,2,shot_7880_escalated,1
heavy,11,0.005,2,shot_7880_contaminated,0
heavy,11,0.005,2,shot_7913,0
heavy,11,0.005,2,shot_7913_num_defects,86
heavy,11,0.005,2,shot_7913_phase1_ns,109627
heavy,11,0.005,2,shot_7913_harvest_ns,16150
heavy,11,0.005,2,shot_7913_escalation_ns,58750
heavy,11,0.005,2,shot_7913_stock_ns,58611
heavy,11,0.005,2,shot_7913_total_ns,184648
heavy,11,0.005,2,shot_7913_exact_reference_ns,40707
heavy,11,0.005,2,shot_7913_escalated,1
heavy,11,0.005,2,shot_7913_contaminated,0
heavy,11,0.005,2,shot_8233,0
heavy,11,0.005,2,shot_8233_num_defects,152
heavy,11,0.005,2,shot_8233_phase1_ns,434859
heavy,11,0.005,2,shot_8233_harvest_ns,5360
heavy,11,0.005,2,shot_8233_escalation_ns,0
heavy,11,0.005,2,shot_8233_stock_ns,0
heavy,11,0.005,2,shot_8233_total_ns,440310
heavy,11,0.005,2,shot_8233_exact_reference_ns,117722
heavy,11,0.005,2,shot_8233_escalated,0
heavy,11,0.005,2,shot_8233_contaminated,0
heavy,11,0.005,2,shot_8525,0
heavy,11,0.005,2,shot_8525_num_defects,66
heavy,11,0.005,2,shot_8525_phase1_ns,76815
heavy,11,0.005,2,shot_8525_harvest_ns,33042
heavy,11,0.005,2,shot_8525_escalation_ns,40926
heavy,11,0.005,2,shot_8525_stock_ns,40867
heavy,11,0.005,2,shot_8525_total_ns,150995
heavy,11,0.005,2,shot_8525_exact_reference_ns,25619
heavy,11,0.005,2,shot_8525_escalated,1
heavy,11,0.005,2,shot_8525_contaminated,0
heavy,11,0.005,2,shot_8734,0
heavy,11,0.005,2,shot_8734_num_defects,92
heavy,11,0.005,2,shot_8734_phase1_ns,123143
heavy,11,0.005,2,shot_8734_harvest_ns,23424
heavy,11,0.005,2,shot_8734_escalation_ns,85792
heavy,11,0.005,2,shot_8734_stock_ns,85732
heavy,11,0.005,2,shot_8734_total_ns,232779
heavy,11,0.005,2,shot_8734_exact_reference_ns,63551
heavy,11,0.005,2,shot_8734_escalated,1
heavy,11,0.005,2,shot_8734_contaminated,0
heavy,11,0.005,2,shot_9013,0
heavy,11,0.005,2,shot_9013_num_defects,85
heavy,11,0.005,2,shot_9013_phase1_ns,114105
heavy,11,0.005,2,shot_9013_harvest_ns,25368
heavy,11,0.005,2,shot_9013_escalation_ns,60794
heavy,11,0.005,2,shot_9013_stock_ns,60735
heavy,11,0.005,2,shot_9013_total_ns,200508
heavy,11,0.005,2,shot_9013_exact_reference_ns,40296
heavy,11,0.005,2,shot_9013_escalated,1
heavy,11,0.005,2,shot_9013_contaminated,0
heavy,11,0.005,2,shot_9124,0
heavy,11,0.005,2,shot_9124_num_defects,77
heavy,11,0.005,2,shot_9124_phase1_ns,97433
heavy,11,0.005,2,shot_9124_harvest_ns,22713
heavy,11,0.005,2,shot_9124_escalation_ns,47099
heavy,11,0.005,2,shot_9124_stock_ns,47048
heavy,11,0.005,2,shot_9124_total_ns,167516
heavy,11,0.005,2,shot_9124_exact_reference_ns,31049
heavy,11,0.005,2,shot_9124_escalated,1
heavy,11,0.005,2,shot_9124_contaminated,0
heavy,11,0.005,2,shot_9423,0
heavy,11,0.005,2,shot_9423_num_defects,91
heavy,11,0.005,2,shot_9423_phase1_ns,129384
heavy,11,0.005,2,shot_9423_harvest_ns,24115
heavy,11,0.005,2,shot_9423_escalation_ns,93656
heavy,11,0.005,2,shot_9423_stock_ns,93606
heavy,11,0.005,2,shot_9423_total_ns,247387
heavy,11,0.005,2,shot_9423_exact_reference_ns,84089
heavy,11,0.005,2,shot_9423_escalated,1
heavy,11,0.005,2,shot_9423_contaminated,0
heavy,11,0.005,2,shot_9504,0
heavy,11,0.005,2,shot_9504_num_defects,101
heavy,11,0.005,2,shot_9504_phase1_ns,127730
heavy,11,0.005,2,shot_9504_harvest_ns,20469
heavy,11,0.005,2,shot_9504_escalation_ns,62117
heavy,11,0.005,2,shot_9504_stock_ns,62057
heavy,11,0.005,2,shot_9504_total_ns,210537
heavy,11,0.005,2,shot_9504_exact_reference_ns,43833
heavy,11,0.005,2,shot_9504_escalated,1
heavy,11,0.005,2,shot_9504_contaminated,0
heavy,11,0.005,2,shot_9578,0
heavy,11,0.005,2,shot_9578_num_defects,86
heavy,11,0.005,2,shot_9578_phase1_ns,122912
heavy,11,0.005,2,shot_9578_harvest_ns,20899
heavy,11,0.005,2,shot_9578_escalation_ns,65354
heavy,11,0.005,2,shot_9578_stock_ns,65293
heavy,11,0.005,2,shot_9578_total_ns,209455
heavy,11,0.005,2,shot_9578_exact_reference_ns,46738
heavy,11,0.005,2,shot_9578_escalated,1
heavy,11,0.005,2,shot_9578_contaminated,0
heavy,11,0.005,2,shot_9715,0
heavy,11,0.005,2,shot_9715_num_defects,114
heavy,11,0.005,2,shot_9715_phase1_ns,160493
heavy,11,0.005,2,shot_9715_harvest_ns,16120
heavy,11,0.005,2,shot_9715_escalation_ns,111340
heavy,11,0.005,2,shot_9715_stock_ns,111290
heavy,11,0.005,2,shot_9715_total_ns,288374
heavy,11,0.005,2,shot_9715_exact_reference_ns,92735
heavy,11,0.005,2,shot_9715_escalated,1
heavy,11,0.005,2,shot_9715_contaminated,0
heavy,11,0.005,2,shot_9797,0
heavy,11,0.005,2,shot_9797_num_defects,93
heavy,11,0.005,2,shot_9797_phase1_ns,122891
heavy,11,0.005,2,shot_9797_harvest_ns,20349
heavy,11,0.005,2,shot_9797_escalation_ns,48761
heavy,11,0.005,2,shot_9797_stock_ns,48711
heavy,11,0.005,2,shot_9797_total_ns,192232
heavy,11,0.005,2,shot_9797_exact_reference_ns,31600
heavy,11,0.005,2,shot_9797_escalated,1
heavy,11,0.005,2,shot_9797_contaminated,0
heavy,11,0.005,2,shot_9834,0
heavy,11,0.005,2,shot_9834_num_defects,98
heavy,11,0.005,2,shot_9834_phase1_ns,146587
heavy,11,0.005,2,shot_9834_harvest_ns,20999
heavy,11,0.005,2,shot_9834_escalation_ns,94348
heavy,11,0.005,2,shot_9834_stock_ns,94278
heavy,11,0.005,2,shot_9834_total_ns,262184
heavy,11,0.005,2,shot_9834_exact_reference_ns,62708
heavy,11,0.005,2,shot_9834_escalated,1
heavy,11,0.005,2,shot_9834_contaminated,0
heavy,11,0.005,2,shot_10007,0
heavy,11,0.005,2,shot_10007_num_defects,101
heavy,11,0.005,2,shot_10007_phase1_ns,128843
heavy,11,0.005,2,shot_10007_harvest_ns,20519
heavy,11,0.005,2,shot_10007_escalation_ns,91182
heavy,11,0.005,2,shot_10007_stock_ns,91122
heavy,11,0.005,2,shot_10007_total_ns,240774
heavy,11,0.005,2,shot_10007_exact_reference_ns,78057
heavy,11,0.005,2,shot_10007_escalated,1
heavy,11,0.005,2,shot_10007_contaminated,0
heavy,11,0.005,2,shot_10063,0
heavy,11,0.005,2,shot_10063_num_defects,102
heavy,11,0.005,2,shot_10063_phase1_ns,144011
heavy,11,0.005,2,shot_10063_harvest_ns,18395
heavy,11,0.005,2,shot_10063_escalation_ns,84820
heavy,11,0.005,2,shot_10063_stock_ns,84770
heavy,11,0.005,2,shot_10063_total_ns,247516
heavy,11,0.005,2,shot_10063_exact_reference_ns,63740
heavy,11,0.005,2,shot_10063_escalated,1
heavy,11,0.005,2,shot_10063_contaminated,0
heavy,11,0.005,2,shot_10069,0
heavy,11,0.005,2,shot_10069_num_defects,96
heavy,11,0.005,2,shot_10069_phase1_ns,122641
heavy,11,0.005,2,shot_10069_harvest_ns,13926
heavy,11,0.005,2,shot_10069_escalation_ns,71435
heavy,11,0.005,2,shot_10069_stock_ns,71385
heavy,11,0.005,2,shot_10069_total_ns,208213
heavy,11,0.005,2,shot_10069_exact_reference_ns,56076
heavy,11,0.005,2,shot_10069_escalated,1
heavy,11,0.005,2,shot_10069_contaminated,0
heavy,11,0.005,2,shot_10207,0
heavy,11,0.005,2,shot_10207_num_defects,72
heavy,11,0.005,2,shot_10207_phase1_ns,96522
heavy,11,0.005,2,shot_10207_harvest_ns,21250
heavy,11,0.005,2,shot_10207_escalation_ns,79169
heavy,11,0.005,2,shot_10207_stock_ns,79119
heavy,11,0.005,2,shot_10207_total_ns,197462
heavy,11,0.005,2,shot_10207_exact_reference_ns,60334
heavy,11,0.005,2,shot_10207_escalated,1
heavy,11,0.005,2,shot_10207_contaminated,0
heavy,11,0.005,2,shot_10285,0
heavy,11,0.005,2,shot_10285_num_defects,81
heavy,11,0.005,2,shot_10285_phase1_ns,104156
heavy,11,0.005,2,shot_10285_harvest_ns,21400
heavy,11,0.005,2,shot_10285_escalation_ns,48311
heavy,11,0.005,2,shot_10285_stock_ns,48241
heavy,11,0.005,2,shot_10285_total_ns,174089
heavy,11,0.005,2,shot_10285_exact_reference_ns,32131
heavy,11,0.005,2,shot_10285_escalated,1
heavy,11,0.005,2,shot_10285_contaminated,0
heavy,11,0.005,2,shot_10641,0
heavy,11,0.005,2,shot_10641_num_defects,100
heavy,11,0.005,2,shot_10641_phase1_ns,135365
heavy,11,0.005,2,shot_10641_harvest_ns,27422
heavy,11,0.005,2,shot_10641_escalation_ns,98737
heavy,11,0.005,2,shot_10641_stock_ns,98595
heavy,11,0.005,2,shot_10641_total_ns,261764
heavy,11,0.005,2,shot_10641_exact_reference_ns,76335
heavy,11,0.005,2,shot_10641_escalated,1
heavy,11,0.005,2,shot_10641_contaminated,0
heavy,11,0.005,2,shot_10877,0
heavy,11,0.005,2,shot_10877_num_defects,75
heavy,11,0.005,2,shot_10877_phase1_ns,99578
heavy,11,0.005,2,shot_10877_harvest_ns,27311
heavy,11,0.005,2,shot_10877_escalation_ns,64902
heavy,11,0.005,2,shot_10877_stock_ns,64842
heavy,11,0.005,2,shot_10877_total_ns,192202
heavy,11,0.005,2,shot_10877_exact_reference_ns,44524
heavy,11,0.005,2,shot_10877_escalated,1
heavy,11,0.005,2,shot_10877_contaminated,0
heavy,11,0.005,2,shot_11020,0
heavy,11,0.005,2,shot_11020_num_defects,81
heavy,11,0.005,2,shot_11020_phase1_ns,98164
heavy,11,0.005,2,shot_11020_harvest_ns,20078
heavy,11,0.005,2,shot_11020_escalation_ns,42359
heavy,11,0.005,2,shot_11020_stock_ns,42300
heavy,11,0.005,2,shot_11020_total_ns,160834
heavy,11,0.005,2,shot_11020_exact_reference_ns,25668
heavy,11,0.005,2,shot_11020_escalated,1
heavy,11,0.005,2,shot_11020_contaminated,0
heavy,11,0.005,2,shot_11046,0
heavy,11,0.005,2,shot_11046_num_defects,121
heavy,11,0.005,2,shot_11046_phase1_ns,211028
heavy,11,0.005,2,shot_11046_harvest_ns,27662
heavy,11,0.005,2,shot_11046_escalation_ns,180711
heavy,11,0.005,2,shot_11046_stock_ns,180600
heavy,11,0.005,2,shot_11046_total_ns,420011
heavy,11,0.005,2,shot_11046_exact_reference_ns,96051
heavy,11,0.005,2,shot_11046_escalated,1
heavy,11,0.005,2,shot_11046_contaminated,0
heavy,11,0.005,2,shot_11352,0
heavy,11,0.005,2,shot_11352_num_defects,104
heavy,11,0.005,2,shot_11352_phase1_ns,145594
heavy,11,0.005,2,shot_11352_harvest_ns,24497
heavy,11,0.005,2,shot_11352_escalation_ns,83247
heavy,11,0.005,2,shot_11352_stock_ns,83187
heavy,11,0.005,2,shot_11352_total_ns,253547
heavy,11,0.005,2,shot_11352_exact_reference_ns,60544
heavy,11,0.005,2,shot_11352_escalated,1
heavy,11,0.005,2,shot_11352_contaminated,0
heavy,11,0.005,2,shot_11569,0
heavy,11,0.005,2,shot_11569_num_defects,107
heavy,11,0.005,2,shot_11569_phase1_ns,215376
heavy,11,0.005,2,shot_11569_harvest_ns,20960
heavy,11,0.005,2,shot_11569_escalation_ns,162066
heavy,11,0.005,2,shot_11569_stock_ns,161925
heavy,11,0.005,2,shot_11569_total_ns,398652
heavy,11,0.005,2,shot_11569_exact_reference_ns,135015
heavy,11,0.005,2,shot_11569_escalated,1
heavy,11,0.005,2,shot_11569_contaminated,0
heavy,11,0.005,2,shot_11972,0
heavy,11,0.005,2,shot_11972_num_defects,93
heavy,11,0.005,2,shot_11972_phase1_ns,126888
heavy,11,0.005,2,shot_11972_harvest_ns,22403
heavy,11,0.005,2,shot_11972_escalation_ns,82716
heavy,11,0.005,2,shot_11972_stock_ns,82586
heavy,11,0.005,2,shot_11972_total_ns,232238
heavy,11,0.005,2,shot_11972_exact_reference_ns,55825
heavy,11,0.005,2,shot_11972_escalated,1
heavy,11,0.005,2,shot_11972_contaminated,0
heavy,11,0.005,2,shot_12549,0
heavy,11,0.005,2,shot_12549_num_defects,151
heavy,11,0.005,2,shot_12549_phase1_ns,364918
heavy,11,0.005,2,shot_12549_harvest_ns,6883
heavy,11,0.005,2,shot_12549_escalation_ns,0
heavy,11,0.005,2,shot_12549_stock_ns,0
heavy,11,0.005,2,shot_12549_total_ns,371901
heavy,11,0.005,2,shot_12549_exact_reference_ns,135736
heavy,11,0.005,2,shot_12549_escalated,0
heavy,11,0.005,2,shot_12549_contaminated,0
heavy,11,0.005,2,shot_12570,0
heavy,11,0.005,2,shot_12570_num_defects,94
heavy,11,0.005,2,shot_12570_phase1_ns,133112
heavy,11,0.005,2,shot_12570_harvest_ns,31599
heavy,11,0.005,2,shot_12570_escalation_ns,88056
heavy,11,0.005,2,shot_12570_stock_ns,87996
heavy,11,0.005,2,shot_12570_total_ns,253047
heavy,11,0.005,2,shot_12570_exact_reference_ns,56036
heavy,11,0.005,2,shot_12570_escalated,1
heavy,11,0.005,2,shot_12570_contaminated,0
heavy,11,0.005,2,shot_12594,0
heavy,11,0.005,2,shot_12594_num_defects,110
heavy,11,0.005,2,shot_12594_phase1_ns,177855
heavy,11,0.005,2,shot_12594_harvest_ns,18485
heavy,11,0.005,2,shot_12594_escalation_ns,74691
heavy,11,0.005,2,shot_12594_stock_ns,74621
heavy,11,0.005,2,shot_12594_total_ns,271292
heavy,11,0.005,2,shot_12594_exact_reference_ns,54051
heavy,11,0.005,2,shot_12594_escalated,1
heavy,11,0.005,2,shot_12594_contaminated,1
heavy,11,0.005,2,shot_12731,0
heavy,11,0.005,2,shot_12731_num_defects,109
heavy,11,0.005,2,shot_12731_phase1_ns,169139
heavy,11,0.005,2,shot_12731_harvest_ns,25017
heavy,11,0.005,2,shot_12731_escalation_ns,98246
heavy,11,0.005,2,shot_12731_stock_ns,98125
heavy,11,0.005,2,shot_12731_total_ns,292552
heavy,11,0.005,2,shot_12731_exact_reference_ns,72727
heavy,11,0.005,2,shot_12731_escalated,1
heavy,11,0.005,2,shot_12731_contaminated,0
heavy,11,0.005,2,shot_13180,0
heavy,11,0.005,2,shot_13180_num_defects,93
heavy,11,0.005,2,shot_13180_phase1_ns,166112
heavy,11,0.005,2,shot_13180_harvest_ns,37261
heavy,11,0.005,2,shot_13180_escalation_ns,77887
heavy,11,0.005,2,shot_13180_stock_ns,77827
heavy,11,0.005,2,shot_13180_total_ns,281471
heavy,11,0.005,2,shot_13180_exact_reference_ns,41217
heavy,11,0.005,2,shot_13180_escalated,1
heavy,11,0.005,2,shot_13180_contaminated,0
heavy,11,0.005,2,shot_13212,0
heavy,11,0.005,2,shot_13212_num_defects,76
heavy,11,0.005,2,shot_13212_phase1_ns,122351
heavy,11,0.005,2,shot_13212_harvest_ns,25077
heavy,11,0.005,2,shot_13212_escalation_ns,124955
heavy,11,0.005,2,shot_13212_stock_ns,124915
heavy,11,0.005,2,shot_13212_total_ns,272754
heavy,11,0.005,2,shot_13212_exact_reference_ns,81213
heavy,11,0.005,2,shot_13212_escalated,1
heavy,11,0.005,2,shot_13212_contaminated,0
heavy,11,0.005,2,shot_13333,0
heavy,11,0.005,2,shot_13333_num_defects,103
heavy,11,0.005,2,shot_13333_phase1_ns,182032
heavy,11,0.005,2,shot_13333_harvest_ns,29616
heavy,11,0.005,2,shot_13333_escalation_ns,73699
heavy,11,0.005,2,shot_13333_stock_ns,73639
heavy,11,0.005,2,shot_13333_total_ns,285588
heavy,11,0.005,2,shot_13333_exact_reference_ns,34475
heavy,11,0.005,2,shot_13333_escalated,1
heavy,11,0.005,2,shot_13333_contaminated,0
heavy,11,0.005,2,shot_13363,0
heavy,11,0.005,2,shot_13363_num_defects,145
heavy,11,0.005,2,shot_13363_phase1_ns,299485
heavy,11,0.005,2,shot_13363_harvest_ns,9468
heavy,11,0.005,2,shot_13363_escalation_ns,0
heavy,11,0.005,2,shot_13363_stock_ns,0
heavy,11,0.005,2,shot_13363_total_ns,309153
heavy,11,0.005,2,shot_13363_exact_reference_ns,127240
heavy,11,0.005,2,shot_13363_escalated,0
heavy,11,0.005,2,shot_13363_contaminated,0
heavy,11,0.005,2,shot_13448,0
heavy,11,0.005,2,shot_13448_num_defects,111
heavy,11,0.005,2,shot_13448_phase1_ns,241105
heavy,11,0.005,2,shot_13448_harvest_ns,48020
heavy,11,0.005,2,shot_13448_escalation_ns,146686
heavy,11,0.005,2,shot_13448_stock_ns,146637
heavy,11,0.005,2,shot_13448_total_ns,436202
heavy,11,0.005,2,shot_13448_exact_reference_ns,79861
heavy,11,0.005,2,shot_13448_escalated,1
heavy,11,0.005,2,shot_13448_contaminated,0
heavy,11,0.005,2,shot_13549,0
heavy,11,0.005,2,shot_13549_num_defects,100
heavy,11,0.005,2,shot_13549_phase1_ns,187103
heavy,11,0.005,2,shot_13549_harvest_ns,33273
heavy,11,0.005,2,shot_13549_escalation_ns,111921
heavy,11,0.005,2,shot_13549_stock_ns,111601
heavy,11,0.005,2,shot_13549_total_ns,332547
heavy,11,0.005,2,shot_13549_exact_reference_ns,58851
heavy,11,0.005,2,shot_13549_escalated,1
heavy,11,0.005,2,shot_13549_contaminated,0
heavy,11,0.005,2,shot_13909,0
heavy,11,0.005,2,shot_13909_num_defects,145
heavy,11,0.005,2,shot_13909_phase1_ns,263797
heavy,11,0.005,2,shot_13909_harvest_ns,6883
heavy,11,0.005,2,shot_13909_escalation_ns,0
heavy,11,0.005,2,shot_13909_stock_ns,0
heavy,11,0.005,2,shot_13909_total_ns,270781
heavy,11,0.005,2,shot_13909_exact_reference_ns,187043
heavy,11,0.005,2,shot_13909_escalated,0
heavy,11,0.005,2,shot_13909_contaminated,0
heavy,11,0.005,2,shot_14050,0
heavy,11,0.005,2,shot_14050_num_defects,101
heavy,11,0.005,2,shot_14050_phase1_ns,129483
heavy,11,0.005,2,shot_14050_harvest_ns,29456
heavy,11,0.005,2,shot_14050_escalation_ns,63880
heavy,11,0.005,2,shot_14050_stock_ns,63770
heavy,11,0.005,2,shot_14050_total_ns,223080
heavy,11,0.005,2,shot_14050_exact_reference_ns,43121
heavy,11,0.005,2,shot_14050_escalated,1
heavy,11,0.005,2,shot_14050_contaminated,0
heavy,11,0.005,2,shot_14054,0
heavy,11,0.005,2,shot_14054_num_defects,101
heavy,11,0.005,2,shot_14054_phase1_ns,149881
heavy,11,0.005,2,shot_14054_harvest_ns,11923
heavy,11,0.005,2,shot_14054_escalation_ns,84128
heavy,11,0.005,2,shot_14054_stock_ns,84078
heavy,11,0.005,2,shot_14054_total_ns,246074
heavy,11,0.005,2,shot_14054_exact_reference_ns,64541
heavy,11,0.005,2,shot_14054_escalated,1
heavy,11,0.005,2,shot_14054_contaminated,0
heavy,11,0.005,2,shot_14070,0
heavy,11,0.005,2,shot_14070_num_defects,95
heavy,11,0.005,2,shot_14070_phase1_ns,147398
heavy,11,0.005,2,shot_14070_harvest_ns,20929
heavy,11,0.005,2,shot_14070_escalation_ns,93176
heavy,11,0.005,2,shot_14070_stock_ns,93116
heavy,11,0.005,2,shot_14070_total_ns,261764
heavy,11,0.005,2,shot_14070_exact_reference_ns,73658
heavy,11,0.005,2,shot_14070_escalated,1
heavy,11,0.005,2,shot_14070_contaminated,0
heavy,11,0.005,2,shot_14389,0
heavy,11,0.005,2,shot_14389_num_defects,92
heavy,11,0.005,2,shot_14389_phase1_ns,118273
heavy,11,0.005,2,shot_14389_harvest_ns,25188
heavy,11,0.005,2,shot_14389_escalation_ns,92204
heavy,11,0.005,2,shot_14389_stock_ns,92153
heavy,11,0.005,2,shot_14389_total_ns,235925
heavy,11,0.005,2,shot_14389_exact_reference_ns,72757
heavy,11,0.005,2,shot_14389_escalated,1
heavy,11,0.005,2,shot_14389_contaminated,0
heavy,11,0.005,2,shot_14479,0
heavy,11,0.005,2,shot_14479_num_defects,101
heavy,11,0.005,2,shot_14479_phase1_ns,145896
heavy,11,0.005,2,shot_14479_harvest_ns,25287
heavy,11,0.005,2,shot_14479_escalation_ns,92474
heavy,11,0.005,2,shot_14479_stock_ns,92414
heavy,11,0.005,2,shot_14479_total_ns,263888
heavy,11,0.005,2,shot_14479_exact_reference_ns,66155
heavy,11,0.005,2,shot_14479_escalated,1
heavy,11,0.005,2,shot_14479_contaminated,0
heavy,11,0.005,2,shot_14537,0
heavy,11,0.005,2,shot_14537_num_defects,126
heavy,11,0.005,2,shot_14537_phase1_ns,192683
heavy,11,0.005,2,shot_14537_harvest_ns,17092
heavy,11,0.005,2,shot_14537_escalation_ns,116088
heavy,11,0.005,2,shot_14537_stock_ns,116039
heavy,11,0.005,2,shot_14537_total_ns,326105
heavy,11,0.005,2,shot_14537_exact_reference_ns,93607
heavy,11,0.005,2,shot_14537_escalated,1
heavy,11,0.005,2,shot_14537_contaminated,0
heavy,11,0.005,2,shot_14825,0
heavy,11,0.005,2,shot_14825_num_defects,121
heavy,11,0.005,2,shot_14825_phase1_ns,178908
heavy,11,0.005,2,shot_14825_harvest_ns,23684
heavy,11,0.005,2,shot_14825_escalation_ns,128552
heavy,11,0.005,2,shot_14825_stock_ns,128502
heavy,11,0.005,2,shot_14825_total_ns,331415
heavy,11,0.005,2,shot_14825_exact_reference_ns,96883
heavy,11,0.005,2,shot_14825_escalated,1
heavy,11,0.005,2,shot_14825_contaminated,0
heavy,11,0.005,2,shot_15002,0
heavy,11,0.005,2,shot_15002_num_defects,87
heavy,11,0.005,2,shot_15002_phase1_ns,117823
heavy,11,0.005,2,shot_15002_harvest_ns,21881
heavy,11,0.005,2,shot_15002_escalation_ns,75743
heavy,11,0.005,2,shot_15002_stock_ns,75693
heavy,11,0.005,2,shot_15002_total_ns,215687
heavy,11,0.005,2,shot_15002_exact_reference_ns,57879
heavy,11,0.005,2,shot_15002_escalated,1
heavy,11,0.005,2,shot_15002_contaminated,0
heavy,11,0.005,2,shot_15068,0
heavy,11,0.005,2,shot_15068_num_defects,87
heavy,11,0.005,2,shot_15068_phase1_ns,109096
heavy,11,0.005,2,shot_15068_harvest_ns,21811
heavy,11,0.005,2,shot_15068_escalation_ns,78678
heavy,11,0.005,2,shot_15068_stock_ns,78618
heavy,11,0.005,2,shot_15068_total_ns,209846
heavy,11,0.005,2,shot_15068_exact_reference_ns,57850
heavy,11,0.005,2,shot_15068_escalated,1
heavy,11,0.005,2,shot_15068_contaminated,0
heavy,11,0.005,2,shot_15114,0
heavy,11,0.005,2,shot_15114_num_defects,78
heavy,11,0.005,2,shot_15114_phase1_ns,100059
heavy,11,0.005,2,shot_15114_harvest_ns,20909
heavy,11,0.005,2,shot_15114_escalation_ns,60494
heavy,11,0.005,2,shot_15114_stock_ns,60454
heavy,11,0.005,2,shot_15114_total_ns,181702
heavy,11,0.005,2,shot_15114_exact_reference_ns,41949
heavy,11,0.005,2,shot_15114_escalated,1
heavy,11,0.005,2,shot_15114_contaminated,0
heavy,11,0.005,2,shot_15164,0
heavy,11,0.005,2,shot_15164_num_defects,86
heavy,11,0.005,2,shot_15164_phase1_ns,121088
heavy,11,0.005,2,shot_15164_harvest_ns,27131
heavy,11,0.005,2,shot_15164_escalation_ns,73698
heavy,11,0.005,2,shot_15164_stock_ns,73579
heavy,11,0.005,2,shot_15164_total_ns,222118
heavy,11,0.005,2,shot_15164_exact_reference_ns,41679
heavy,11,0.005,2,shot_15164_escalated,1
heavy,11,0.005,2,shot_15164_contaminated,0
heavy,11,0.005,2,shot_15291,0
heavy,11,0.005,2,shot_15291_num_defects,143
heavy,11,0.005,2,shot_15291_phase1_ns,217389
heavy,11,0.005,2,shot_15291_harvest_ns,4930
heavy,11,0.005,2,shot_15291_escalation_ns,0
heavy,11,0.005,2,shot_15291_stock_ns,0
heavy,11,0.005,2,shot_15291_total_ns,222429
heavy,11,0.005,2,shot_15291_exact_reference_ns,77857
heavy,11,0.005,2,shot_15291_escalated,0
heavy,11,0.005,2,shot_15291_contaminated,0
heavy,11,0.005,2,shot_15360,0
heavy,11,0.005,2,shot_15360_num_defects,97
heavy,11,0.005,2,shot_15360_phase1_ns,132329
heavy,11,0.005,2,shot_15360_harvest_ns,22653
heavy,11,0.005,2,shot_15360_escalation_ns,70564
heavy,11,0.005,2,shot_15360_stock_ns,70512
heavy,11,0.005,2,shot_15360_total_ns,225785
heavy,11,0.005,2,shot_15360_exact_reference_ns,49303
heavy,11,0.005,2,shot_15360_escalated,1
heavy,11,0.005,2,shot_15360_contaminated,0
heavy,11,0.005,2,shot_15464,0
heavy,11,0.005,2,shot_15464_num_defects,85
heavy,11,0.005,2,shot_15464_phase1_ns,115117
heavy,11,0.005,2,shot_15464_harvest_ns,20949
heavy,11,0.005,2,shot_15464_escalation_ns,59883
heavy,11,0.005,2,shot_15464_stock_ns,59832
heavy,11,0.005,2,shot_15464_total_ns,196210
heavy,11,0.005,2,shot_15464_exact_reference_ns,41659
heavy,11,0.005,2,shot_15464_escalated,1
heavy,11,0.005,2,shot_15464_contaminated,0
heavy,11,0.005,2,shot_15550,0
heavy,11,0.005,2,shot_15550_num_defects,82
heavy,11,0.005,2,shot_15550_phase1_ns,99799
heavy,11,0.005,2,shot_15550_harvest_ns,18524
heavy,11,0.005,2,shot_15550_escalation_ns,59412
heavy,11,0.005,2,shot_15550_stock_ns,59362
heavy,11,0.005,2,shot_15550_total_ns,177965
heavy,11,0.005,2,shot_15550_exact_reference_ns,40487
heavy,11,0.005,2,shot_15550_escalated,1
heavy,11,0.005,2,shot_15550_contaminated,0
heavy,11,0.005,2,shot_15622,0
heavy,11,0.005,2,shot_15622_num_defects,103
heavy,11,0.005,2,shot_15622_phase1_ns,135385
heavy,11,0.005,2,shot_15622_harvest_ns,26810
heavy,11,0.005,2,shot_15622_escalation_ns,91953
heavy,11,0.005,2,shot_15622_stock_ns,91783
heavy,11,0.005,2,shot_15622_total_ns,254369
heavy,11,0.005,2,shot_15622_exact_reference_ns,58059
heavy,11,0.005,2,shot_15622_escalated,1
heavy,11,0.005,2,shot_15622_contaminated,0
heavy,11,0.005,2,shot_15663,0
heavy,11,0.005,2,shot_15663_num_defects,74
heavy,11,0.005,2,shot_15663_phase1_ns,97874
heavy,11,0.005,2,shot_15663_harvest_ns,21561
heavy,11,0.005,2,shot_15663_escalation_ns,104117
heavy,11,0.005,2,shot_15663_stock_ns,103976
heavy,11,0.005,2,shot_15663_total_ns,223812
heavy,11,0.005,2,shot_15663_exact_reference_ns,81815
heavy,11,0.005,2,shot_15663_escalated,1
heavy,11,0.005,2,shot_15663_contaminated,0
heavy,11,0.005,2,shot_15937,0
heavy,11,0.005,2,shot_15937_num_defects,78
heavy,11,0.005,2,shot_15937_phase1_ns,98655
heavy,11,0.005,2,shot_15937_harvest_ns,20349
heavy,11,0.005,2,shot_15937_escalation_ns,60023
heavy,11,0.005,2,shot_15937_stock_ns,59973
heavy,11,0.005,2,shot_15937_total_ns,179268
heavy,11,0.005,2,shot_15937_exact_reference_ns,40717
heavy,11,0.005,2,shot_15937_escalated,1
heavy,11,0.005,2,shot_15937_contaminated,0
heavy,11,0.005,2,shot_16091,0
heavy,11,0.005,2,shot_16091_num_defects,118
heavy,11,0.005,2,shot_16091_phase1_ns,184487
heavy,11,0.005,2,shot_16091_harvest_ns,22984
heavy,11,0.005,2,shot_16091_escalation_ns,108194
heavy,11,0.005,2,shot_16091_stock_ns,108134
heavy,11,0.005,2,shot_16091_total_ns,315985
heavy,11,0.005,2,shot_16091_exact_reference_ns,76704
heavy,11,0.005,2,shot_16091_escalated,1
heavy,11,0.005,2,shot_16091_contaminated,0
heavy,11,0.005,2,shot_16130,0
heavy,11,0.005,2,shot_16130_num_defects,84
heavy,11,0.005,2,shot_16130_phase1_ns,109636
heavy,11,0.005,2,shot_16130_harvest_ns,22062
heavy,11,0.005,2,shot_16130_escalation_ns,60895
heavy,11,0.005,2,shot_16130_stock_ns,60834
heavy,11,0.005,2,shot_16130_total_ns,192813
heavy,11,0.005,2,shot_16130_exact_reference_ns,40025
heavy,11,0.005,2,shot_16130_escalated,1
heavy,11,0.005,2,shot_16130_contaminated,0
heavy,11,0.005,2,shot_16170,0
heavy,11,0.005,2,shot_16170_num_defects,111
heavy,11,0.005,2,shot_16170_phase1_ns,169891
heavy,11,0.005,2,shot_16170_harvest_ns,23634
heavy,11,0.005,2,shot_16170_escalation_ns,97995
heavy,11,0.005,2,shot_16170_stock_ns,97955
heavy,11,0.005,2,shot_16170_total_ns,291780
heavy,11,0.005,2,shot_16170_exact_reference_ns,73999
heavy,11,0.005,2,shot_16170_escalated,1
heavy,11,0.005,2,shot_16170_contaminated,1
heavy,11,0.005,2,shot_16202,0
heavy,11,0.005,2,shot_16202_num_defects,82
heavy,11,0.005,2,shot_16202_phase1_ns,97534
heavy,11,0.005,2,shot_16202_harvest_ns,16341
heavy,11,0.005,2,shot_16202_escalation_ns,94097
heavy,11,0.005,2,shot_16202_stock_ns,94047
heavy,11,0.005,2,shot_16202_total_ns,208222
heavy,11,0.005,2,shot_16202_exact_reference_ns,75572
heavy,11,0.005,2,shot_16202_escalated,1
heavy,11,0.005,2,shot_16202_contaminated,0
heavy,11,0.005,2,shot_16275,0
heavy,11,0.005,2,shot_16275_num_defects,131
heavy,11,0.005,2,shot_16275_phase1_ns,199146
heavy,11,0.005,2,shot_16275_harvest_ns,16621
heavy,11,0.005,2,shot_16275_escalation_ns,102232
heavy,11,0.005,2,shot_16275_stock_ns,102172
heavy,11,0.005,2,shot_16275_total_ns,318270
heavy,11,0.005,2,shot_16275_exact_reference_ns,78588
heavy,11,0.005,2,shot_16275_escalated,1
heavy,11,0.005,2,shot_16275_contaminated,0
heavy,11,0.005,2,shot_16319,0
heavy,11,0.005,2,shot_16319_num_defects,120
heavy,11,0.005,2,shot_16319_phase1_ns,165612
heavy,11,0.005,2,shot_16319_harvest_ns,15549
heavy,11,0.005,2,shot_16319_escalation_ns,87705
heavy,11,0.005,2,shot_16319_stock_ns,87645
heavy,11,0.005,2,shot_16319_total_ns,269097
heavy,11,0.005,2,shot_16319_exact_reference_ns,67186
heavy,11,0.005,2,shot_16319_escalated,1
heavy,11,0.005,2,shot_16319_contaminated,0
heavy,11,0.005,2,shot_16366,0
heavy,11,0.005,2,shot_16366_num_defects,83
heavy,11,0.005,2,shot_16366_phase1_ns,117451
heavy,11,0.005,2,shot_16366_harvest_ns,24156
heavy,11,0.005,2,shot_16366_escalation_ns,60855
heavy,11,0.005,2,shot_16366_stock_ns,60785
heavy,11,0.005,2,shot_16366_total_ns,202652
heavy,11,0.005,2,shot_16366_exact_reference_ns,35547
heavy,11,0.005,2,shot_16366_escalated,1
heavy,11,0.005,2,shot_16366_contaminated,0
heavy,11,0.005,2,shot_16570,0
heavy,11,0.005,2,shot_16570_num_defects,115
heavy,11,0.005,2,shot_16570_phase1_ns,164209
heavy,11,0.005,2,shot_16570_harvest_ns,20669
heavy,11,0.005,2,shot_16570_escalation_ns,88918
heavy,11,0.005,2,shot_16570_stock_ns,88857
heavy,11,0.005,2,shot_16570_total_ns,274047
heavy,11,0.005,2,shot_16570_exact_reference_ns,67357
heavy,11,0.005,2,shot_16570_escalated,1
heavy,11,0.005,2,shot_16570_contaminated,0
heavy,11,0.005,2,shot_16602,0
heavy,11,0.005,2,shot_16602_num_defects,99
heavy,11,0.005,2,shot_16602_phase1_ns,143320
heavy,11,0.005,2,shot_16602_harvest_ns,16581
heavy,11,0.005,2,shot_16602_escalation_ns,71645
heavy,11,0.005,2,shot_16602_stock_ns,71605
heavy,11,0.005,2,shot_16602_total_ns,232027
heavy,11,0.005,2,shot_16602_exact_reference_ns,52870
heavy,11,0.005,2,shot_16602_escalated,1
heavy,11,0.005,2,shot_16602_contaminated,0
heavy,11,0.005,2,shot_16622,0
heavy,11,0.005,2,shot_16622_num_defects,96
heavy,11,0.005,2,shot_16622_phase1_ns,142008
heavy,11,0.005,2,shot_16622_harvest_ns,21941
heavy,11,0.005,2,shot_16622_escalation_ns,70563
heavy,11,0.005,2,shot_16622_stock_ns,70423
heavy,11,0.005,2,shot_16622_total_ns,235093
heavy,11,0.005,2,shot_16622_exact_reference_ns,36418
heavy,11,0.005,2,shot_16622_escalated,1
heavy,11,0.005,2,shot_16622_contaminated,0
heavy,11,0.005,2,shot_16700,0
heavy,11,0.005,2,shot_16700_num_defects,156
heavy,11,0.005,2,shot_16700_phase1_ns,278515
heavy,11,0.005,2,shot_16700_harvest_ns,4899
heavy,11,0.005,2,shot_16700_escalation_ns,0
heavy,11,0.005,2,shot_16700_stock_ns,0
heavy,11,0.005,2,shot_16700_total_ns,283514
heavy,11,0.005,2,shot_16700_exact_reference_ns,83798
heavy,11,0.005,2,shot_16700_escalated,0
heavy,11,0.005,2,shot_16700_contaminated,0
heavy,11,0.005,2,shot_16938,0
heavy,11,0.005,2,shot_16938_num_defects,99
heavy,11,0.005,2,shot_16938_phase1_ns,143561
heavy,11,0.005,2,shot_16938_harvest_ns,29205
heavy,11,0.005,2,shot_16938_escalation_ns,109156
heavy,11,0.005,2,shot_16938_stock_ns,109106
heavy,11,0.005,2,shot_16938_total_ns,282152
heavy,11,0.005,2,shot_16938_exact_reference_ns,84479
heavy,11,0.005,2,shot_16938_escalated,1
heavy,11,0.005,2,shot_16938_contaminated,0
heavy,11,0.005,2,shot_16989,0
heavy,11,0.005,2,shot_16989_num_defects,67
heavy,11,0.005,2,shot_16989_phase1_ns,91442
heavy,11,0.005,2,shot_16989_harvest_ns,26530
heavy,11,0.005,2,shot_16989_escalation_ns,68950
heavy,11,0.005,2,shot_16989_stock_ns,68900
heavy,11,0.005,2,shot_16989_total_ns,187203
heavy,11,0.005,2,shot_16989_exact_reference_ns,44113
heavy,11,0.005,2,shot_16989_escalated,1
heavy,11,0.005,2,shot_16989_contaminated,0
heavy,11,0.005,2,shot_17082,0
heavy,11,0.005,2,shot_17082_num_defects,112
heavy,11,0.005,2,shot_17082_phase1_ns,169319
heavy,11,0.005,2,shot_17082_harvest_ns,22773
heavy,11,0.005,2,shot_17082_escalation_ns,100870
heavy,11,0.005,2,shot_17082_stock_ns,100810
heavy,11,0.005,2,shot_17082_total_ns,293513
heavy,11,0.005,2,shot_17082_exact_reference_ns,73268
heavy,11,0.005,2,shot_17082_escalated,1
heavy,11,0.005,2,shot_17082_contaminated,0
heavy,11,0.005,2,shot_17622,0
heavy,11,0.005,2,shot_17622_num_defects,109
heavy,11,0.005,2,shot_17622_phase1_ns,167466
heavy,11,0.005,2,shot_17622_harvest_ns,20479
heavy,11,0.005,2,shot_17622_escalation_ns,122010
heavy,11,0.005,2,shot_17622_stock_ns,121960
heavy,11,0.005,2,shot_17622_total_ns,310205
heavy,11,0.005,2,shot_17622_exact_reference_ns,96622
heavy,11,0.005,2,shot_17622_escalated,1
heavy,11,0.005,2,shot_17622_contaminated,0
heavy,11,0.005,2,shot_17685,0
heavy,11,0.005,2,shot_17685_num_defects,72
heavy,11,0.005,2,shot_17685_phase1_ns,86985
heavy,11,0.005,2,shot_17685_harvest_ns,20438
heavy,11,0.005,2,shot_17685_escalation_ns,71715
heavy,11,0.005,2,shot_17685_stock_ns,71645
heavy,11,0.005,2,shot_17685_total_ns,179388
heavy,11,0.005,2,shot_17685_exact_reference_ns,51968
heavy,11,0.005,2,shot_17685_escalated,1
heavy,11,0.005,2,shot_17685_contaminated,0
heavy,11,0.005,2,shot_17689,0
heavy,11,0.005,2,shot_17689_num_defects,143
heavy,11,0.005,2,shot_17689_phase1_ns,210887
heavy,11,0.005,2,shot_17689_harvest_ns,4739
heavy,11,0.005,2,shot_17689_escalation_ns,0
heavy,11,0.005,2,shot_17689_stock_ns,0
heavy,11,0.005,2,shot_17689_total_ns,215746
heavy,11,0.005,2,shot_17689_exact_reference_ns,66405
heavy,11,0.005,2,shot_17689_escalated,0
heavy,11,0.005,2,shot_17689_contaminated,0
heavy,11,0.005,2,shot_17979,0
heavy,11,0.005,2,shot_17979_num_defects,142
heavy,11,0.005,2,shot_17979_phase1_ns,225796
heavy,11,0.005,2,shot_17979_harvest_ns,4398
heavy,11,0.005,2,shot_17979_escalation_ns,0
heavy,11,0.005,2,shot_17979_stock_ns,0
heavy,11,0.005,2,shot_17979_total_ns,230304
heavy,11,0.005,2,shot_17979_exact_reference_ns,95500
heavy,11,0.005,2,shot_17979_escalated,0
heavy,11,0.005,2,shot_17979_contaminated,0
heavy,11,0.005,2,shot_18291,0
heavy,11,0.005,2,shot_18291_num_defects,113
heavy,11,0.005,2,shot_18291_phase1_ns,216397
heavy,11,0.005,2,shot_18291_harvest_ns,30077
heavy,11,0.005,2,shot_18291_escalation_ns,131648
heavy,11,0.005,2,shot_18291_stock_ns,131588
heavy,11,0.005,2,shot_18291_total_ns,378553
heavy,11,0.005,2,shot_18291_exact_reference_ns,76715
heavy,11,0.005,2,shot_18291_escalated,1
heavy,11,0.005,2,shot_18291_contaminated,0
heavy,11,0.005,2,shot_18522,0
heavy,11,0.005,2,shot_18522_num_defects,106
heavy,11,0.005,2,shot_18522_phase1_ns,166594
heavy,11,0.005,2,shot_18522_harvest_ns,22853
heavy,11,0.005,2,shot_18522_escalation_ns,136667
heavy,11,0.005,2,shot_18522_stock_ns,136608
heavy,11,0.005,2,shot_18522_total_ns,326495
heavy,11,0.005,2,shot_18522_exact_reference_ns,106050
heavy,11,0.005,2,shot_18522_escalated,1
heavy,11,0.005,2,shot_18522_contaminated,0
heavy,11,0.005,2,shot_18534,0
heavy,11,0.005,2,shot_18534_num_defects,95
heavy,11,0.005,2,shot_18534_phase1_ns,127210
heavy,11,0.005,2,shot_18534_harvest_ns,16932
heavy,11,0.005,2,shot_18534_escalation_ns,65554
heavy,11,0.005,2,shot_18534_stock_ns,65484
heavy,11,0.005,2,shot_18534_total_ns,209936
heavy,11,0.005,2,shot_18534_exact_reference_ns,43181
heavy,11,0.005,2,shot_18534_escalated,1
heavy,11,0.005,2,shot_18534_contaminated,0
heavy,11,0.005,2,shot_18535,0
heavy,11,0.005,2,shot_18535_num_defects,105
heavy,11,0.005,2,shot_18535_phase1_ns,164039
heavy,11,0.005,2,shot_18535_harvest_ns,12353
heavy,11,0.005,2,shot_18535_escalation_ns,78207
heavy,11,0.005,2,shot_18535_stock_ns,78157
heavy,11,0.005,2,shot_18535_total_ns,254720
heavy,11,0.005,2,shot_18535_exact_reference_ns,55845
heavy,11,0.005,2,shot_18535_escalated,1
heavy,11,0.005,2,shot_18535_contaminated,0
heavy,11,0.005,2,shot_18737,0
heavy,11,0.005,2,shot_18737_num_defects,92
heavy,11,0.005,2,shot_18737_phase1_ns,132720
heavy,11,0.005,2,shot_18737_harvest_ns,17563
heavy,11,0.005,2,shot_18737_escalation_ns,79499
heavy,11,0.005,2,shot_18737_stock_ns,79440
heavy,11,0.005,2,shot_18737_total_ns,230023
heavy,11,0.005,2,shot_18737_exact_reference_ns,58320
heavy,11,0.005,2,shot_18737_escalated,1
heavy,11,0.005,2,shot_18737_contaminated,0
heavy,11,0.005,2,shot_18827,0
heavy,11,0.005,2,shot_18827_num_defects,87
heavy,11,0.005,2,shot_18827_phase1_ns,98475
heavy,11,0.005,2,shot_18827_harvest_ns,18475
heavy,11,0.005,2,shot_18827_escalation_ns,77737
heavy,11,0.005,2,shot_18827_stock_ns,77667
heavy,11,0.005,2,shot_18827_total_ns,194888
heavy,11,0.005,2,shot_18827_exact_reference_ns,57909
heavy,11,0.005,2,shot_18827_escalated,1
heavy,11,0.005,2,shot_18827_contaminated,0
heavy,11,0.005,2,shot_19119,0
heavy,11,0.005,2,shot_19119_num_defects,77
heavy,11,0.005,2,shot_19119_phase1_ns,90451
heavy,11,0.005,2,shot_19119_harvest_ns,26499
heavy,11,0.005,2,shot_19119_escalation_ns,48592
heavy,11,0.005,2,shot_19119_stock_ns,48541
heavy,11,0.005,2,shot_19119_total_ns,165743
heavy,11,0.005,2,shot_19119_exact_reference_ns,30688
heavy,11,0.005,2,shot_19119_escalated,1
heavy,11,0.005,2,shot_19119_contaminated,0
heavy,11,0.005,2,shot_19178,0
heavy,11,0.005,2,shot_19178_num_defects,115
heavy,11,0.005,2,shot_19178_phase1_ns,219675
heavy,11,0.005,2,shot_19178_harvest_ns,18464
heavy,11,0.005,2,shot_19178_escalation_ns,213302
heavy,11,0.005,2,shot_19178_stock_ns,213252
heavy,11,0.005,2,shot_19178_total_ns,451651
heavy,11,0.005,2,shot_19178_exact_reference_ns,184909
heavy,11,0.005,2,shot_19178_escalated,1
heavy,11,0.005,2,shot_19178_contaminated,0
heavy,11,0.005,2,shot_19388,0
heavy,11,0.005,2,shot_19388_num_defects,99
heavy,11,0.005,2,shot_19388_phase1_ns,151875
heavy,11,0.005,2,shot_19388_harvest_ns,20559
heavy,11,0.005,2,shot_19388_escalation_ns,117782
heavy,11,0.005,2,shot_19388_stock_ns,117732
heavy,11,0.005,2,shot_19388_total_ns,290498
heavy,11,0.005,2,shot_19388_exact_reference_ns,94979
heavy,11,0.005,2,shot_19388_escalated,1
heavy,11,0.005,2,shot_19388_contaminated,0
heavy,11,0.005,2,shot_19409,0
heavy,11,0.005,2,shot_19409_num_defects,98
heavy,11,0.005,2,shot_19409_phase1_ns,150052
heavy,11,0.005,2,shot_19409_harvest_ns,17233
heavy,11,0.005,2,shot_19409_escalation_ns,88156
heavy,11,0.005,2,shot_19409_stock_ns,88106
heavy,11,0.005,2,shot_19409_total_ns,255672
heavy,11,0.005,2,shot_19409_exact_reference_ns,62548
heavy,11,0.005,2,shot_19409_escalated,1
heavy,11,0.005,2,shot_19409_contaminated,0
heavy,11,0.005,2,shot_19594,0
heavy,11,0.005,2,shot_19594_num_defects,83
heavy,11,0.005,2,shot_19594_phase1_ns,103506
heavy,11,0.005,2,shot_19594_harvest_ns,22472
heavy,11,0.005,2,shot_19594_escalation_ns,75923
heavy,11,0.005,2,shot_19594_stock_ns,75873
heavy,11,0.005,2,shot_19594_total_ns,202141
heavy,11,0.005,2,shot_19594_exact_reference_ns,49814
heavy,11,0.005,2,shot_19594_escalated,1
heavy,11,0.005,2,shot_19594_contaminated,0
heavy,11,0.005,2,shot_19630,0
heavy,11,0.005,2,shot_19630_num_defects,90
heavy,11,0.005,2,shot_19630_phase1_ns,119747
heavy,11,0.005,2,shot_19630_harvest_ns,17933
heavy,11,0.005,2,shot_19630_escalation_ns,70233
heavy,11,0.005,2,shot_19630_stock_ns,70173
heavy,11,0.005,2,shot_19630_total_ns,208203
heavy,11,0.005,2,shot_19630_exact_reference_ns,51607
heavy,11,0.005,2,shot_19630_escalated,1
heavy,11,0.005,2,shot_19630_contaminated,0
heavy,11,0.005,2,shot_19669,0
heavy,11,0.005,2,shot_19669_num_defects,149
heavy,11,0.005,2,shot_19669_phase1_ns,262004
heavy,11,0.005,2,shot_19669_harvest_ns,5380
heavy,11,0.005,2,shot_19669_escalation_ns,0
heavy,11,0.005,2,shot_19669_stock_ns,0
heavy,11,0.005,2,shot_19669_total_ns,267494
heavy,11,0.005,2,shot_19669_exact_reference_ns,94558
heavy,11,0.005,2,shot_19669_escalated,0
heavy,11,0.005,2,shot_19669_contaminated,0
heavy,11,0.005,2,shot_19718,0
heavy,11,0.005,2,shot_19718_num_defects,145
heavy,11,0.005,2,shot_19718_phase1_ns,250061
heavy,11,0.005,2,shot_19718_harvest_ns,4980
heavy,11,0.005,2,shot_19718_escalation_ns,0
heavy,11,0.005,2,shot_19718_stock_ns,0
heavy,11,0.005,2,shot_19718_total_ns,255151
heavy,11,0.005,2,shot_19718_exact_reference_ns,100649
heavy,11,0.005,2,shot_19718_escalated,0
heavy,11,0.005,2,shot_19718_contaminated,0
heavy,11,0.005,2,shot_19912,0
heavy,11,0.005,2,shot_19912_num_defects,108
heavy,11,0.005,2,shot_19912_phase1_ns,147207
heavy,11,0.005,2,shot_19912_harvest_ns,26430
heavy,11,0.005,2,shot_19912_escalation_ns,65383
heavy,11,0.005,2,shot_19912_stock_ns,65323
heavy,11,0.005,2,shot_19912_total_ns,239301
heavy,11,0.005,2,shot_19912_exact_reference_ns,44644
heavy,11,0.005,2,shot_19912_escalated,1
heavy,11,0.005,2,shot_19912_contaminated,0
heavy,13,0.0005,2,shot_1733,0
heavy,13,0.0005,2,shot_1733_num_defects,46
heavy,13,0.0005,2,shot_1733_phase1_ns,53921
heavy,13,0.0005,2,shot_1733_harvest_ns,1303
heavy,13,0.0005,2,shot_1733_escalation_ns,0
heavy,13,0.0005,2,shot_1733_stock_ns,0
heavy,13,0.0005,2,shot_1733_total_ns,55314
heavy,13,0.0005,2,shot_1733_exact_reference_ns,20409
heavy,13,0.0005,2,shot_1733_escalated,0
heavy,13,0.0005,2,shot_1733_contaminated,0
heavy,13,0.0005,2,shot_3615,0
heavy,13,0.0005,2,shot_3615_num_defects,46
heavy,13,0.0005,2,shot_3615_phase1_ns,65203
heavy,13,0.0005,2,shot_3615_harvest_ns,1373
heavy,13,0.0005,2,shot_3615_escalation_ns,0
heavy,13,0.0005,2,shot_3615_stock_ns,0
heavy,13,0.0005,2,shot_3615_total_ns,66655
heavy,13,0.0005,2,shot_3615_exact_reference_ns,23254
heavy,13,0.0005,2,shot_3615_escalated,0
heavy,13,0.0005,2,shot_3615_contaminated,0
heavy,13,0.0005,2,shot_6154,0
heavy,13,0.0005,2,shot_6154_num_defects,43
heavy,13,0.0005,2,shot_6154_phase1_ns,41699
heavy,13,0.0005,2,shot_6154_harvest_ns,1112
heavy,13,0.0005,2,shot_6154_escalation_ns,0
heavy,13,0.0005,2,shot_6154_stock_ns,0
heavy,13,0.0005,2,shot_6154_total_ns,42891
heavy,13,0.0005,2,shot_6154_exact_reference_ns,14026
heavy,13,0.0005,2,shot_6154_escalated,0
heavy,13,0.0005,2,shot_6154_contaminated,0
heavy,13,0.0005,2,shot_7327,0
heavy,13,0.0005,2,shot_7327_num_defects,42
heavy,13,0.0005,2,shot_7327_phase1_ns,41328
heavy,13,0.0005,2,shot_7327_harvest_ns,1143
heavy,13,0.0005,2,shot_7327_escalation_ns,0
heavy,13,0.0005,2,shot_7327_stock_ns,0
heavy,13,0.0005,2,shot_7327_total_ns,42541
heavy,13,0.0005,2,shot_7327_exact_reference_ns,18976
heavy,13,0.0005,2,shot_7327_escalated,0
heavy,13,0.0005,2,shot_7327_contaminated,0
heavy,13,0.0005,2,shot_7396,0
heavy,13,0.0005,2,shot_7396_num_defects,42
heavy,13,0.0005,2,shot_7396_phase1_ns,44825
heavy,13,0.0005,2,shot_7396_harvest_ns,1182
heavy,13,0.0005,2,shot_7396_escalation_ns,0
heavy,13,0.0005,2,shot_7396_stock_ns,0
heavy,13,0.0005,2,shot_7396_total_ns,46087
heavy,13,0.0005,2,shot_7396_exact_reference_ns,18034
heavy,13,0.0005,2,shot_7396_escalated,0
heavy,13,0.0005,2,shot_7396_contaminated,0
heavy,13,0.0005,2,shot_8787,0
heavy,13,0.0005,2,shot_8787_num_defects,42
heavy,13,0.0005,2,shot_8787_phase1_ns,40095
heavy,13,0.0005,2,shot_8787_harvest_ns,1203
heavy,13,0.0005,2,shot_8787_escalation_ns,0
heavy,13,0.0005,2,shot_8787_stock_ns,0
heavy,13,0.0005,2,shot_8787_total_ns,41388
heavy,13,0.0005,2,shot_8787_exact_reference_ns,14557
heavy,13,0.0005,2,shot_8787_escalated,0
heavy,13,0.0005,2,shot_8787_contaminated,0
heavy,13,0.0005,2,shot_9493,0
heavy,13,0.0005,2,shot_9493_num_defects,47
heavy,13,0.0005,2,shot_9493_phase1_ns,195169
heavy,13,0.0005,2,shot_9493_harvest_ns,2965
heavy,13,0.0005,2,shot_9493_escalation_ns,0
heavy,13,0.0005,2,shot_9493_stock_ns,0
heavy,13,0.0005,2,shot_9493_total_ns,198244
heavy,13,0.0005,2,shot_9493_exact_reference_ns,34064
heavy,13,0.0005,2,shot_9493_escalated,0
heavy,13,0.0005,2,shot_9493_contaminated,0
heavy,13,0.0005,2,shot_9600,0
heavy,13,0.0005,2,shot_9600_num_defects,43
heavy,13,0.0005,2,shot_9600_phase1_ns,38151
heavy,13,0.0005,2,shot_9600_harvest_ns,1193
heavy,13,0.0005,2,shot_9600_escalation_ns,0
heavy,13,0.0005,2,shot_9600_stock_ns,0
heavy,13,0.0005,2,shot_9600_total_ns,39435
heavy,13,0.0005,2,shot_9600_exact_reference_ns,16301
heavy,13,0.0005,2,shot_9600_escalated,0
heavy,13,0.0005,2,shot_9600_contaminated,0
heavy,13,0.0005,2,shot_10370,0
heavy,13,0.0005,2,shot_10370_num_defects,48
heavy,13,0.0005,2,shot_10370_phase1_ns,48782
heavy,13,0.0005,2,shot_10370_harvest_ns,1222
heavy,13,0.0005,2,shot_10370_escalation_ns,0
heavy,13,0.0005,2,shot_10370_stock_ns,0
heavy,13,0.0005,2,shot_10370_total_ns,50074
heavy,13,0.0005,2,shot_10370_exact_reference_ns,16471
heavy,13,0.0005,2,shot_10370_escalated,0
heavy,13,0.0005,2,shot_10370_contaminated,0
heavy,13,0.0005,2,shot_13648,0
heavy,13,0.0005,2,shot_13648_num_defects,42
heavy,13,0.0005,2,shot_13648_phase1_ns,38462
heavy,13,0.0005,2,shot_13648_harvest_ns,1133
heavy,13,0.0005,2,shot_13648_escalation_ns,0
heavy,13,0.0005,2,shot_13648_stock_ns,0
heavy,13,0.0005,2,shot_13648_total_ns,39654
heavy,13,0.0005,2,shot_13648_exact_reference_ns,15198
heavy,13,0.0005,2,shot_13648_escalated,0
heavy,13,0.0005,2,shot_13648_contaminated,0
heavy,13,0.0005,2,shot_14503,0
heavy,13,0.0005,2,shot_14503_num_defects,43
heavy,13,0.0005,2,shot_14503_phase1_ns,44754
heavy,13,0.0005,2,shot_14503_harvest_ns,1152
heavy,13,0.0005,2,shot_14503_escalation_ns,0
heavy,13,0.0005,2,shot_14503_stock_ns,0
heavy,13,0.0005,2,shot_14503_total_ns,45986
heavy,13,0.0005,2,shot_14503_exact_reference_ns,15399
heavy,13,0.0005,2,shot_14503_escalated,0
heavy,13,0.0005,2,shot_14503_contaminated,0
heavy,13,0.0005,2,shot_15080,0
heavy,13,0.0005,2,shot_15080_num_defects,44
heavy,13,0.0005,2,shot_15080_phase1_ns,49272
heavy,13,0.0005,2,shot_15080_harvest_ns,1233
heavy,13,0.0005,2,shot_15080_escalation_ns,0
heavy,13,0.0005,2,shot_15080_stock_ns,0
heavy,13,0.0005,2,shot_15080_total_ns,50595
heavy,13,0.0005,2,shot_15080_exact_reference_ns,19205
heavy,13,0.0005,2,shot_15080_escalated,0
heavy,13,0.0005,2,shot_15080_contaminated,0
heavy,13,0.0005,2,shot_15505,0
heavy,13,0.0005,2,shot_15505_num_defects,42
heavy,13,0.0005,2,shot_15505_phase1_ns,38974
heavy,13,0.0005,2,shot_15505_harvest_ns,1272
heavy,13,0.0005,2,shot_15505_escalation_ns,0
heavy,13,0.0005,2,shot_15505_stock_ns,0
heavy,13,0.0005,2,shot_15505_total_ns,40326
heavy,13,0.0005,2,shot_15505_exact_reference_ns,16130
heavy,13,0.0005,2,shot_15505_escalated,0
heavy,13,0.0005,2,shot_15505_contaminated,0
heavy,13,0.0005,2,shot_15715,0
heavy,13,0.0005,2,shot_15715_num_defects,44
heavy,13,0.0005,2,shot_15715_phase1_ns,44334
heavy,13,0.0005,2,shot_15715_harvest_ns,1142
heavy,13,0.0005,2,shot_15715_escalation_ns,0
heavy,13,0.0005,2,shot_15715_stock_ns,0
heavy,13,0.0005,2,shot_15715_total_ns,45556
heavy,13,0.0005,2,shot_15715_exact_reference_ns,17393
heavy,13,0.0005,2,shot_15715_escalated,0
heavy,13,0.0005,2,shot_15715_contaminated,0
heavy,13,0.0005,2,shot_16879,0
heavy,13,0.0005,2,shot_16879_num_defects,51
heavy,13,0.0005,2,shot_16879_phase1_ns,62648
heavy,13,0.0005,2,shot_16879_harvest_ns,1583
heavy,13,0.0005,2,shot_16879_escalation_ns,0
heavy,13,0.0005,2,shot_16879_stock_ns,0
heavy,13,0.0005,2,shot_16879_total_ns,64311
heavy,13,0.0005,2,shot_16879_exact_reference_ns,21350
heavy,13,0.0005,2,shot_16879_escalated,0
heavy,13,0.0005,2,shot_16879_contaminated,0
heavy,13,0.0005,2,shot_17042,0
heavy,13,0.0005,2,shot_17042_num_defects,42
heavy,13,0.0005,2,shot_17042_phase1_ns,46687
heavy,13,0.0005,2,shot_17042_harvest_ns,1423
heavy,13,0.0005,2,shot_17042_escalation_ns,0
heavy,13,0.0005,2,shot_17042_stock_ns,0
heavy,13,0.0005,2,shot_17042_total_ns,48191
heavy,13,0.0005,2,shot_17042_exact_reference_ns,17492
heavy,13,0.0005,2,shot_17042_escalated,0
heavy,13,0.0005,2,shot_17042_contaminated,0
heavy,13,0.0005,2,shot_18517,0
heavy,13,0.0005,2,shot_18517_num_defects,50
heavy,13,0.0005,2,shot_18517_phase1_ns,51798
heavy,13,0.0005,2,shot_18517_harvest_ns,1313
heavy,13,0.0005,2,shot_18517_escalation_ns,0
heavy,13,0.0005,2,shot_18517_stock_ns,0
heavy,13,0.0005,2,shot_18517_total_ns,53181
heavy,13,0.0005,2,shot_18517_exact_reference_ns,16912
heavy,13,0.0005,2,shot_18517_escalated,0
heavy,13,0.0005,2,shot_18517_contaminated,0
heavy,13,0.0005,2,shot_18563,0
heavy,13,0.0005,2,shot_18563_num_defects,49
heavy,13,0.0005,2,shot_18563_phase1_ns,50204
heavy,13,0.0005,2,shot_18563_harvest_ns,1724
heavy,13,0.0005,2,shot_18563_escalation_ns,0
heavy,13,0.0005,2,shot_18563_stock_ns,0
heavy,13,0.0005,2,shot_18563_total_ns,52018
heavy,13,0.0005,2,shot_18563_exact_reference_ns,20508
heavy,13,0.0005,2,shot_18563_escalated,0
heavy,13,0.0005,2,shot_18563_contaminated,0
heavy,13,0.0005,2,shot_19287,0
heavy,13,0.0005,2,shot_19287_num_defects,44
heavy,13,0.0005,2,shot_19287_phase1_ns,44164
heavy,13,0.0005,2,shot_19287_harvest_ns,1302
heavy,13,0.0005,2,shot_19287_escalation_ns,0
heavy,13,0.0005,2,shot_19287_stock_ns,0
heavy,13,0.0005,2,shot_19287_total_ns,45556
heavy,13,0.0005,2,shot_19287_exact_reference_ns,18985
heavy,13,0.0005,2,shot_19287_escalated,0
heavy,13,0.0005,2,shot_19287_contaminated,0
heavy,13,0.0005,2,shot_19899,0
heavy,13,0.0005,2,shot_19899_num_defects,47
heavy,13,0.0005,2,shot_19899_phase1_ns,46447
heavy,13,0.0005,2,shot_19899_harvest_ns,1342
heavy,13,0.0005,2,shot_19899_escalation_ns,0
heavy,13,0.0005,2,shot_19899_stock_ns,0
heavy,13,0.0005,2,shot_19899_total_ns,47880
heavy,13,0.0005,2,shot_19899_exact_reference_ns,16932
heavy,13,0.0005,2,shot_19899_escalated,0
heavy,13,0.0005,2,shot_19899_contaminated,0
heavy,13,0.001,2,shot_129,0
heavy,13,0.001,2,shot_129_num_defects,67
heavy,13,0.001,2,shot_129_phase1_ns,146067
heavy,13,0.001,2,shot_129_harvest_ns,3066
heavy,13,0.001,2,shot_129_escalation_ns,0
heavy,13,0.001,2,shot_129_stock_ns,0
heavy,13,0.001,2,shot_129_total_ns,149233
heavy,13,0.001,2,shot_129_exact_reference_ns,26840
heavy,13,0.001,2,shot_129_escalated,0
heavy,13,0.001,2,shot_129_contaminated,0
heavy,13,0.001,2,shot_360,0
heavy,13,0.001,2,shot_360_num_defects,69
heavy,13,0.001,2,shot_360_phase1_ns,80744
heavy,13,0.001,2,shot_360_harvest_ns,1963
heavy,13,0.001,2,shot_360_escalation_ns,0
heavy,13,0.001,2,shot_360_stock_ns,0
heavy,13,0.001,2,shot_360_total_ns,82787
heavy,13,0.001,2,shot_360_exact_reference_ns,25128
heavy,13,0.001,2,shot_360_escalated,0
heavy,13,0.001,2,shot_360_contaminated,0
heavy,13,0.001,2,shot_555,0
heavy,13,0.001,2,shot_555_num_defects,47
heavy,13,0.001,2,shot_555_phase1_ns,46027
heavy,13,0.001,2,shot_555_harvest_ns,15881
heavy,13,0.001,2,shot_555_escalation_ns,46087
heavy,13,0.001,2,shot_555_stock_ns,45947
heavy,13,0.001,2,shot_555_total_ns,108205
heavy,13,0.001,2,shot_555_exact_reference_ns,26611
heavy,13,0.001,2,shot_555_escalated,1
heavy,13,0.001,2,shot_555_contaminated,0
heavy,13,0.001,2,shot_1097,0
heavy,13,0.001,2,shot_1097_num_defects,66
heavy,13,0.001,2,shot_1097_phase1_ns,70103
heavy,13,0.001,2,shot_1097_harvest_ns,2084
heavy,13,0.001,2,shot_1097_escalation_ns,0
heavy,13,0.001,2,shot_1097_stock_ns,0
heavy,13,0.001,2,shot_1097_total_ns,72277
heavy,13,0.001,2,shot_1097_exact_reference_ns,24166
heavy,13,0.001,2,shot_1097_escalated,0
heavy,13,0.001,2,shot_1097_contaminated,0
heavy,13,0.001,2,shot_2627,0
heavy,13,0.001,2,shot_2627_num_defects,69
heavy,13,0.001,2,shot_2627_phase1_ns,89329
heavy,13,0.001,2,shot_2627_harvest_ns,2455
heavy,13,0.001,2,shot_2627_escalation_ns,0
heavy,13,0.001,2,shot_2627_stock_ns,0
heavy,13,0.001,2,shot_2627_total_ns,91874
heavy,13,0.001,2,shot_2627_exact_reference_ns,37972
heavy,13,0.001,2,shot_2627_escalated,0
heavy,13,0.001,2,shot_2627_contaminated,0
heavy,13,0.001,2,shot_4861,0
heavy,13,0.001,2,shot_4861_num_defects,69
heavy,13,0.001,2,shot_4861_phase1_ns,73100
heavy,13,0.001,2,shot_4861_harvest_ns,2003
heavy,13,0.001,2,shot_4861_escalation_ns,0
heavy,13,0.001,2,shot_4861_stock_ns,0
heavy,13,0.001,2,shot_4861_total_ns,75183
heavy,13,0.001,2,shot_4861_exact_reference_ns,37020
heavy,13,0.001,2,shot_4861_escalated,0
heavy,13,0.001,2,shot_4861_contaminated,0
heavy,13,0.001,2,shot_4912,0
heavy,13,0.001,2,shot_4912_num_defects,67
heavy,13,0.001,2,shot_4912_phase1_ns,78469
heavy,13,0.001,2,shot_4912_harvest_ns,1823
heavy,13,0.001,2,shot_4912_escalation_ns,0
heavy,13,0.001,2,shot_4912_stock_ns,0
heavy,13,0.001,2,shot_4912_total_ns,80383
heavy,13,0.001,2,shot_4912_exact_reference_ns,23675
heavy,13,0.001,2,shot_4912_escalated,0
heavy,13,0.001,2,shot_4912_contaminated,0
heavy,13,0.001,2,shot_5226,0
heavy,13,0.001,2,shot_5226_num_defects,69
heavy,13,0.001,2,shot_5226_phase1_ns,79140
heavy,13,0.001,2,shot_5226_harvest_ns,1943
heavy,13,0.001,2,shot_5226_escalation_ns,0
heavy,13,0.001,2,shot_5226_stock_ns,0
heavy,13,0.001,2,shot_5226_total_ns,81174
heavy,13,0.001,2,shot_5226_exact_reference_ns,26140
heavy,13,0.001,2,shot_5226_escalated,0
heavy,13,0.001,2,shot_5226_contaminated,0
heavy,13,0.001,2,shot_5865,0
heavy,13,0.001,2,shot_5865_num_defects,72
heavy,13,0.001,2,shot_5865_phase1_ns,80753
heavy,13,0.001,2,shot_5865_harvest_ns,2124
heavy,13,0.001,2,shot_5865_escalation_ns,0
heavy,13,0.001,2,shot_5865_stock_ns,0
heavy,13,0.001,2,shot_5865_total_ns,82977
heavy,13,0.001,2,shot_5865_exact_reference_ns,31078
heavy,13,0.001,2,shot_5865_escalated,0
heavy,13,0.001,2,shot_5865_contaminated,0
heavy,13,0.001,2,shot_8261,0
heavy,13,0.001,2,shot_8261_num_defects,68
heavy,13,0.001,2,shot_8261_phase1_ns,97976
heavy,13,0.001,2,shot_8261_harvest_ns,2645
heavy,13,0.001,2,shot_8261_escalation_ns,0
heavy,13,0.001,2,shot_8261_stock_ns,0
heavy,13,0.001,2,shot_8261_total_ns,100711
heavy,13,0.001,2,shot_8261_exact_reference_ns,39345
heavy,13,0.001,2,shot_8261_escalated,0
heavy,13,0.001,2,shot_8261_contaminated,0
heavy,13,0.001,2,shot_8944,0
heavy,13,0.001,2,shot_8944_num_defects,70
heavy,13,0.001,2,shot_8944_phase1_ns,78509
heavy,13,0.001,2,shot_8944_harvest_ns,2154
heavy,13,0.001,2,shot_8944_escalation_ns,0
heavy,13,0.001,2,shot_8944_stock_ns,0
heavy,13,0.001,2,shot_8944_total_ns,80753
heavy,13,0.001,2,shot_8944_exact_reference_ns,30017
heavy,13,0.001,2,shot_8944_escalated,0
heavy,13,0.001,2,shot_8944_contaminated,0
heavy,13,0.001,2,shot_11458,0
heavy,13,0.001,2,shot_11458_num_defects,78
heavy,13,0.001,2,shot_11458_phase1_ns,105450
heavy,13,0.001,2,shot_11458_harvest_ns,2354
heavy,13,0.001,2,shot_11458_escalation_ns,0
heavy,13,0.001,2,shot_11458_stock_ns,0
heavy,13,0.001,2,shot_11458_total_ns,107915
heavy,13,0.001,2,shot_11458_exact_reference_ns,34125
heavy,13,0.001,2,shot_11458_escalated,0
heavy,13,0.001,2,shot_11458_contaminated,0
heavy,13,0.001,2,shot_12396,0
heavy,13,0.001,2,shot_12396_num_defects,68
heavy,13,0.001,2,shot_12396_phase1_ns,76505
heavy,13,0.001,2,shot_12396_harvest_ns,2024
heavy,13,0.001,2,shot_12396_escalation_ns,0
heavy,13,0.001,2,shot_12396_stock_ns,0
heavy,13,0.001,2,shot_12396_total_ns,78619
heavy,13,0.001,2,shot_12396_exact_reference_ns,30428
heavy,13,0.001,2,shot_12396_escalated,0
heavy,13,0.001,2,shot_12396_contaminated,0
heavy,13,0.001,2,shot_12634,0
heavy,13,0.001,2,shot_12634_num_defects,73
heavy,13,0.001,2,shot_12634_phase1_ns,83107
heavy,13,0.001,2,shot_12634_harvest_ns,2435
heavy,13,0.001,2,shot_12634_escalation_ns,0
heavy,13,0.001,2,shot_12634_stock_ns,0
heavy,13,0.001,2,shot_12634_total_ns,85622
heavy,13,0.001,2,shot_12634_exact_reference_ns,35298
heavy,13,0.001,2,shot_12634_escalated,0
heavy,13,0.001,2,shot_12634_contaminated,0
heavy,13,0.001,2,shot_13202,0
heavy,13,0.001,2,shot_13202_num_defects,71
heavy,13,0.001,2,shot_13202_phase1_ns,72989
heavy,13,0.001,2,shot_13202_harvest_ns,2044
heavy,13,0.001,2,shot_13202_escalation_ns,0
heavy,13,0.001,2,shot_13202_stock_ns,0
heavy,13,0.001,2,shot_13202_total_ns,75183
heavy,13,0.001,2,shot_13202_exact_reference_ns,23164
heavy,13,0.001,2,shot_13202_escalated,0
heavy,13,0.001,2,shot_13202_contaminated,0
heavy,13,0.001,2,shot_13625,0
heavy,13,0.001,2,shot_13625_num_defects,70
heavy,13,0.001,2,shot_13625_phase1_ns,85762
heavy,13,0.001,2,shot_13625_harvest_ns,1994
heavy,13,0.001,2,shot_13625_escalation_ns,0
heavy,13,0.001,2,shot_13625_stock_ns,0
heavy,13,0.001,2,shot_13625_total_ns,87836
heavy,13,0.001,2,shot_13625_exact_reference_ns,32321
heavy,13,0.001,2,shot_13625_escalated,0
heavy,13,0.001,2,shot_13625_contaminated,0
heavy,13,0.001,2,shot_15237,0
heavy,13,0.001,2,shot_15237_num_defects,68
heavy,13,0.001,2,shot_15237_phase1_ns,70033
heavy,13,0.001,2,shot_15237_harvest_ns,1924
heavy,13,0.001,2,shot_15237_escalation_ns,0
heavy,13,0.001,2,shot_15237_stock_ns,0
heavy,13,0.001,2,shot_15237_total_ns,72107
heavy,13,0.001,2,shot_15237_exact_reference_ns,25538
heavy,13,0.001,2,shot_15237_escalated,0
heavy,13,0.001,2,shot_15237_contaminated,0
heavy,13,0.001,2,shot_19176,0
heavy,13,0.001,2,shot_19176_num_defects,68
heavy,13,0.001,2,shot_19176_phase1_ns,71946
heavy,13,0.001,2,shot_19176_harvest_ns,1864
heavy,13,0.001,2,shot_19176_escalation_ns,0
heavy,13,0.001,2,shot_19176_stock_ns,0
heavy,13,0.001,2,shot_19176_total_ns,73880
heavy,13,0.001,2,shot_19176_exact_reference_ns,21832
heavy,13,0.001,2,shot_19176_escalated,0
heavy,13,0.001,2,shot_19176_contaminated,0
heavy,13,0.001,2,shot_19799,0
heavy,13,0.001,2,shot_19799_num_defects,69
heavy,13,0.001,2,shot_19799_phase1_ns,80271
heavy,13,0.001,2,shot_19799_harvest_ns,1944
heavy,13,0.001,2,shot_19799_escalation_ns,0
heavy,13,0.001,2,shot_19799_stock_ns,0
heavy,13,0.001,2,shot_19799_total_ns,82296
heavy,13,0.001,2,shot_19799_exact_reference_ns,29325
heavy,13,0.001,2,shot_19799_escalated,0
heavy,13,0.001,2,shot_19799_contaminated,0
heavy,13,0.001,2,shot_19858,0
heavy,13,0.001,2,shot_19858_num_defects,66
heavy,13,0.001,2,shot_19858_phase1_ns,72087
heavy,13,0.001,2,shot_19858_harvest_ns,1974
heavy,13,0.001,2,shot_19858_escalation_ns,0
heavy,13,0.001,2,shot_19858_stock_ns,0
heavy,13,0.001,2,shot_19858_total_ns,74131
heavy,13,0.001,2,shot_19858_exact_reference_ns,45096
heavy,13,0.001,2,shot_19858_escalated,0
heavy,13,0.001,2,shot_19858_contaminated,0
heavy,13,0.001,2,shot_19863,0
heavy,13,0.001,2,shot_19863_num_defects,69
heavy,13,0.001,2,shot_19863_phase1_ns,74000
heavy,13,0.001,2,shot_19863_harvest_ns,2155
heavy,13,0.001,2,shot_19863_escalation_ns,0
heavy,13,0.001,2,shot_19863_stock_ns,0
heavy,13,0.001,2,shot_19863_total_ns,76245
heavy,13,0.001,2,shot_19863_exact_reference_ns,27513
heavy,13,0.001,2,shot_19863_escalated,0
heavy,13,0.001,2,shot_19863_contaminated,0
heavy,13,0.003,2,shot_218,0
heavy,13,0.003,2,shot_218_num_defects,154
heavy,13,0.003,2,shot_218_phase1_ns,230267
heavy,13,0.003,2,shot_218_harvest_ns,5200
heavy,13,0.003,2,shot_218_escalation_ns,0
heavy,13,0.003,2,shot_218_stock_ns,0
heavy,13,0.003,2,shot_218_total_ns,235567
heavy,13,0.003,2,shot_218_exact_reference_ns,86725
heavy,13,0.003,2,shot_218_escalated,0
heavy,13,0.003,2,shot_218_contaminated,0
heavy,13,0.003,2,shot_1159,0
heavy,13,0.003,2,shot_1159_num_defects,101
heavy,13,0.003,2,shot_1159_phase1_ns,117183
heavy,13,0.003,2,shot_1159_harvest_ns,31048
heavy,13,0.003,2,shot_1159_escalation_ns,107434
heavy,13,0.003,2,shot_1159_stock_ns,107284
heavy,13,0.003,2,shot_1159_total_ns,255965
heavy,13,0.003,2,shot_1159_exact_reference_ns,77457
heavy,13,0.003,2,shot_1159_escalated,1
heavy,13,0.003,2,shot_1159_contaminated,0
heavy,13,0.003,2,shot_1237,0
heavy,13,0.003,2,shot_1237_num_defects,95
heavy,13,0.003,2,shot_1237_phase1_ns,119346
heavy,13,0.003,2,shot_1237_harvest_ns,20749
heavy,13,0.003,2,shot_1237_escalation_ns,122733
heavy,13,0.003,2,shot_1237_stock_ns,122663
heavy,13,0.003,2,shot_1237_total_ns,263199
heavy,13,0.003,2,shot_1237_exact_reference_ns,93808
heavy,13,0.003,2,shot_1237_escalated,1
heavy,13,0.003,2,shot_1237_contaminated,0
heavy,13,0.003,2,shot_1469,0
heavy,13,0.003,2,shot_1469_num_defects,122
heavy,13,0.003,2,shot_1469_phase1_ns,161496
heavy,13,0.003,2,shot_1469_harvest_ns,22623
heavy,13,0.003,2,shot_1469_escalation_ns,131680
heavy,13,0.003,2,shot_1469_stock_ns,131619
heavy,13,0.003,2,shot_1469_total_ns,316119
heavy,13,0.003,2,shot_1469_exact_reference_ns,89259
heavy,13,0.003,2,shot_1469_escalated,1
heavy,13,0.003,2,shot_1469_contaminated,0
heavy,13,0.003,2,shot_1676,0
heavy,13,0.003,2,shot_1676_num_defects,140
heavy,13,0.003,2,shot_1676_phase1_ns,183297
heavy,13,0.003,2,shot_1676_harvest_ns,23194
heavy,13,0.003,2,shot_1676_escalation_ns,100480
heavy,13,0.003,2,shot_1676_stock_ns,100410
heavy,13,0.003,2,shot_1676_total_ns,307222
heavy,13,0.003,2,shot_1676_exact_reference_ns,64132
heavy,13,0.003,2,shot_1676_escalated,1
heavy,13,0.003,2,shot_1676_contaminated,0
heavy,13,0.003,2,shot_2067,0
heavy,13,0.003,2,shot_2067_num_defects,96
heavy,13,0.003,2,shot_2067_phase1_ns,117443
heavy,13,0.003,2,shot_2067_harvest_ns,20940
heavy,13,0.003,2,shot_2067_escalation_ns,83278
heavy,13,0.003,2,shot_2067_stock_ns,83208
heavy,13,0.003,2,shot_2067_total_ns,221861
heavy,13,0.003,2,shot_2067_exact_reference_ns,57109
heavy,13,0.003,2,shot_2067_escalated,1
heavy,13,0.003,2,shot_2067_contaminated,0
heavy,13,0.003,2,shot_2070,0
heavy,13,0.003,2,shot_2070_num_defects,148
heavy,13,0.003,2,shot_2070_phase1_ns,208386
heavy,13,0.003,2,shot_2070_harvest_ns,5119
heavy,13,0.003,2,shot_2070_escalation_ns,0
heavy,13,0.003,2,shot_2070_stock_ns,0
heavy,13,0.003,2,shot_2070_total_ns,213615
heavy,13,0.003,2,shot_2070_exact_reference_ns,68339
heavy,13,0.003,2,shot_2070_escalated,0
heavy,13,0.003,2,shot_2070_contaminated,0
heavy,13,0.003,2,shot_2072,0
heavy,13,0.003,2,shot_2072_num_defects,127
heavy,13,0.003,2,shot_2072_phase1_ns,187146
heavy,13,0.003,2,shot_2072_harvest_ns,17933
heavy,13,0.003,2,shot_2072_escalation_ns,144053
heavy,13,0.003,2,shot_2072_stock_ns,143993
heavy,13,0.003,2,shot_2072_total_ns,349282
heavy,13,0.003,2,shot_2072_exact_reference_ns,122913
heavy,13,0.003,2,shot_2072_escalated,1
heavy,13,0.003,2,shot_2072_contaminated,0
heavy,13,0.003,2,shot_2252,0
heavy,13,0.003,2,shot_2252_num_defects,87
heavy,13,0.003,2,shot_2252_phase1_ns,107253
heavy,13,0.003,2,shot_2252_harvest_ns,36209
heavy,13,0.003,2,shot_2252_escalation_ns,74432
heavy,13,0.003,2,shot_2252_stock_ns,74371
heavy,13,0.003,2,shot_2252_total_ns,218235
heavy,13,0.003,2,shot_2252_exact_reference_ns,36539
heavy,13,0.003,2,shot_2252_escalated,1
heavy,13,0.003,2,shot_2252_contaminated,0
heavy,13,0.003,2,shot_2341,0
heavy,13,0.003,2,shot_2341_num_defects,83
heavy,13,0.003,2,shot_2341_phase1_ns,96202
heavy,13,0.003,2,shot_2341_harvest_ns,26260
heavy,13,0.003,2,shot_2341_escalation_ns,52289
heavy,13,0.003,2,shot_2341_stock_ns,52219
heavy,13,0.003,2,shot_2341_total_ns,174992
heavy,13,0.003,2,shot_2341_exact_reference_ns,33153
heavy,13,0.003,2,shot_2341_escalated,1
heavy,13,0.003,2,shot_2341_contaminated,0
heavy,13,0.003,2,shot_2475,0
heavy,13,0.003,2,shot_2475_num_defects,147
heavy,13,0.003,2,shot_2475_phase1_ns,254012
heavy,13,0.003,2,shot_2475_harvest_ns,4518
heavy,13,0.003,2,shot_2475_escalation_ns,0
heavy,13,0.003,2,shot_2475_stock_ns,0
heavy,13,0.003,2,shot_2475_total_ns,258630
heavy,13,0.003,2,shot_2475_exact_reference_ns,97113
heavy,13,0.003,2,shot_2475_escalated,0
heavy,13,0.003,2,shot_2475_contaminated,0
heavy,13,0.003,2,shot_2476,0
heavy,13,0.003,2,shot_2476_num_defects,88
heavy,13,0.003,2,shot_2476_phase1_ns,136259
heavy,13,0.003,2,shot_2476_harvest_ns,24296
heavy,13,0.003,2,shot_2476_escalation_ns,61396
heavy,13,0.003,2,shot_2476_stock_ns,61307
heavy,13,0.003,2,shot_2476_total_ns,222181
heavy,13,0.003,2,shot_2476_exact_reference_ns,30147
heavy,13,0.003,2,shot_2476_escalated,1
heavy,13,0.003,2,shot_2476_contaminated,0
heavy,13,0.003,2,shot_2604,0
heavy,13,0.003,2,shot_2604_num_defects,151
heavy,13,0.003,2,shot_2604_phase1_ns,220868
heavy,13,0.003,2,shot_2604_harvest_ns,4870
heavy,13,0.003,2,shot_2604_escalation_ns,0
heavy,13,0.003,2,shot_2604_stock_ns,0
heavy,13,0.003,2,shot_2604_total_ns,225868
heavy,13,0.003,2,shot_2604_exact_reference_ns,80242
heavy,13,0.003,2,shot_2604_escalated,0
heavy,13,0.003,2,shot_2604_contaminated,0
heavy,13,0.003,2,shot_2774,0
heavy,13,0.003,2,shot_2774_num_defects,115
heavy,13,0.003,2,shot_2774_phase1_ns,166144
heavy,13,0.003,2,shot_2774_harvest_ns,29206
heavy,13,0.003,2,shot_2774_escalation_ns,97155
heavy,13,0.003,2,shot_2774_stock_ns,97084
heavy,13,0.003,2,shot_2774_total_ns,292745
heavy,13,0.003,2,shot_2774_exact_reference_ns,59313
heavy,13,0.003,2,shot_2774_escalated,1
heavy,13,0.003,2,shot_2774_contaminated,0
heavy,13,0.003,2,shot_2938,0
heavy,13,0.003,2,shot_2938_num_defects,102
heavy,13,0.003,2,shot_2938_phase1_ns,119717
heavy,13,0.003,2,shot_2938_harvest_ns,23665
heavy,13,0.003,2,shot_2938_escalation_ns,59533
heavy,13,0.003,2,shot_2938_stock_ns,59472
heavy,13,0.003,2,shot_2938_total_ns,203045
heavy,13,0.003,2,shot_2938_exact_reference_ns,35568
heavy,13,0.003,2,shot_2938_escalated,1
heavy,13,0.003,2,shot_2938_contaminated,0
heavy,13,0.003,2,shot_3037,0
heavy,13,0.003,2,shot_3037_num_defects,95
heavy,13,0.003,2,shot_3037_phase1_ns,109949
heavy,13,0.003,2,shot_3037_harvest_ns,21330
heavy,13,0.003,2,shot_3037_escalation_ns,80783
heavy,13,0.003,2,shot_3037_stock_ns,80732
heavy,13,0.003,2,shot_3037_total_ns,212303
heavy,13,0.003,2,shot_3037_exact_reference_ns,43532
heavy,13,0.003,2,shot_3037_escalated,1
heavy,13,0.003,2,shot_3037_contaminated,0
heavy,13,0.003,2,shot_3201,0
heavy,13,0.003,2,shot_3201_num_defects,125
heavy,13,0.003,2,shot_3201_phase1_ns,196052
heavy,13,0.003,2,shot_3201_harvest_ns,21741
heavy,13,0.003,2,shot_3201_escalation_ns,129676
heavy,13,0.003,2,shot_3201_stock_ns,129616
heavy,13,0.003,2,shot_3201_total_ns,347629
heavy,13,0.003,2,shot_3201_exact_reference_ns,88748
heavy,13,0.003,2,shot_3201_escalated,1
heavy,13,0.003,2,shot_3201_contaminated,0
heavy,13,0.003,2,shot_3292,0
heavy,13,0.003,2,shot_3292_num_defects,151
heavy,13,0.003,2,shot_3292_phase1_ns,258430
heavy,13,0.003,2,shot_3292_harvest_ns,5901
heavy,13,0.003,2,shot_3292_escalation_ns,0
heavy,13,0.003,2,shot_3292_stock_ns,0
heavy,13,0.003,2,shot_3292_total_ns,264462
heavy,13,0.003,2,shot_3292_exact_reference_ns,100942
heavy,13,0.003,2,shot_3292_escalated,0
heavy,13,0.003,2,shot_3292_contaminated,0
heavy,13,0.003,2,shot_3816,0
heavy,13,0.003,2,shot_3816_num_defects,110
heavy,13,0.003,2,shot_3816_phase1_ns,167558
heavy,13,0.003,2,shot_3816_harvest_ns,37351
heavy,13,0.003,2,shot_3816_escalation_ns,112914
heavy,13,0.003,2,shot_3816_stock_ns,112734
heavy,13,0.003,2,shot_3816_total_ns,318263
heavy,13,0.003,2,shot_3816_exact_reference_ns,58852
heavy,13,0.003,2,shot_3816_escalated,1
heavy,13,0.003,2,shot_3816_contaminated,0
heavy,13,0.003,2,shot_4155,0
heavy,13,0.003,2,shot_4155_num_defects,100
heavy,13,0.003,2,shot_4155_phase1_ns,144504
heavy,13,0.003,2,shot_4155_harvest_ns,31149
heavy,13,0.003,2,shot_4155_escalation_ns,105921
heavy,13,0.003,2,shot_4155_stock_ns,105860
heavy,13,0.003,2,shot_4155_total_ns,281804
heavy,13,0.003,2,shot_4155_exact_reference_ns,63501
heavy,13,0.003,2,shot_4155_escalated,1
heavy,13,0.003,2,shot_4155_contaminated,0
heavy,13,0.003,2,shot_4388,0
heavy,13,0.003,2,shot_4388_num_defects,101
heavy,13,0.003,2,shot_4388_phase1_ns,144254
heavy,13,0.003,2,shot_4388_harvest_ns,36078
heavy,13,0.003,2,shot_4388_escalation_ns,95531
heavy,13,0.003,2,shot_4388_stock_ns,95461
heavy,13,0.003,2,shot_4388_total_ns,276394
heavy,13,0.003,2,shot_4388_exact_reference_ns,35617
heavy,13,0.003,2,shot_4388_escalated,1
heavy,13,0.003,2,shot_4388_contaminated,0
heavy,13,0.003,2,shot_5046,0
heavy,13,0.003,2,shot_5046_num_defects,123
heavy,13,0.003,2,shot_5046_phase1_ns,182085
heavy,13,0.003,2,shot_5046_harvest_ns,32662
heavy,13,0.003,2,shot_5046_escalation_ns,126901
heavy,13,0.003,2,shot_5046_stock_ns,126831
heavy,13,0.003,2,shot_5046_total_ns,341868
heavy,13,0.003,2,shot_5046_exact_reference_ns,67638
heavy,13,0.003,2,shot_5046_escalated,1
heavy,13,0.003,2,shot_5046_contaminated,0
heavy,13,0.003,2,shot_5272,0
heavy,13,0.003,2,shot_5272_num_defects,160
heavy,13,0.003,2,shot_5272_phase1_ns,305759
heavy,13,0.003,2,shot_5272_harvest_ns,7876
heavy,13,0.003,2,shot_5272_escalation_ns,0
heavy,13,0.003,2,shot_5272_stock_ns,0
heavy,13,0.003,2,shot_5272_total_ns,313925
heavy,13,0.003,2,shot_5272_exact_reference_ns,121310
heavy,13,0.003,2,shot_5272_escalated,0
heavy,13,0.003,2,shot_5272_contaminated,0
heavy,13,0.003,2,shot_5554,0
heavy,13,0.003,2,shot_5554_num_defects,114
heavy,13,0.003,2,shot_5554_phase1_ns,168368
heavy,13,0.003,2,shot_5554_harvest_ns,29326
heavy,13,0.003,2,shot_5554_escalation_ns,103927
heavy,13,0.003,2,shot_5554_stock_ns,103857
heavy,13,0.003,2,shot_5554_total_ns,301832
heavy,13,0.003,2,shot_5554_exact_reference_ns,61967
heavy,13,0.003,2,shot_5554_escalated,1
heavy,13,0.003,2,shot_5554_contaminated,0
heavy,13,0.003,2,shot_5695,0
heavy,13,0.003,2,shot_5695_num_defects,103
heavy,13,0.003,2,shot_5695_phase1_ns,137501
heavy,13,0.003,2,shot_5695_harvest_ns,22302
heavy,13,0.003,2,shot_5695_escalation_ns,60044
heavy,13,0.003,2,shot_5695_stock_ns,59973
heavy,13,0.003,2,shot_5695_total_ns,220107
heavy,13,0.003,2,shot_5695_exact_reference_ns,33684
heavy,13,0.003,2,shot_5695_escalated,1
heavy,13,0.003,2,shot_5695_contaminated,0
heavy,13,0.003,2,shot_5985,0
heavy,13,0.003,2,shot_5985_num_defects,123
heavy,13,0.003,2,shot_5985_phase1_ns,170123
heavy,13,0.003,2,shot_5985_harvest_ns,24777
heavy,13,0.003,2,shot_5985_escalation_ns,112663
heavy,13,0.003,2,shot_5985_stock_ns,112593
heavy,13,0.003,2,shot_5985_total_ns,307774
heavy,13,0.003,2,shot_5985_exact_reference_ns,61266
heavy,13,0.003,2,shot_5985_escalated,1
heavy,13,0.003,2,shot_5985_contaminated,0
heavy,13,0.003,2,shot_5986,0
heavy,13,0.003,2,shot_5986_num_defects,97
heavy,13,0.003,2,shot_5986_phase1_ns,135949
heavy,13,0.003,2,shot_5986_harvest_ns,10730
heavy,13,0.003,2,shot_5986_escalation_ns,58160
heavy,13,0.003,2,shot_5986_stock_ns,58100
heavy,13,0.003,2,shot_5986_total_ns,204979
heavy,13,0.003,2,shot_5986_exact_reference_ns,32962
heavy,13,0.003,2,shot_5986_escalated,1
heavy,13,0.003,2,shot_5986_contaminated,0
heavy,13,0.003,2,shot_6036,0
heavy,13,0.003,2,shot_6036_num_defects,124
heavy,13,0.003,2,shot_6036_phase1_ns,180903
heavy,13,0.003,2,shot_6036_harvest_ns,23114
heavy,13,0.003,2,shot_6036_escalation_ns,97655
heavy,13,0.003,2,shot_6036_stock_ns,97595
heavy,13,0.003,2,shot_6036_total_ns,301923
heavy,13,0.003,2,shot_6036_exact_reference_ns,65905
heavy,13,0.003,2,shot_6036_escalated,1
heavy,13,0.003,2,shot_6036_contaminated,0
heavy,13,0.003,2,shot_6235,0
heavy,13,0.003,2,shot_6235_num_defects,124
heavy,13,0.003,2,shot_6235_phase1_ns,165543
heavy,13,0.003,2,shot_6235_harvest_ns,20730
heavy,13,0.003,2,shot_6235_escalation_ns,76545
heavy,13,0.003,2,shot_6235_stock_ns,76484
heavy,13,0.003,2,shot_6235_total_ns,263059
heavy,13,0.003,2,shot_6235_exact_reference_ns,49244
heavy,13,0.003,2,shot_6235_escalated,1
heavy,13,0.003,2,shot_6235_contaminated,0
heavy,13,0.003,2,shot_7389,0
heavy,13,0.003,2,shot_7389_num_defects,149
heavy,13,0.003,2,shot_7389_phase1_ns,226100
heavy,13,0.003,2,shot_7389_harvest_ns,4929
heavy,13,0.003,2,shot_7389_escalation_ns,0
heavy,13,0.003,2,shot_7389_stock_ns,0
heavy,13,0.003,2,shot_7389_total_ns,231139
heavy,13,0.003,2,shot_7389_exact_reference_ns,84972
heavy,13,0.003,2,shot_7389_escalated,0
heavy,13,0.003,2,shot_7389_contaminated,0
heavy,13,0.003,2,shot_7610,0
heavy,13,0.003,2,shot_7610_num_defects,75
heavy,13,0.003,2,shot_7610_phase1_ns,97063
heavy,13,0.003,2,shot_7610_harvest_ns,30188
heavy,13,0.003,2,shot_7610_escalation_ns,75564
heavy,13,0.003,2,shot_7610_stock_ns,75503
heavy,13,0.003,2,shot_7610_total_ns,203106
heavy,13,0.003,2,shot_7610_exact_reference_ns,40377
heavy,13,0.003,2,shot_7610_escalated,1
heavy,13,0.003,2,shot_7610_contaminated,0
heavy,13,0.003,2,shot_7680,0
heavy,13,0.003,2,shot_7680_num_defects,86
heavy,13,0.003,2,shot_7680_phase1_ns,116060
heavy,13,0.003,2,shot_7680_harvest_ns,22372
heavy,13,0.003,2,shot_7680_escalation_ns,107343
heavy,13,0.003,2,shot_7680_stock_ns,107283
heavy,13,0.003,2,shot_7680_total_ns,246136
heavy,13,0.003,2,shot_7680_exact_reference_ns,82727
heavy,13,0.003,2,shot_7680_escalated,1
heavy,13,0.003,2,shot_7680_contaminated,0
heavy,13,0.003,2,shot_7769,0
heavy,13,0.003,2,shot_7769_num_defects,99
heavy,13,0.003,2,shot_7769_phase1_ns,119496
heavy,13,0.003,2,shot_7769_harvest_ns,19637
heavy,13,0.003,2,shot_7769_escalation_ns,83739
heavy,13,0.003,2,shot_7769_stock_ns,83689
heavy,13,0.003,2,shot_7769_total_ns,223073
heavy,13,0.003,2,shot_7769_exact_reference_ns,56557
heavy,13,0.003,2,shot_7769_escalated,1
heavy,13,0.003,2,shot_7769_contaminated,0
heavy,13,0.003,2,shot_7967,0
heavy,13,0.003,2,shot_7967_num_defects,125
heavy,13,0.003,2,shot_7967_phase1_ns,164652
heavy,13,0.003,2,shot_7967_harvest_ns,24196
heavy,13,0.003,2,shot_7967_escalation_ns,94900
heavy,13,0.003,2,shot_7967_stock_ns,94579
heavy,13,0.003,2,shot_7967_total_ns,284339
heavy,13,0.003,2,shot_7967_exact_reference_ns,55796
heavy,13,0.003,2,shot_7967_escalated,1
heavy,13,0.003,2,shot_7967_contaminated,0
heavy,13,0.003,2,shot_7968,0
heavy,13,0.003,2,shot_7968_num_defects,93
heavy,13,0.003,2,shot_7968_phase1_ns,126141
heavy,13,0.003,2,shot_7968_harvest_ns,10429
heavy,13,0.003,2,shot_7968_escalation_ns,83308
heavy,13,0.003,2,shot_7968_stock_ns,83227
heavy,13,0.003,2,shot_7968_total_ns,220108
heavy,13,0.003,2,shot_7968_exact_reference_ns,38453
heavy,13,0.003,2,shot_7968_escalated,1
heavy,13,0.003,2,shot_7968_contaminated,1
heavy,13,0.003,2,shot_8069,0
heavy,13,0.003,2,shot_8069_num_defects,103
heavy,13,0.003,2,shot_8069_phase1_ns,300911
heavy,13,0.003,2,shot_8069_harvest_ns,59923
heavy,13,0.003,2,shot_8069_escalation_ns,115379
heavy,13,0.003,2,shot_8069_stock_ns,115239
heavy,13,0.003,2,shot_8069_total_ns,476524
heavy,13,0.003,2,shot_8069_exact_reference_ns,54673
heavy,13,0.003,2,shot_8069_escalated,1
heavy,13,0.003,2,shot_8069_contaminated,1
heavy,13,0.003,2,shot_8182,0
heavy,13,0.003,2,shot_8182_num_defects,89
heavy,13,0.003,2,shot_8182_phase1_ns,140547
heavy,13,0.003,2,shot_8182_harvest_ns,26820
heavy,13,0.003,2,shot_8182_escalation_ns,88889
heavy,13,0.003,2,shot_8182_stock_ns,88828
heavy,13,0.003,2,shot_8182_total_ns,256636
heavy,13,0.003,2,shot_8182_exact_reference_ns,57920
heavy,13,0.003,2,shot_8182_escalated,1
heavy,13,0.003,2,shot_8182_contaminated,1
heavy,13,0.003,2,shot_8718,0
heavy,13,0.003,2,shot_8718_num_defects,160
heavy,13,0.003,2,shot_8718_phase1_ns,427219
heavy,13,0.003,2,shot_8718_harvest_ns,15570
heavy,13,0.003,2,shot_8718_escalation_ns,0
heavy,13,0.003,2,shot_8718_stock_ns,0
heavy,13,0.003,2,shot_8718_total_ns,442899
heavy,13,0.003,2,shot_8718_exact_reference_ns,221630
heavy,13,0.003,2,shot_8718_escalated,0
heavy,13,0.003,2,shot_8718_contaminated,0
heavy,13,0.003,2,shot_8888,0
heavy,13,0.003,2,shot_8888_num_defects,149
heavy,13,0.003,2,shot_8888_phase1_ns,224455
heavy,13,0.003,2,shot_8888_harvest_ns,5050
heavy,13,0.003,2,shot_8888_escalation_ns,0
heavy,13,0.003,2,shot_8888_stock_ns,0
heavy,13,0.003,2,shot_8888_total_ns,229595
heavy,13,0.003,2,shot_8888_exact_reference_ns,86573
heavy,13,0.003,2,shot_8888_escalated,0
heavy,13,0.003,2,shot_8888_contaminated,0
heavy,13,0.003,2,shot_9069,0
heavy,13,0.003,2,shot_9069_num_defects,82
heavy,13,0.003,2,shot_9069_phase1_ns,97274
heavy,13,0.003,2,shot_9069_harvest_ns,30788
heavy,13,0.003,2,shot_9069_escalation_ns,74080
heavy,13,0.003,2,shot_9069_stock_ns,74030
heavy,13,0.003,2,shot_9069_total_ns,202373
heavy,13,0.003,2,shot_9069_exact_reference_ns,48662
heavy,13,0.003,2,shot_9069_escalated,1
heavy,13,0.003,2,shot_9069_contaminated,0
heavy,13,0.003,2,shot_9097,0
heavy,13,0.003,2,shot_9097_num_defects,116
heavy,13,0.003,2,shot_9097_phase1_ns,152989
heavy,13,0.003,2,shot_9097_harvest_ns,22072
heavy,13,0.003,2,shot_9097_escalation_ns,112894
heavy,13,0.003,2,shot_9097_stock_ns,112834
heavy,13,0.003,2,shot_9097_total_ns,288187
heavy,13,0.003,2,shot_9097_exact_reference_ns,42811
heavy,13,0.003,2,shot_9097_escalated,1
heavy,13,0.003,2,shot_9097_contaminated,1
heavy,13,0.003,2,shot_9213,0
heavy,13,0.003,2,shot_9213_num_defects,147
heavy,13,0.003,2,shot_9213_phase1_ns,209847
heavy,13,0.003,2,shot_9213_harvest_ns,4859
heavy,13,0.003,2,shot_9213_escalation_ns,0
heavy,13,0.003,2,shot_9213_stock_ns,0
heavy,13,0.003,2,shot_9213_total_ns,214817
heavy,13,0.003,2,shot_9213_exact_reference_ns,79681
heavy,13,0.003,2,shot_9213_escalated,0
heavy,13,0.003,2,shot_9213_contaminated,0
heavy,13,0.003,2,shot_9260,0
heavy,13,0.003,2,shot_9260_num_defects,97
heavy,13,0.003,2,shot_9260_phase1_ns,127301
heavy,13,0.003,2,shot_9260_harvest_ns,32141
heavy,13,0.003,2,shot_9260_escalation_ns,76966
heavy,13,0.003,2,shot_9260_stock_ns,76916
heavy,13,0.003,2,shot_9260_total_ns,237079
heavy,13,0.003,2,shot_9260_exact_reference_ns,48302
heavy,13,0.003,2,shot_9260_escalated,1
heavy,13,0.003,2,shot_9260_contaminated,0
heavy,13,0.003,2,shot_9364,0
heavy,13,0.003,2,shot_9364_num_defects,64
heavy,13,0.003,2,shot_9364_phase1_ns,71257
heavy,13,0.003,2,shot_9364_harvest_ns,28543
heavy,13,0.003,2,shot_9364_escalation_ns,57068
heavy,13,0.003,2,shot_9364_stock_ns,56988
heavy,13,0.003,2,shot_9364_total_ns,157078
heavy,13,0.003,2,shot_9364_exact_reference_ns,28875
heavy,13,0.003,2,shot_9364_escalated,1
heavy,13,0.003,2,shot_9364_contaminated,0
heavy,13,0.003,2,shot_9619,0
heavy,13,0.003,2,shot_9619_num_defects,111
heavy,13,0.003,2,shot_9619_phase1_ns,144934
heavy,13,0.003,2,shot_9619_harvest_ns,24116
heavy,13,0.003,2,shot_9619_escalation_ns,76125
heavy,13,0.003,2,shot_9619_stock_ns,76064
heavy,13,0.003,2,shot_9619_total_ns,245405
heavy,13,0.003,2,shot_9619_exact_reference_ns,52269
heavy,13,0.003,2,shot_9619_escalated,1
heavy,13,0.003,2,shot_9619_contaminated,0
heavy,13,0.003,2,shot_9706,0
heavy,13,0.003,2,shot_9706_num_defects,148
heavy,13,0.003,2,shot_9706_phase1_ns,194128
heavy,13,0.003,2,shot_9706_harvest_ns,4489
heavy,13,0.003,2,shot_9706_escalation_ns,0
heavy,13,0.003,2,shot_9706_stock_ns,0
heavy,13,0.003,2,shot_9706_total_ns,198707
heavy,13,0.003,2,shot_9706_exact_reference_ns,65705
heavy,13,0.003,2,shot_9706_escalated,0
heavy,13,0.003,2,shot_9706_contaminated,0
heavy,13,0.003,2,shot_9726,0
heavy,13,0.003,2,shot_9726_num_defects,116
heavy,13,0.003,2,shot_9726_phase1_ns,197364
heavy,13,0.003,2,shot_9726_harvest_ns,36429
heavy,13,0.003,2,shot_9726_escalation_ns,174902
heavy,13,0.003,2,shot_9726_stock_ns,174751
heavy,13,0.003,2,shot_9726_total_ns,408965
heavy,13,0.003,2,shot_9726_exact_reference_ns,68630
heavy,13,0.003,2,shot_9726_escalated,1
heavy,13,0.003,2,shot_9726_contaminated,0
heavy,13,0.003,2,shot_9751,0
heavy,13,0.003,2,shot_9751_num_defects,96
heavy,13,0.003,2,shot_9751_phase1_ns,116832
heavy,13,0.003,2,shot_9751_harvest_ns,25118
heavy,13,0.003,2,shot_9751_escalation_ns,71436
heavy,13,0.003,2,shot_9751_stock_ns,71366
heavy,13,0.003,2,shot_9751_total_ns,213615
heavy,13,0.003,2,shot_9751_exact_reference_ns,40306
heavy,13,0.003,2,shot_9751_escalated,1
heavy,13,0.003,2,shot_9751_contaminated,0
heavy,13,0.003,2,shot_9752,0
heavy,13,0.003,2,shot_9752_num_defects,95
heavy,13,0.003,2,shot_9752_phase1_ns,134264
heavy,13,0.003,2,shot_9752_harvest_ns,10941
heavy,13,0.003,2,shot_9752_escalation_ns,117904
heavy,13,0.003,2,shot_9752_stock_ns,117843
heavy,13,0.003,2,shot_9752_total_ns,263249
heavy,13,0.003,2,shot_9752_exact_reference_ns,83909
heavy,13,0.003,2,shot_9752_escalated,1
heavy,13,0.003,2,shot_9752_contaminated,0
heavy,13,0.003,2,shot_9949,0
heavy,13,0.003,2,shot_9949_num_defects,125
heavy,13,0.003,2,shot_9949_phase1_ns,173499
heavy,13,0.003,2,shot_9949_harvest_ns,24236
heavy,13,0.003,2,shot_9949_escalation_ns,99719
heavy,13,0.003,2,shot_9949_stock_ns,99659
heavy,13,0.003,2,shot_9949_total_ns,297715
heavy,13,0.003,2,shot_9949_exact_reference_ns,62238
heavy,13,0.003,2,shot_9949_escalated,1
heavy,13,0.003,2,shot_9949_contaminated,0
heavy,13,0.003,2,shot_10188,0
heavy,13,0.003,2,shot_10188_num_defects,88
heavy,13,0.003,2,shot_10188_phase1_ns,167869
heavy,13,0.003,2,shot_10188_harvest_ns,51387
heavy,13,0.003,2,shot_10188_escalation_ns,158009
heavy,13,0.003,2,shot_10188_stock_ns,157959
heavy,13,0.003,2,shot_10188_total_ns,377516
heavy,13,0.003,2,shot_10188_exact_reference_ns,68591
heavy,13,0.003,2,shot_10188_escalated,1
heavy,13,0.003,2,shot_10188_contaminated,0
heavy,13,0.003,2,shot_10525,0
heavy,13,0.003,2,shot_10525_num_defects,153
heavy,13,0.003,2,shot_10525_phase1_ns,229545
heavy,13,0.003,2,shot_10525_harvest_ns,4819
heavy,13,0.003,2,shot_10525_escalation_ns,0
heavy,13,0.003,2,shot_10525_stock_ns,0
heavy,13,0.003,2,shot_10525_total_ns,234485
heavy,13,0.003,2,shot_10525_exact_reference_ns,86043
heavy,13,0.003,2,shot_10525_escalated,0
heavy,13,0.003,2,shot_10525_contaminated,0
heavy,13,0.003,2,shot_10755,0
heavy,13,0.003,2,shot_10755_num_defects,96
heavy,13,0.003,2,shot_10755_phase1_ns,132209
heavy,13,0.003,2,shot_10755_harvest_ns,33775
heavy,13,0.003,2,shot_10755_escalation_ns,80533
heavy,13,0.003,2,shot_10755_stock_ns,80473
heavy,13,0.003,2,shot_10755_total_ns,246718
heavy,13,0.003,2,shot_10755_exact_reference_ns,83990
heavy,13,0.003,2,shot_10755_escalated,1
heavy,13,0.003,2,shot_10755_contaminated,0
heavy,13,0.003,2,shot_10757,0
heavy,13,0.003,2,shot_10757_num_defects,159
heavy,13,0.003,2,shot_10757_phase1_ns,238974
heavy,13,0.003,2,shot_10757_harvest_ns,7634
heavy,13,0.003,2,shot_10757_escalation_ns,0
heavy,13,0.003,2,shot_10757_stock_ns,0
heavy,13,0.003,2,shot_10757_total_ns,246718
heavy,13,0.003,2,shot_10757_exact_reference_ns,80553
heavy,13,0.003,2,shot_10757_escalated,0
heavy,13,0.003,2,shot_10757_contaminated,0
heavy,13,0.003,2,shot_10801,0
heavy,13,0.003,2,shot_10801_num_defects,72
heavy,13,0.003,2,shot_10801_phase1_ns,75332
heavy,13,0.003,2,shot_10801_harvest_ns,24587
heavy,13,0.003,2,shot_10801_escalation_ns,57999
heavy,13,0.003,2,shot_10801_stock_ns,57949
heavy,13,0.003,2,shot_10801_total_ns,158150
heavy,13,0.003,2,shot_10801_exact_reference_ns,34426
heavy,13,0.003,2,shot_10801_escalated,1
heavy,13,0.003,2,shot_10801_contaminated,0
heavy,13,0.003,2,shot_11539,0
heavy,13,0.003,2,shot_11539_num_defects,115
heavy,13,0.003,2,shot_11539_phase1_ns,149473
heavy,13,0.003,2,shot_11539_harvest_ns,23124
heavy,13,0.003,2,shot_11539_escalation_ns,104618
heavy,13,0.003,2,shot_11539_stock_ns,104508
heavy,13,0.003,2,shot_11539_total_ns,277456
heavy,13,0.003,2,shot_11539_exact_reference_ns,61065
heavy,13,0.003,2,shot_11539_escalated,1
heavy,13,0.003,2,shot_11539_contaminated,0
heavy,13,0.003,2,shot_11740,0
heavy,13,0.003,2,shot_11740_num_defects,106
heavy,13,0.003,2,shot_11740_phase1_ns,149964
heavy,13,0.003,2,shot_11740_harvest_ns,25378
heavy,13,0.003,2,shot_11740_escalation_ns,113726
heavy,13,0.003,2,shot_11740_stock_ns,113675
heavy,13,0.003,2,shot_11740_total_ns,289308
heavy,13,0.003,2,shot_11740_exact_reference_ns,77326
heavy,13,0.003,2,shot_11740_escalated,1
heavy,13,0.003,2,shot_11740_contaminated,0
heavy,13,0.003,2,shot_11743,0
heavy,13,0.003,2,shot_11743_num_defects,86
heavy,13,0.003,2,shot_11743_phase1_ns,128385
heavy,13,0.003,2,shot_11743_harvest_ns,17262
heavy,13,0.003,2,shot_11743_escalation_ns,121650
heavy,13,0.003,2,shot_11743_stock_ns,121591
heavy,13,0.003,2,shot_11743_total_ns,267438
heavy,13,0.003,2,shot_11743_exact_reference_ns,97615
heavy,13,0.003,2,shot_11743_escalated,1
heavy,13,0.003,2,shot_11743_contaminated,0
heavy,13,0.003,2,shot_11868,0
heavy,13,0.003,2,shot_11868_num_defects,88
heavy,13,0.003,2,shot_11868_phase1_ns,123243
heavy,13,0.003,2,shot_11868_harvest_ns,26150
heavy,13,0.003,2,shot_11868_escalation_ns,71175
heavy,13,0.003,2,shot_11868_stock_ns,71115
heavy,13,0.003,2,shot_11868_total_ns,220768
heavy,13,0.003,2,shot_11868_exact_reference_ns,38684
heavy,13,0.003,2,shot_11868_escalated,1
heavy,13,0.003,2,shot_11868_contaminated,0
heavy,13,0.003,2,shot_13051,0
heavy,13,0.003,2,shot_13051_num_defects,119
heavy,13,0.003,2,shot_13051_phase1_ns,183718
heavy,13,0.003,2,shot_13051_harvest_ns,29266
heavy,13,0.003,2,shot_13051_escalation_ns,113225
heavy,13,0.003,2,shot_13051_stock_ns,113165
heavy,13,0.003,2,shot_13051_total_ns,326640
heavy,13,0.003,2,shot_13051_exact_reference_ns,67528
heavy,13,0.003,2,shot_13051_escalated,1
heavy,13,0.003,2,shot_13051_contaminated,0
heavy,13,0.003,2,shot_13771,0
heavy,13,0.003,2,shot_13771_num_defects,103
heavy,13,0.003,2,shot_13771_phase1_ns,134876
heavy,13,0.003,2,shot_13771_harvest_ns,30147
heavy,13,0.003,2,shot_13771_escalation_ns,116531
heavy,13,0.003,2,shot_13771_stock_ns,116441
heavy,13,0.003,2,shot_13771_total_ns,281905
heavy,13,0.003,2,shot_13771_exact_reference_ns,86804
heavy,13,0.003,2,shot_13771_escalated,1
heavy,13,0.003,2,shot_13771_contaminated,0
heavy,13,0.003,2,shot_13968,0
heavy,13,0.003,2,shot_13968_num_defects,109
heavy,13,0.003,2,shot_13968_phase1_ns,141628
heavy,13,0.003,2,shot_13968_harvest_ns,21130
heavy,13,0.003,2,shot_13968_escalation_ns,104047
heavy,13,0.003,2,shot_13968_stock_ns,103997
heavy,13,0.003,2,shot_13968_total_ns,267056
heavy,13,0.003,2,shot_13968_exact_reference_ns,50556
heavy,13,0.003,2,shot_13968_escalated,1
heavy,13,0.003,2,shot_13968_contaminated,0
heavy,13,0.003,2,shot_14435,0
heavy,13,0.003,2,shot_14435_num_defects,105
heavy,13,0.003,2,shot_14435_phase1_ns,149864
heavy,13,0.003,2,shot_14435_harvest_ns,23304
heavy,13,0.003,2,shot_14435_escalation_ns,73139
heavy,13,0.003,2,shot_14435_stock_ns,73068
heavy,13,0.003,2,shot_14435_total_ns,246517
heavy,13,0.003,2,shot_14435_exact_reference_ns,40306
heavy,13,0.003,2,shot_14435_escalated,1
heavy,13,0.003,2,shot_14435_contaminated,0
heavy,13,0.003,2,shot_14701,0
heavy,13,0.003,2,shot_14701_num_defects,112
heavy,13,0.003,2,shot_14701_phase1_ns,260684
heavy,13,0.003,2,shot_14701_harvest_ns,37171
heavy,13,0.003,2,shot_14701_escalation_ns,97304
heavy,13,0.003,2,shot_14701_stock_ns,97144
heavy,13,0.003,2,shot_14701_total_ns,395570
heavy,13,0.003,2,shot_14701_exact_reference_ns,44374
heavy,13,0.003,2,shot_14701_escalated,1
heavy,13,0.003,2,shot_14701_contaminated,0
heavy,13,0.003,2,shot_15116,0
heavy,13,0.003,2,shot_15116_num_defects,109
heavy,13,0.003,2,shot_15116_phase1_ns,163780
heavy,13,0.003,2,shot_15116_harvest_ns,25258
heavy,13,0.003,2,shot_15116_escalation_ns,95581
heavy,13,0.003,2,shot_15116_stock_ns,95521
heavy,13,0.003,2,shot_15116_total_ns,284960
heavy,13,0.003,2,shot_15116_exact_reference_ns,68811
heavy,13,0.003,2,shot_15116_escalated,1
heavy,13,0.003,2,shot_15116_contaminated,0
heavy,13,0.003,2,shot_15343,0
heavy,13,0.003,2,shot_15343_num_defects,119
heavy,13,0.003,2,shot_15343_phase1_ns,145606
heavy,13,0.003,2,shot_15343_harvest_ns,24977
heavy,13,0.003,2,shot_15343_escalation_ns,68710
heavy,13,0.003,2,shot_15343_stock_ns,68640
heavy,13,0.003,2,shot_15343_total_ns,239604
heavy,13,0.003,2,shot_15343_exact_reference_ns,44173
heavy,13,0.003,2,shot_15343_escalated,1
heavy,13,0.003,2,shot_15343_contaminated,0
heavy,13,0.003,2,shot_15478,0
heavy,13,0.003,2,shot_15478_num_defects,119
heavy,13,0.003,2,shot_15478_phase1_ns,147671
heavy,13,0.003,2,shot_15478_harvest_ns,23744
heavy,13,0.003,2,shot_15478_escalation_ns,105741
heavy,13,0.003,2,shot_15478_stock_ns,105690
heavy,13,0.003,2,shot_15478_total_ns,277377
heavy,13,0.003,2,shot_15478_exact_reference_ns,68430
heavy,13,0.003,2,shot_15478_escalated,1
heavy,13,0.003,2,shot_15478_contaminated,0
heavy,13,0.003,2,shot_15914,0
heavy,13,0.003,2,shot_15914_num_defects,152
heavy,13,0.003,2,shot_15914_phase1_ns,219505
heavy,13,0.003,2,shot_15914_harvest_ns,4649
heavy,13,0.003,2,shot_15914_escalation_ns,0
heavy,13,0.003,2,shot_15914_stock_ns,0
heavy,13,0.003,2,shot_15914_total_ns,224256
heavy,13,0.003,2,shot_15914_exact_reference_ns,68149
heavy,13,0.003,2,shot_15914_escalated,0
heavy,13,0.003,2,shot_15914_contaminated,0
heavy,13,0.003,2,shot_15918,0
heavy,13,0.003,2,shot_15918_num_defects,117
heavy,13,0.003,2,shot_15918_phase1_ns,159282
heavy,13,0.003,2,shot_15918_harvest_ns,22202
heavy,13,0.003,2,shot_15918_escalation_ns,91223
heavy,13,0.003,2,shot_15918_stock_ns,91153
heavy,13,0.003,2,shot_15918_total_ns,272948
heavy,13,0.003,2,shot_15918_exact_reference_ns,59293
heavy,13,0.003,2,shot_15918_escalated,1
heavy,13,0.003,2,shot_15918_contaminated,0
heavy,13,0.003,2,shot_15944,0
heavy,13,0.003,2,shot_15944_num_defects,154
heavy,13,0.003,2,shot_15944_phase1_ns,223643
heavy,13,0.003,2,shot_15944_harvest_ns,5521
heavy,13,0.003,2,shot_15944_escalation_ns,0
heavy,13,0.003,2,shot_15944_stock_ns,0
heavy,13,0.003,2,shot_15944_total_ns,229326
heavy,13,0.003,2,shot_15944_exact_reference_ns,89199
heavy,13,0.003,2,shot_15944_escalated,0
heavy,13,0.003,2,shot_15944_contaminated,0
heavy,13,0.003,2,shot_17292,0
heavy,13,0.003,2,shot_17292_num_defects,157
heavy,13,0.003,2,shot_17292_phase1_ns,235857
heavy,13,0.003,2,shot_17292_harvest_ns,6322
heavy,13,0.003,2,shot_17292_escalation_ns,0
heavy,13,0.003,2,shot_17292_stock_ns,0
heavy,13,0.003,2,shot_17292_total_ns,242299
heavy,13,0.003,2,shot_17292_exact_reference_ns,104979
heavy,13,0.003,2,shot_17292_escalated,0
heavy,13,0.003,2,shot_17292_contaminated,0
heavy,13,0.003,2,shot_17593,0
heavy,13,0.003,2,shot_17593_num_defects,117
heavy,13,0.003,2,shot_17593_phase1_ns,149694
heavy,13,0.003,2,shot_17593_harvest_ns,28444
heavy,13,0.003,2,shot_17593_escalation_ns,90922
heavy,13,0.003,2,shot_17593_stock_ns,90862
heavy,13,0.003,2,shot_17593_total_ns,269431
heavy,13,0.003,2,shot_17593_exact_reference_ns,50045
heavy,13,0.003,2,shot_17593_escalated,1
heavy,13,0.003,2,shot_17593_contaminated,0
heavy,13,0.003,2,shot_17954,0
heavy,13,0.003,2,shot_17954_num_defects,149
heavy,13,0.003,2,shot_17954_phase1_ns,234644
heavy,13,0.003,2,shot_17954_harvest_ns,5100
heavy,13,0.003,2,shot_17954_escalation_ns,0
heavy,13,0.003,2,shot_17954_stock_ns,0
heavy,13,0.003,2,shot_17954_total_ns,239865
heavy,13,0.003,2,shot_17954_exact_reference_ns,86504
heavy,13,0.003,2,shot_17954_escalated,0
heavy,13,0.003,2,shot_17954_contaminated,0
heavy,13,0.003,2,shot_18195,0
heavy,13,0.003,2,shot_18195_num_defects,79
heavy,13,0.003,2,shot_18195_phase1_ns,98567
heavy,13,0.003,2,shot_18195_harvest_ns,28965
heavy,13,0.003,2,shot_18195_escalation_ns,80313
heavy,13,0.003,2,shot_18195_stock_ns,80241
heavy,13,0.003,2,shot_18195_total_ns,208155
heavy,13,0.003,2,shot_18195_exact_reference_ns,46929
heavy,13,0.003,2,shot_18195_escalated,1
heavy,13,0.003,2,shot_18195_contaminated,0
heavy,13,0.003,2,shot_18252,0
heavy,13,0.003,2,shot_18252_num_defects,147
heavy,13,0.003,2,shot_18252_phase1_ns,189600
heavy,13,0.003,2,shot_18252_harvest_ns,4418
heavy,13,0.003,2,shot_18252_escalation_ns,0
heavy,13,0.003,2,shot_18252_stock_ns,0
heavy,13,0.003,2,shot_18252_total_ns,194118
heavy,13,0.003,2,shot_18252_exact_reference_ns,67388
heavy,13,0.003,2,shot_18252_escalated,0
heavy,13,0.003,2,shot_18252_contaminated,0
heavy,13,0.003,2,shot_19033,0
heavy,13,0.003,2,shot_19033_num_defects,148
heavy,13,0.003,2,shot_19033_phase1_ns,207213
heavy,13,0.003,2,shot_19033_harvest_ns,4849
heavy,13,0.003,2,shot_19033_escalation_ns,0
heavy,13,0.003,2,shot_19033_stock_ns,0
heavy,13,0.003,2,shot_19033_total_ns,212183
heavy,13,0.003,2,shot_19033_exact_reference_ns,74421
heavy,13,0.003,2,shot_19033_escalated,0
heavy,13,0.003,2,shot_19033_contaminated,0
heavy,13,0.003,2,shot_19499,0
heavy,13,0.003,2,shot_19499_num_defects,90
heavy,13,0.003,2,shot_19499_phase1_ns,105560
heavy,13,0.003,2,shot_19499_harvest_ns,26631
heavy,13,0.003,2,shot_19499_escalation_ns,57448
heavy,13,0.003,2,shot_19499_stock_ns,57389
heavy,13,0.003,2,shot_19499_total_ns,189970
heavy,13,0.003,2,shot_19499_exact_reference_ns,31310
heavy,13,0.003,2,shot_19499_escalated,1
heavy,13,0.003,2,shot_19499_contaminated,0
heavy,13,0.003,2,shot_19619,0
heavy,13,0.003,2,shot_19619_num_defects,116
heavy,13,0.003,2,shot_19619_phase1_ns,165173
heavy,13,0.003,2,shot_19619_harvest_ns,20259
heavy,13,0.003,2,shot_19619_escalation_ns,89039
heavy,13,0.003,2,shot_19619_stock_ns,88979
heavy,13,0.003,2,shot_19619_total_ns,274721
heavy,13,0.003,2,shot_19619_exact_reference_ns,57829
heavy,13,0.003,2,shot_19619_escalated,1
heavy,13,0.003,2,shot_19619_contaminated,0
heavy,13,0.003,2,shot_19665,0
heavy,13,0.003,2,shot_19665_num_defects,103
heavy,13,0.003,2,shot_19665_phase1_ns,123705
heavy,13,0.003,2,shot_19665_harvest_ns,20599
heavy,13,0.003,2,shot_19665_escalation_ns,81104
heavy,13,0.003,2,shot_19665_stock_ns,81053
heavy,13,0.003,2,shot_19665_total_ns,225628
heavy,13,0.003,2,shot_19665_exact_reference_ns,53121
heavy,13,0.003,2,shot_19665_escalated,1
heavy,13,0.003,2,shot_19665_contaminated,0
heavy,13,0.003,2,shot_19703,0
heavy,13,0.003,2,shot_19703_num_defects,96
heavy,13,0.003,2,shot_19703_phase1_ns,113936
heavy,13,0.003,2,shot_19703_harvest_ns,19647
heavy,13,0.003,2,shot_19703_escalation_ns,59332
heavy,13,0.003,2,shot_19703_stock_ns,59283
heavy,13,0.003,2,shot_19703_total_ns,193356
heavy,13,0.003,2,shot_19703_exact_reference_ns,34796
heavy,13,0.003,2,shot_19703_escalated,1
heavy,13,0.003,2,shot_19703_contaminated,0
heavy,13,0.003,2,shot_19799,0
heavy,13,0.003,2,shot_19799_num_defects,151
heavy,13,0.003,2,shot_19799_phase1_ns,236167
heavy,13,0.003,2,shot_19799_harvest_ns,4950
heavy,13,0.003,2,shot_19799_escalation_ns,0
heavy,13,0.003,2,shot_19799_stock_ns,0
heavy,13,0.003,2,shot_19799_total_ns,241247
heavy,13,0.003,2,shot_19799_exact_reference_ns,85442
heavy,13,0.003,2,shot_19799_escalated,0
heavy,13,0.003,2,shot_19799_contaminated,1
heavy,13,0.003,2,shot_19845,0
heavy,13,0.003,2,shot_19845_num_defects,93
heavy,13,0.003,2,shot_19845_phase1_ns,111932
heavy,13,0.003,2,shot_19845_harvest_ns,26080
heavy,13,0.003,2,shot_19845_escalation_ns,60164
heavy,13,0.003,2,shot_19845_stock_ns,60104
heavy,13,0.003,2,shot_19845_total_ns,198386
heavy,13,0.003,2,shot_19845_exact_reference_ns,34977
heavy,13,0.003,2,shot_19845_escalated,1
heavy,13,0.003,2,shot_19845_contaminated,0
heavy,13,0.003,2,shot_19862,0
heavy,13,0.003,2,shot_19862_num_defects,119
heavy,13,0.003,2,shot_19862_phase1_ns,150246
heavy,13,0.003,2,shot_19862_harvest_ns,16571
heavy,13,0.003,2,shot_19862_escalation_ns,100180
heavy,13,0.003,2,shot_19862_stock_ns,100130
heavy,13,0.003,2,shot_19862_total_ns,267337
heavy,13,0.003,2,shot_19862_exact_reference_ns,61727
heavy,13,0.003,2,shot_19862_escalated,1
heavy,13,0.003,2,shot_19862_contaminated,0
heavy,13,0.005,2,shot_40,0
heavy,13,0.005,2,shot_40_num_defects,153
heavy,13,0.005,2,shot_40_phase1_ns,209447
heavy,13,0.005,2,shot_40_harvest_ns,33073
heavy,13,0.005,2,shot_40_escalation_ns,90261
heavy,13,0.005,2,shot_40_stock_ns,90001
heavy,13,0.005,2,shot_40_total_ns,333012
heavy,13,0.005,2,shot_40_exact_reference_ns,64583
heavy,13,0.005,2,shot_40_escalated,1
heavy,13,0.005,2,shot_40_contaminated,0
heavy,13,0.005,2,shot_48,0
heavy,13,0.005,2,shot_48_num_defects,166
heavy,13,0.005,2,shot_48_phase1_ns,243973
heavy,13,0.005,2,shot_48_harvest_ns,25448
heavy,13,0.005,2,shot_48_escalation_ns,119858
heavy,13,0.005,2,shot_48_stock_ns,119807
heavy,13,0.005,2,shot_48_total_ns,389498
heavy,13,0.005,2,shot_48_exact_reference_ns,80533
heavy,13,0.005,2,shot_48_escalated,1
heavy,13,0.005,2,shot_48_contaminated,0
heavy,13,0.005,2,shot_482,0
heavy,13,0.005,2,shot_482_num_defects,175
heavy,13,0.005,2,shot_482_phase1_ns,309838
heavy,13,0.005,2,shot_482_harvest_ns,44154
heavy,13,0.005,2,shot_482_escalation_ns,195571
heavy,13,0.005,2,shot_482_stock_ns,195521
heavy,13,0.005,2,shot_482_total_ns,549783
heavy,13,0.005,2,shot_482_exact_reference_ns,135467
heavy,13,0.005,2,shot_482_escalated,1
heavy,13,0.005,2,shot_482_contaminated,0
heavy,13,0.005,2,shot_499,0
heavy,13,0.005,2,shot_499_num_defects,139
heavy,13,0.005,2,shot_499_phase1_ns,187927
heavy,13,0.005,2,shot_499_harvest_ns,29365
heavy,13,0.005,2,shot_499_escalation_ns,112673
heavy,13,0.005,2,shot_499_stock_ns,112613
heavy,13,0.005,2,shot_499_total_ns,330197
heavy,13,0.005,2,shot_499_exact_reference_ns,71796
heavy,13,0.005,2,shot_499_escalated,1
heavy,13,0.005,2,shot_499_contaminated,0
heavy,13,0.005,2,shot_518,0
heavy,13,0.005,2,shot_518_num_defects,154
heavy,13,0.005,2,shot_518_phase1_ns,266154
heavy,13,0.005,2,shot_518_harvest_ns,33654
heavy,13,0.005,2,shot_518_escalation_ns,152088
heavy,13,0.005,2,shot_518_stock_ns,152048
heavy,13,0.005,2,shot_518_total_ns,452197
heavy,13,0.005,2,shot_518_exact_reference_ns,92876
heavy,13,0.005,2,shot_518_escalated,1
heavy,13,0.005,2,shot_518_contaminated,0
heavy,13,0.005,2,shot_550,0
heavy,13,0.005,2,shot_550_num_defects,155
heavy,13,0.005,2,shot_550_phase1_ns,230247
heavy,13,0.005,2,shot_550_harvest_ns,38593
heavy,13,0.005,2,shot_550_escalation_ns,113966
heavy,13,0.005,2,shot_550_stock_ns,113906
heavy,13,0.005,2,shot_550_total_ns,383026
heavy,13,0.005,2,shot_550_exact_reference_ns,78469
heavy,13,0.005,2,shot_550_escalated,1
heavy,13,0.005,2,shot_550_contaminated,0
heavy,13,0.005,2,shot_594,0
heavy,13,0.005,2,shot_594_num_defects,175
heavy,13,0.005,2,shot_594_phase1_ns,335096
heavy,13,0.005,2,shot_594_harvest_ns,40947
heavy,13,0.005,2,shot_594_escalation_ns,181635
heavy,13,0.005,2,shot_594_stock_ns,181584
heavy,13,0.005,2,shot_594_total_ns,558218
heavy,13,0.005,2,shot_594_exact_reference_ns,112604
heavy,13,0.005,2,shot_594_escalated,1
heavy,13,0.005,2,shot_594_contaminated,0
heavy,13,0.005,2,shot_598,0
heavy,13,0.005,2,shot_598_num_defects,151
heavy,13,0.005,2,shot_598_phase1_ns,341628
heavy,13,0.005,2,shot_598_harvest_ns,44364
heavy,13,0.005,2,shot_598_escalation_ns,264050
heavy,13,0.005,2,shot_598_stock_ns,263660
heavy,13,0.005,2,shot_598_total_ns,650333
heavy,13,0.005,2,shot_598_exact_reference_ns,117292
heavy,13,0.005,2,shot_598_escalated,1
heavy,13,0.005,2,shot_598_contaminated,0
heavy,13,0.005,2,shot_606,0
heavy,13,0.005,2,shot_606_num_defects,157
heavy,13,0.005,2,shot_606_phase1_ns,248491
heavy,13,0.005,2,shot_606_harvest_ns,26571
heavy,13,0.005,2,shot_606_escalation_ns,205360
heavy,13,0.005,2,shot_606_stock_ns,205310
heavy,13,0.005,2,shot_606_total_ns,480642
heavy,13,0.005,2,shot_606_exact_reference_ns,133574
heavy,13,0.005,2,shot_606_escalated,1
heavy,13,0.005,2,shot_606_contaminated,0
heavy,13,0.005,2,shot_693,0
heavy,13,0.005,2,shot_693_num_defects,151
heavy,13,0.005,2,shot_693_phase1_ns,203835
heavy,13,0.005,2,shot_693_harvest_ns,38844
heavy,13,0.005,2,shot_693_escalation_ns,99188
heavy,13,0.005,2,shot_693_stock_ns,99128
heavy,13,0.005,2,shot_693_total_ns,342109
heavy,13,0.005,2,shot_693_exact_reference_ns,61767
heavy,13,0.005,2,shot_693_escalated,1
heavy,13,0.005,2,shot_693_contaminated,0
heavy,13,0.005,2,shot_752,0
heavy,13,0.005,2,shot_752_num_defects,127
heavy,13,0.005,2,shot_752_phase1_ns,167838
heavy,13,0.005,2,shot_752_harvest_ns,35107
heavy,13,0.005,2,shot_752_escalation_ns,81234
heavy,13,0.005,2,shot_752_stock_ns,81184
heavy,13,0.005,2,shot_752_total_ns,284429
heavy,13,0.005,2,shot_752_exact_reference_ns,51568
heavy,13,0.005,2,shot_752_escalated,1
heavy,13,0.005,2,shot_752_contaminated,0
heavy,13,0.005,2,shot_839,0
heavy,13,0.005,2,shot_839_num_defects,136
heavy,13,0.005,2,shot_839_phase1_ns,187535
heavy,13,0.005,2,shot_839_harvest_ns,35007
heavy,13,0.005,2,shot_839_escalation_ns,132491
heavy,13,0.005,2,shot_839_stock_ns,132431
heavy,13,0.005,2,shot_839_total_ns,355284
heavy,13,0.005,2,shot_839_exact_reference_ns,91213
heavy,13,0.005,2,shot_839_escalated,1
heavy,13,0.005,2,shot_839_contaminated,0
heavy,13,0.005,2,shot_887,0
heavy,13,0.005,2,shot_887_num_defects,223
heavy,13,0.005,2,shot_887_phase1_ns,373027
heavy,13,0.005,2,shot_887_harvest_ns,8016
heavy,13,0.005,2,shot_887_escalation_ns,0
heavy,13,0.005,2,shot_887_stock_ns,0
heavy,13,0.005,2,shot_887_total_ns,381183
heavy,13,0.005,2,shot_887_exact_reference_ns,126039
heavy,13,0.005,2,shot_887_escalated,0
heavy,13,0.005,2,shot_887_contaminated,0
heavy,13,0.005,2,shot_929,0
heavy,13,0.005,2,shot_929_num_defects,138
heavy,13,0.005,2,shot_929_phase1_ns,210859
heavy,13,0.005,2,shot_929_harvest_ns,43022
heavy,13,0.005,2,shot_929_escalation_ns,198958
heavy,13,0.005,2,shot_929_stock_ns,198907
heavy,13,0.005,2,shot_929_total_ns,453089
heavy,13,0.005,2,shot_929_exact_reference_ns,157849
heavy,13,0.005,2,shot_929_escalated,1
heavy,13,0.005,2,shot_929_contaminated,0
heavy,13,0.005,2,shot_1140,0
heavy,13,0.005,2,shot_1140_num_defects,144
heavy,13,0.005,2,shot_1140_phase1_ns,212202
heavy,13,0.005,2,shot_1140_harvest_ns,34466
heavy,13,0.005,2,shot_1140_escalation_ns,108486
heavy,13,0.005,2,shot_1140_stock_ns,108436
heavy,13,0.005,2,shot_1140_total_ns,355414
heavy,13,0.005,2,shot_1140_exact_reference_ns,67167
heavy,13,0.005,2,shot_1140_escalated,1
heavy,13,0.005,2,shot_1140_contaminated,0
heavy,13,0.005,2,shot_1182,0
heavy,13,0.005,2,shot_1182_num_defects,155
heavy,13,0.005,2,shot_1182_phase1_ns,247028
heavy,13,0.005,2,shot_1182_harvest_ns,30027
heavy,13,0.005,2,shot_1182_escalation_ns,135167
heavy,13,0.005,2,shot_1182_stock_ns,135107
heavy,13,0.005,2,shot_1182_total_ns,412442
heavy,13,0.005,2,shot_1182_exact_reference_ns,97666
heavy,13,0.005,2,shot_1182_escalated,1
heavy,13,0.005,2,shot_1182_contaminated,0
heavy,13,0.005,2,shot_1208,0
heavy,13,0.005,2,shot_1208_num_defects,153
heavy,13,0.005,2,shot_1208_phase1_ns,249082
heavy,13,0.005,2,shot_1208_harvest_ns,26901
heavy,13,0.005,2,shot_1208_escalation_ns,172426
heavy,13,0.005,2,shot_1208_stock_ns,172377
heavy,13,0.005,2,shot_1208_total_ns,448630
heavy,13,0.005,2,shot_1208_exact_reference_ns,134084
heavy,13,0.005,2,shot_1208_escalated,1
heavy,13,0.005,2,shot_1208_contaminated,0
heavy,13,0.005,2,shot_1220,0
heavy,13,0.005,2,shot_1220_num_defects,178
heavy,13,0.005,2,shot_1220_phase1_ns,285922
heavy,13,0.005,2,shot_1220_harvest_ns,31149
heavy,13,0.005,2,shot_1220_escalation_ns,226370
heavy,13,0.005,2,shot_1220_stock_ns,226329
heavy,13,0.005,2,shot_1220_total_ns,543661
heavy,13,0.005,2,shot_1220_exact_reference_ns,183007
heavy,13,0.005,2,shot_1220_escalated,1
heavy,13,0.005,2,shot_1220_contaminated,0
heavy,13,0.005,2,shot_1235,0
heavy,13,0.005,2,shot_1235_num_defects,145
heavy,13,0.005,2,shot_1235_phase1_ns,196674
heavy,13,0.005,2,shot_1235_harvest_ns,25808
heavy,13,0.005,2,shot_1235_escalation_ns,103476
heavy,13,0.005,2,shot_1235_stock_ns,103416
heavy,13,0.005,2,shot_1235_total_ns,326179
heavy,13,0.005,2,shot_1235_exact_reference_ns,69091
heavy,13,0.005,2,shot_1235_escalated,1
heavy,13,0.005,2,shot_1235_contaminated,0
heavy,13,0.005,2,shot_1611,0
heavy,13,0.005,2,shot_1611_num_defects,122
heavy,13,0.005,2,shot_1611_phase1_ns,157989
heavy,13,0.005,2,shot_1611_harvest_ns,37020
heavy,13,0.005,2,shot_1611_escalation_ns,78929
heavy,13,0.005,2,shot_1611_stock_ns,78799
heavy,13,0.005,2,shot_1611_total_ns,274191
heavy,13,0.005,2,shot_1611_exact_reference_ns,47290
heavy,13,0.005,2,shot_1611_escalated,1
heavy,13,0.005,2,shot_1611_contaminated,0
heavy,13,0.005,2,shot_1882,0
heavy,13,0.005,2,shot_1882_num_defects,163
heavy,13,0.005,2,shot_1882_phase1_ns,314977
heavy,13,0.005,2,shot_1882_harvest_ns,50135
heavy,13,0.005,2,shot_1882_escalation_ns,165573
heavy,13,0.005,2,shot_1882_stock_ns,165524
heavy,13,0.005,2,shot_1882_total_ns,531017
heavy,13,0.005,2,shot_1882_exact_reference_ns,90422
heavy,13,0.005,2,shot_1882_escalated,1
heavy,13,0.005,2,shot_1882_contaminated,0
heavy,13,0.005,2,shot_1884,0
heavy,13,0.005,2,shot_1884_num_defects,220
heavy,13,0.005,2,shot_1884_phase1_ns,459472
heavy,13,0.005,2,shot_1884_harvest_ns,10239
heavy,13,0.005,2,shot_1884_escalation_ns,0
heavy,13,0.005,2,shot_1884_stock_ns,0
heavy,13,0.005,2,shot_1884_total_ns,469931
heavy,13,0.005,2,shot_1884_exact_reference_ns,208866
heavy,13,0.005,2,shot_1884_escalated,0
heavy,13,0.005,2,shot_1884_contaminated,0
heavy,13,0.005,2,shot_1889,0
heavy,13,0.005,2,shot_1889_num_defects,137
heavy,13,0.005,2,shot_1889_phase1_ns,214636
heavy,13,0.005,2,shot_1889_harvest_ns,43142
heavy,13,0.005,2,shot_1889_escalation_ns,134024
heavy,13,0.005,2,shot_1889_stock_ns,133974
heavy,13,0.005,2,shot_1889_total_ns,392084
heavy,13,0.005,2,shot_1889_exact_reference_ns,84170
heavy,13,0.005,2,shot_1889_escalated,1
heavy,13,0.005,2,shot_1889_contaminated,0
heavy,13,0.005,2,shot_1905,0
heavy,13,0.005,2,shot_1905_num_defects,152
heavy,13,0.005,2,shot_1905_phase1_ns,215921
heavy,13,0.005,2,shot_1905_harvest_ns,26770
heavy,13,0.005,2,shot_1905_escalation_ns,93768
heavy,13,0.005,2,shot_1905_stock_ns,93728
heavy,13,0.005,2,shot_1905_total_ns,336709
heavy,13,0.005,2,shot_1905_exact_reference_ns,58270
heavy,13,0.005,2,shot_1905_escalated,1
heavy,13,0.005,2,shot_1905_contaminated,0
heavy,13,0.005,2,shot_1953,0
heavy,13,0.005,2,shot_1953_num_defects,174
heavy,13,0.005,2,shot_1953_phase1_ns,286142
heavy,13,0.005,2,shot_1953_harvest_ns,32883
heavy,13,0.005,2,shot_1953_escalation_ns,166466
heavy,13,0.005,2,shot_1953_stock_ns,166405
heavy,13,0.005,2,shot_1953_total_ns,485711
heavy,13,0.005,2,shot_1953_exact_reference_ns,120308
heavy,13,0.005,2,shot_1953_escalated,1
heavy,13,0.005,2,shot_1953_contaminated,0
heavy,13,0.005,2,shot_2126,0
heavy,13,0.005,2,shot_2126_num_defects,166
heavy,13,0.005,2,shot_2126_phase1_ns,272136
heavy,13,0.005,2,shot_2126_harvest_ns,34996
heavy,13,0.005,2,shot_2126_escalation_ns,214557
heavy,13,0.005,2,shot_2126_stock_ns,214496
heavy,13,0.005,2,shot_2126_total_ns,521970
heavy,13,0.005,2,shot_2126_exact_reference_ns,159473
heavy,13,0.005,2,shot_2126_escalated,1
heavy,13,0.005,2,shot_2126_contaminated,0
heavy,13,0.005,2,shot_2160,0
heavy,13,0.005,2,shot_2160_num_defects,192
heavy,13,0.005,2,shot_2160_phase1_ns,339353
heavy,13,0.005,2,shot_2160_harvest_ns,28805
heavy,13,0.005,2,shot_2160_escalation_ns,178899
heavy,13,0.005,2,shot_2160_stock_ns,178849
heavy,13,0.005,2,shot_2160_total_ns,547338
heavy,13,0.005,2,shot_2160_exact_reference_ns,122963
heavy,13,0.005,2,shot_2160_escalated,1
heavy,13,0.005,2,shot_2160_contaminated,0
heavy,13,0.005,2,shot_2208,0
heavy,13,0.005,2,shot_2208_num_defects,225
heavy,13,0.005,2,shot_2208_phase1_ns,409157
heavy,13,0.005,2,shot_2208_harvest_ns,10429
heavy,13,0.005,2,shot_2208_escalation_ns,0
heavy,13,0.005,2,shot_2208_stock_ns,0
heavy,13,0.005,2,shot_2208_total_ns,419756
heavy,13,0.005,2,shot_2208_exact_reference_ns,134656
heavy,13,0.005,2,shot_2208_escalated,0
heavy,13,0.005,2,shot_2208_contaminated,0
heavy,13,0.005,2,shot_2258,0
heavy,13,0.005,2,shot_2258_num_defects,157
heavy,13,0.005,2,shot_2258_phase1_ns,213235
heavy,13,0.005,2,shot_2258_harvest_ns,40998
heavy,13,0.005,2,shot_2258_escalation_ns,92475
heavy,13,0.005,2,shot_2258_stock_ns,92415
heavy,13,0.005,2,shot_2258_total_ns,346958
heavy,13,0.005,2,shot_2258_exact_reference_ns,58982
heavy,13,0.005,2,shot_2258_escalated,1
heavy,13,0.005,2,shot_2258_contaminated,0
heavy,13,0.005,2,shot_2299,0
heavy,13,0.005,2,shot_2299_num_defects,124
heavy,13,0.005,2,shot_2299_phase1_ns,160134
heavy,13,0.005,2,shot_2299_harvest_ns,39625
heavy,13,0.005,2,shot_2299_escalation_ns,100190
heavy,13,0.005,2,shot_2299_stock_ns,100130
heavy,13,0.005,2,shot_2299_total_ns,300069
heavy,13,0.005,2,shot_2299_exact_reference_ns,67949
heavy,13,0.005,2,shot_2299_escalated,1
heavy,13,0.005,2,shot_2299_contaminated,0
heavy,13,0.005,2,shot_2388,0
heavy,13,0.005,2,shot_2388_num_defects,188
heavy,13,0.005,2,shot_2388_phase1_ns,307293
heavy,13,0.005,2,shot_2388_harvest_ns,28223
heavy,13,0.005,2,shot_2388_escalation_ns,136248
heavy,13,0.005,2,shot_2388_stock_ns,136198
heavy,13,0.005,2,shot_2388_total_ns,471985
heavy,13,0.005,2,shot_2388_exact_reference_ns,92916
heavy,13,0.005,2,shot_2388_escalated,1
heavy,13,0.005,2,shot_2388_contaminated,0
heavy,13,0.005,2,shot_2454,0
heavy,13,0.005,2,shot_2454_num_defects,159
heavy,13,0.005,2,shot_2454_phase1_ns,225026
heavy,13,0.005,2,shot_2454_harvest_ns,27302
heavy,13,0.005,2,shot_2454_escalation_ns,143813
heavy,13,0.005,2,shot_2454_stock_ns,143673
heavy,13,0.005,2,shot_2454_total_ns,396362
heavy,13,0.005,2,shot_2454_exact_reference_ns,100621
heavy,13,0.005,2,shot_2454_escalated,1
heavy,13,0.005,2,shot_2454_contaminated,0
heavy,13,0.005,2,shot_2699,0
heavy,13,0.005,2,shot_2699_num_defects,169
heavy,13,0.005,2,shot_2699_phase1_ns,445765
heavy,13,0.005,2,shot_2699_harvest_ns,95331
heavy,13,0.005,2,shot_2699_escalation_ns,251357
heavy,13,0.005,2,shot_2699_stock_ns,251206
heavy,13,0.005,2,shot_2699_total_ns,793855
heavy,13,0.005,2,shot_2699_exact_reference_ns,87125
heavy,13,0.005,2,shot_2699_escalated,1
heavy,13,0.005,2,shot_2699_contaminated,0
heavy,13,0.005,2,shot_2723,0
heavy,13,0.005,2,shot_2723_num_defects,164
heavy,13,0.005,2,shot_2723_phase1_ns,257118
heavy,13,0.005,2,shot_2723_harvest_ns,36299
heavy,13,0.005,2,shot_2723_escalation_ns,148182
heavy,13,0.005,2,shot_2723_stock_ns,148081
heavy,13,0.005,2,shot_2723_total_ns,442108
heavy,13,0.005,2,shot_2723_exact_reference_ns,90832
heavy,13,0.005,2,shot_2723_escalated,1
heavy,13,0.005,2,shot_2723_contaminated,0
heavy,13,0.005,2,shot_2732,0
heavy,13,0.005,2,shot_2732_num_defects,225
heavy,13,0.005,2,shot_2732_phase1_ns,486783
heavy,13,0.005,2,shot_2732_harvest_ns,14227
heavy,13,0.005,2,shot_2732_escalation_ns,0
heavy,13,0.005,2,shot_2732_stock_ns,0
heavy,13,0.005,2,shot_2732_total_ns,501521
heavy,13,0.005,2,shot_2732_exact_reference_ns,235617
heavy,13,0.005,2,shot_2732_escalated,0
heavy,13,0.005,2,shot_2732_contaminated,0
heavy,13,0.005,2,shot_2765,0
heavy,13,0.005,2,shot_2765_num_defects,147
heavy,13,0.005,2,shot_2765_phase1_ns,269591
heavy,13,0.005,2,shot_2765_harvest_ns,50396
heavy,13,0.005,2,shot_2765_escalation_ns,202645
heavy,13,0.005,2,shot_2765_stock_ns,202594
heavy,13,0.005,2,shot_2765_total_ns,523152
heavy,13,0.005,2,shot_2765_exact_reference_ns,83257
heavy,13,0.005,2,shot_2765_escalated,1
heavy,13,0.005,2,shot_2765_contaminated,1
heavy,13,0.005,2,shot_2792,0
heavy,13,0.005,2,shot_2792_num_defects,171
heavy,13,0.005,2,shot_2792_phase1_ns,297474
heavy,13,0.005,2,shot_2792_harvest_ns,30578
heavy,13,0.005,2,shot_2792_escalation_ns,191223
heavy,13,0.005,2,shot_2792_stock_ns,191163
heavy,13,0.005,2,shot_2792_total_ns,519505
heavy,13,0.005,2,shot_2792_exact_reference_ns,141367
heavy,13,0.005,2,shot_2792_escalated,1
heavy,13,0.005,2,shot_2792_contaminated,0
heavy,13,0.005,2,shot_2846,0
heavy,13,0.005,2,shot_2846_num_defects,140
heavy,13,0.005,2,shot_2846_phase1_ns,227561
heavy,13,0.005,2,shot_2846_harvest_ns,43413
heavy,13,0.005,2,shot_2846_escalation_ns,151787
heavy,13,0.005,2,shot_2846_stock_ns,151737
heavy,13,0.005,2,shot_2846_total_ns,423073
heavy,13,0.005,2,shot_2846_exact_reference_ns,94279
heavy,13,0.005,2,shot_2846_escalated,1
heavy,13,0.005,2,shot_2846_contaminated,0
heavy,13,0.005,2,shot_3020,0
heavy,13,0.005,2,shot_3020_num_defects,138
heavy,13,0.005,2,shot_3020_phase1_ns,208616
heavy,13,0.005,2,shot_3020_harvest_ns,35878
heavy,13,0.005,2,shot_3020_escalation_ns,91493
heavy,13,0.005,2,shot_3020_stock_ns,91353
heavy,13,0.005,2,shot_3020_total_ns,336298
heavy,13,0.005,2,shot_3020_exact_reference_ns,55806
heavy,13,0.005,2,shot_3020_escalated,1
heavy,13,0.005,2,shot_3020_contaminated,0
heavy,13,0.005,2,shot_3086,0
heavy,13,0.005,2,shot_3086_num_defects,169
heavy,13,0.005,2,shot_3086_phase1_ns,272196
heavy,13,0.005,2,shot_3086_harvest_ns,34466
heavy,13,0.005,2,shot_3086_escalation_ns,131359
heavy,13,0.005,2,shot_3086_stock_ns,131209
heavy,13,0.005,2,shot_3086_total_ns,438311
heavy,13,0.005,2,shot_3086_exact_reference_ns,90462
heavy,13,0.005,2,shot_3086_escalated,1
heavy,13,0.005,2,shot_3086_contaminated,0
heavy,13,0.005,2,shot_3124,0
heavy,13,0.005,2,shot_3124_num_defects,195
heavy,13,0.005,2,shot_3124_phase1_ns,319726
heavy,13,0.005,2,shot_3124_harvest_ns,29045
heavy,13,0.005,2,shot_3124_escalation_ns,174952
heavy,13,0.005,2,shot_3124_stock_ns,174901
heavy,13,0.005,2,shot_3124_total_ns,523944
heavy,13,0.005,2,shot_3124_exact_reference_ns,118915
heavy,13,0.005,2,shot_3124_escalated,1
heavy,13,0.005,2,shot_3124_contaminated,0
heavy,13,0.005,2,shot_3163,0
heavy,13,0.005,2,shot_3163_num_defects,152
heavy,13,0.005,2,shot_3163_phase1_ns,236700
heavy,13,0.005,2,shot_3163_harvest_ns,42931
heavy,13,0.005,2,shot_3163_escalation_ns,146989
heavy,13,0.005,2,shot_3163_stock_ns,146949
heavy,13,0.005,2,shot_3163_total_ns,426939
heavy,13,0.005,2,shot_3163_exact_reference_ns,76154
heavy,13,0.005,2,shot_3163_escalated,1
heavy,13,0.005,2,shot_3163_contaminated,0
heavy,13,0.005,2,shot_3288,0
heavy,13,0.005,2,shot_3288_num_defects,160
heavy,13,0.005,2,shot_3288_phase1_ns,245967
heavy,13,0.005,2,shot_3288_harvest_ns,36689
heavy,13,0.005,2,shot_3288_escalation_ns,203676
heavy,13,0.005,2,shot_3288_stock_ns,203607
heavy,13,0.005,2,shot_3288_total_ns,486682
heavy,13,0.005,2,shot_3288_exact_reference_ns,153181
heavy,13,0.005,2,shot_3288_escalated,1
heavy,13,0.005,2,shot_3288_contaminated,0
heavy,13,0.005,2,shot_3482,0
heavy,13,0.005,2,shot_3482_num_defects,137
heavy,13,0.005,2,shot_3482_phase1_ns,190491
heavy,13,0.005,2,shot_3482_harvest_ns,31820
heavy,13,0.005,2,shot_3482_escalation_ns,107524
heavy,13,0.005,2,shot_3482_stock_ns,107394
heavy,13,0.005,2,shot_3482_total_ns,330076
heavy,13,0.005,2,shot_3482_exact_reference_ns,72728
heavy,13,0.005,2,shot_3482_escalated,1
heavy,13,0.005,2,shot_3482_contaminated,0
heavy,13,0.005,2,shot_3587,0
heavy,13,0.005,2,shot_3587_num_defects,220
heavy,13,0.005,2,shot_3587_phase1_ns,392003
heavy,13,0.005,2,shot_3587_harvest_ns,8336
heavy,13,0.005,2,shot_3587_escalation_ns,0
heavy,13,0.005,2,shot_3587_stock_ns,0
heavy,13,0.005,2,shot_3587_total_ns,400429
heavy,13,0.005,2,shot_3587_exact_reference_ns,140306
heavy,13,0.005,2,shot_3587_escalated,0
heavy,13,0.005,2,shot_3587_contaminated,0
heavy,13,0.005,2,shot_3620,0
heavy,13,0.005,2,shot_3620_num_defects,158
heavy,13,0.005,2,shot_3620_phase1_ns,237721
heavy,13,0.005,2,shot_3620_harvest_ns,45897
heavy,13,0.005,2,shot_3620_escalation_ns,104508
heavy,13,0.005,2,shot_3620_stock_ns,104448
heavy,13,0.005,2,shot_3620_total_ns,388366
heavy,13,0.005,2,shot_3620_exact_reference_ns,63400
heavy,13,0.005,2,shot_3620_escalated,1
heavy,13,0.005,2,shot_3620_contaminated,0
heavy,13,0.005,2,shot_3685,0
heavy,13,0.005,2,shot_3685_num_defects,141
heavy,13,0.005,2,shot_3685_phase1_ns,203896
heavy,13,0.005,2,shot_3685_harvest_ns,30879
heavy,13,0.005,2,shot_3685_escalation_ns,114878
heavy,13,0.005,2,shot_3685_stock_ns,114818
heavy,13,0.005,2,shot_3685_total_ns,349883
heavy,13,0.005,2,shot_3685_exact_reference_ns,78790
heavy,13,0.005,2,shot_3685_escalated,1
heavy,13,0.005,2,shot_3685_contaminated,0
heavy,13,0.005,2,shot_3705,0
heavy,13,0.005,2,shot_3705_num_defects,150
heavy,13,0.005,2,shot_3705_phase1_ns,216460
heavy,13,0.005,2,shot_3705_harvest_ns,27342
heavy,13,0.005,2,shot_3705_escalation_ns,149313
heavy,13,0.005,2,shot_3705_stock_ns,149264
heavy,13,0.005,2,shot_3705_total_ns,393335
heavy,13,0.005,2,shot_3705_exact_reference_ns,104268
heavy,13,0.005,2,shot_3705_escalated,1
heavy,13,0.005,2,shot_3705_contaminated,0
heavy,13,0.005,2,shot_3902,0
heavy,13,0.005,2,shot_3902_num_defects,134
heavy,13,0.005,2,shot_3902_phase1_ns,180754
heavy,13,0.005,2,shot_3902_harvest_ns,31719
heavy,13,0.005,2,shot_3902_escalation_ns,97786
heavy,13,0.005,2,shot_3902_stock_ns,97736
heavy,13,0.005,2,shot_3902_total_ns,310479
heavy,13,0.005,2,shot_3902_exact_reference_ns,65434
heavy,13,0.005,2,shot_3902_escalated,1
heavy,13,0.005,2,shot_3902_contaminated,0
heavy,13,0.005,2,shot_3906,0
heavy,13,0.005,2,shot_3906_num_defects,150
heavy,13,0.005,2,shot_3906_phase1_ns,230868
heavy,13,0.005,2,shot_3906_harvest_ns,18886
heavy,13,0.005,2,shot_3906_escalation_ns,149373
heavy,13,0.005,2,shot_3906_stock_ns,149323
heavy,13,0.005,2,shot_3906_total_ns,399568
heavy,13,0.005,2,shot_3906_exact_reference_ns,110771
heavy,13,0.005,2,shot_3906_escalated,1
heavy,13,0.005,2,shot_3906_contaminated,0
heavy,13,0.005,2,shot_3935,0
heavy,13,0.005,2,shot_3935_num_defects,165
heavy,13,0.005,2,shot_3935_phase1_ns,263329
heavy,13,0.005,2,shot_3935_harvest_ns,29947
heavy,13,0.005,2,shot_3935_escalation_ns,114086
heavy,13,0.005,2,shot_3935_stock_ns,113916
heavy,13,0.005,2,shot_3935_total_ns,407603
heavy,13,0.005,2,shot_3935_exact_reference_ns,76695
heavy,13,0.005,2,shot_3935_escalated,1
heavy,13,0.005,2,shot_3935_contaminated,0
heavy,13,0.005,2,shot_3943,0
heavy,13,0.005,2,shot_3943_num_defects,147
heavy,13,0.005,2,shot_3943_phase1_ns,202093
heavy,13,0.005,2,shot_3943_harvest_ns,23805
heavy,13,0.005,2,shot_3943_escalation_ns,96783
heavy,13,0.005,2,shot_3943_stock_ns,96733
heavy,13,0.005,2,shot_3943_total_ns,322912
heavy,13,0.005,2,shot_3943_exact_reference_ns,55255
heavy,13,0.005,2,shot_3943_escalated,1
heavy,13,0.005,2,shot_3943_contaminated,0
heavy,13,0.005,2,shot_3947,0
heavy,13,0.005,2,shot_3947_num_defects,159
heavy,13,0.005,2,shot_3947_phase1_ns,244323
heavy,13,0.005,2,shot_3947_harvest_ns,22753
heavy,13,0.005,2,shot_3947_escalation_ns,156487
heavy,13,0.005,2,shot_3947_stock_ns,156427
heavy,13,0.005,2,shot_3947_total_ns,424344
heavy,13,0.005,2,shot_3947_exact_reference_ns,71155
heavy,13,0.005,2,shot_3947_escalated,1
heavy,13,0.005,2,shot_3947_contaminated,0
heavy,13,0.005,2,shot_3951,0
heavy,13,0.005,2,shot_3951_num_defects,193
heavy,13,0.005,2,shot_3951_phase1_ns,303104
heavy,13,0.005,2,shot_3951_harvest_ns,23926
heavy,13,0.005,2,shot_3951_escalation_ns,138422
heavy,13,0.005,2,shot_3951_stock_ns,138363
heavy,13,0.005,2,shot_3951_total_ns,465703
heavy,13,0.005,2,shot_3951_exact_reference_ns,99769
heavy,13,0.005,2,shot_3951_escalated,1
heavy,13,0.005,2,shot_3951_contaminated,0
heavy,13,0.005,2,shot_4118,0
heavy,13,0.005,2,shot_4118_num_defects,153
heavy,13,0.005,2,shot_4118_phase1_ns,221170
heavy,13,0.005,2,shot_4118_harvest_ns,42530
heavy,13,0.005,2,shot_4118_escalation_ns,142060
heavy,13,0.005,2,shot_4118_stock_ns,142010
heavy,13,0.005,2,shot_4118_total_ns,406039
heavy,13,0.005,2,shot_4118_exact_reference_ns,83198
heavy,13,0.005,2,shot_4118_escalated,1
heavy,13,0.005,2,shot_4118_contaminated,0
heavy,13,0.005,2,shot_4142,0
heavy,13,0.005,2,shot_4142_num_defects,177
heavy,13,0.005,2,shot_4142_phase1_ns,280452
heavy,13,0.005,2,shot_4142_harvest_ns,26350
heavy,13,0.005,2,shot_4142_escalation_ns,245295
heavy,13,0.005,2,shot_4142_stock_ns,245175
heavy,13,0.005,2,shot_4142_total_ns,552428
heavy,13,0.005,2,shot_4142_exact_reference_ns,183528
heavy,13,0.005,2,shot_4142_escalated,1
heavy,13,0.005,2,shot_4142_contaminated,0
heavy,13,0.005,2,shot_4146,0
heavy,13,0.005,2,shot_4146_num_defects,168
heavy,13,0.005,2,shot_4146_phase1_ns,266867
heavy,13,0.005,2,shot_4146_harvest_ns,21711
heavy,13,0.005,2,shot_4146_escalation_ns,203957
heavy,13,0.005,2,shot_4146_stock_ns,203917
heavy,13,0.005,2,shot_4146_total_ns,492985
heavy,13,0.005,2,shot_4146_exact_reference_ns,158611
heavy,13,0.005,2,shot_4146_escalated,1
heavy,13,0.005,2,shot_4146_contaminated,0
heavy,13,0.005,2,shot_4192,0
heavy,13,0.005,2,shot_4192_num_defects,163
heavy,13,0.005,2,shot_4192_phase1_ns,239844
heavy,13,0.005,2,shot_4192_harvest_ns,26400
heavy,13,0.005,2,shot_4192_escalation_ns,94870
heavy,13,0.005,2,shot_4192_stock_ns,94820
heavy,13,0.005,2,shot_4192_total_ns,361365
heavy,13,0.005,2,shot_4192_exact_reference_ns,58551
heavy,13,0.005,2,shot_4192_escalated,1
heavy,13,0.005,2,shot_4192_contaminated,0
heavy,13,0.005,2,shot_4239,0
heavy,13,0.005,2,shot_4239_num_defects,148
heavy,13,0.005,2,shot_4239_phase1_ns,212574
heavy,13,0.005,2,shot_4239_harvest_ns,28684
heavy,13,0.005,2,shot_4239_escalation_ns,133503
heavy,13,0.005,2,shot_4239_stock_ns,133453
heavy,13,0.005,2,shot_4239_total_ns,375001
heavy,13,0.005,2,shot_4239_exact_reference_ns,86584
heavy,13,0.005,2,shot_4239_escalated,1
heavy,13,0.005,2,shot_4239_contaminated,0
heavy,13,0.005,2,shot_4242,0
heavy,13,0.005,2,shot_4242_num_defects,166
heavy,13,0.005,2,shot_4242_phase1_ns,275302
heavy,13,0.005,2,shot_4242_harvest_ns,20639
heavy,13,0.005,2,shot_4242_escalation_ns,281835
heavy,13,0.005,2,shot_4242_stock_ns,281774
heavy,13,0.005,2,shot_4242_total_ns,577886
heavy,13,0.005,2,shot_4242_exact_reference_ns,220338
heavy,13,0.005,2,shot_4242_escalated,1
heavy,13,0.005,2,shot_4242_contaminated,0
heavy,13,0.005,2,shot_4495,0
heavy,13,0.005,2,shot_4495_num_defects,182
heavy,13,0.005,2,shot_4495_phase1_ns,256407
heavy,13,0.005,2,shot_4495_harvest_ns,32481
heavy,13,0.005,2,shot_4495_escalation_ns,129496
heavy,13,0.005,2,shot_4495_stock_ns,129426
heavy,13,0.005,2,shot_4495_total_ns,418634
heavy,13,0.005,2,shot_4495_exact_reference_ns,78358
heavy,13,0.005,2,shot_4495_escalated,1
heavy,13,0.005,2,shot_4495_contaminated,0
heavy,13,0.005,2,shot_4755,0
heavy,13,0.005,2,shot_4755_num_defects,158
heavy,13,0.005,2,shot_4755_phase1_ns,258981
heavy,13,0.005,2,shot_4755_harvest_ns,41539
heavy,13,0.005,2,shot_4755_escalation_ns,155294
heavy,13,0.005,2,shot_4755_stock_ns,155224
heavy,13,0.005,2,shot_4755_total_ns,456065
heavy,13,0.005,2,shot_4755_exact_reference_ns,105099
heavy,13,0.005,2,shot_4755_escalated,1
heavy,13,0.005,2,shot_4755_contaminated,0
heavy,13,0.005,2,shot_4759,0
heavy,13,0.005,2,shot_4759_num_defects,159
heavy,13,0.005,2,shot_4759_phase1_ns,228313
heavy,13,0.005,2,shot_4759_harvest_ns,29396
heavy,13,0.005,2,shot_4759_escalation_ns,119206
heavy,13,0.005,2,shot_4759_stock_ns,119166
heavy,13,0.005,2,shot_4759_total_ns,377155
heavy,13,0.005,2,shot_4759_exact_reference_ns,78849
heavy,13,0.005,2,shot_4759_escalated,1
heavy,13,0.005,2,shot_4759_contaminated,0
heavy,13,0.005,2,shot_4866,0
heavy,13,0.005,2,shot_4866_num_defects,172
heavy,13,0.005,2,shot_4866_phase1_ns,299599
heavy,13,0.005,2,shot_4866_harvest_ns,44303
heavy,13,0.005,2,shot_4866_escalation_ns,182627
heavy,13,0.005,2,shot_4866_stock_ns,182487
heavy,13,0.005,2,shot_4866_total_ns,526758
heavy,13,0.005,2,shot_4866_exact_reference_ns,109698
heavy,13,0.005,2,shot_4866_escalated,1
heavy,13,0.005,2,shot_4866_contaminated,0
heavy,13,0.005,2,shot_4964,0
heavy,13,0.005,2,shot_4964_num_defects,117
heavy,13,0.005,2,shot_4964_phase1_ns,205420
heavy,13,0.005,2,shot_4964_harvest_ns,39635
heavy,13,0.005,2,shot_4964_escalation_ns,85392
heavy,13,0.005,2,shot_4964_stock_ns,85242
heavy,13,0.005,2,shot_4964_total_ns,330717
heavy,13,0.005,2,shot_4964_exact_reference_ns,55115
heavy,13,0.005,2,shot_4964_escalated,1
heavy,13,0.005,2,shot_4964_contaminated,1
heavy,13,0.005,2,shot_5246,0
heavy,13,0.005,2,shot_5246_num_defects,154
heavy,13,0.005,2,shot_5246_phase1_ns,218825
heavy,13,0.005,2,shot_5246_harvest_ns,36630
heavy,13,0.005,2,shot_5246_escalation_ns,126179
heavy,13,0.005,2,shot_5246_stock_ns,126130
heavy,13,0.005,2,shot_5246_total_ns,381944
heavy,13,0.005,2,shot_5246_exact_reference_ns,79782
heavy,13,0.005,2,shot_5246_escalated,1
heavy,13,0.005,2,shot_5246_contaminated,0
heavy,13,0.005,2,shot_5301,0
heavy,13,0.005,2,shot_5301_num_defects,169
heavy,13,0.005,2,shot_5301_phase1_ns,311792
heavy,13,0.005,2,shot_5301_harvest_ns,30107
heavy,13,0.005,2,shot_5301_escalation_ns,290501
heavy,13,0.005,2,shot_5301_stock_ns,290441
heavy,13,0.005,2,shot_5301_total_ns,632640
heavy,13,0.005,2,shot_5301_exact_reference_ns,231829
heavy,13,0.005,2,shot_5301_escalated,1
heavy,13,0.005,2,shot_5301_contaminated,0
heavy,13,0.005,2,shot_5327,0
heavy,13,0.005,2,shot_5327_num_defects,156
heavy,13,0.005,2,shot_5327_phase1_ns,233944
heavy,13,0.005,2,shot_5327_harvest_ns,30027
heavy,13,0.005,2,shot_5327_escalation_ns,253521
heavy,13,0.005,2,shot_5327_stock_ns,253361
heavy,13,0.005,2,shot_5327_total_ns,517722
heavy,13,0.005,2,shot_5327_exact_reference_ns,211862
heavy,13,0.005,2,shot_5327_escalated,1
heavy,13,0.005,2,shot_5327_contaminated,0
heavy,13,0.005,2,shot_5401,0
heavy,13,0.005,2,shot_5401_num_defects,176
heavy,13,0.005,2,shot_5401_phase1_ns,298046
heavy,13,0.005,2,shot_5401_harvest_ns,32130
heavy,13,0.005,2,shot_5401_escalation_ns,336438
heavy,13,0.005,2,shot_5401_stock_ns,336317
heavy,13,0.005,2,shot_5401_total_ns,667014
heavy,13,0.005,2,shot_5401_exact_reference_ns,225528
heavy,13,0.005,2,shot_5401_escalated,1
heavy,13,0.005,2,shot_5401_contaminated,1
heavy,13,0.005,2,shot_5406,0
heavy,13,0.005,2,shot_5406_num_defects,197
heavy,13,0.005,2,shot_5406_phase1_ns,321099
heavy,13,0.005,2,shot_5406_harvest_ns,24857
heavy,13,0.005,2,shot_5406_escalation_ns,167748
heavy,13,0.005,2,shot_5406_stock_ns,167658
heavy,13,0.005,2,shot_5406_total_ns,514045
heavy,13,0.005,2,shot_5406_exact_reference_ns,119607
heavy,13,0.005,2,shot_5406_escalated,1
heavy,13,0.005,2,shot_5406_contaminated,0
heavy,13,0.005,2,shot_5415,0
heavy,13,0.005,2,shot_5415_num_defects,184
heavy,13,0.005,2,shot_5415_phase1_ns,356817
heavy,13,0.005,2,shot_5415_harvest_ns,30528
heavy,13,0.005,2,shot_5415_escalation_ns,206331
heavy,13,0.005,2,shot_5415_stock_ns,206281
heavy,13,0.005,2,shot_5415_total_ns,594147
heavy,13,0.005,2,shot_5415_exact_reference_ns,145907
heavy,13,0.005,2,shot_5415_escalated,1
heavy,13,0.005,2,shot_5415_contaminated,0
heavy,13,0.005,2,shot_5452,0
heavy,13,0.005,2,shot_5452_num_defects,224
heavy,13,0.005,2,shot_5452_phase1_ns,397374
heavy,13,0.005,2,shot_5452_harvest_ns,9197
heavy,13,0.005,2,shot_5452_escalation_ns,0
heavy,13,0.005,2,shot_5452_stock_ns,0
heavy,13,0.005,2,shot_5452_total_ns,406661
heavy,13,0.005,2,shot_5452_exact_reference_ns,163520
heavy,13,0.005,2,shot_5452_escalated,0
heavy,13,0.005,2,shot_5452_contaminated,0
heavy,13,0.005,2,shot_5712,0
heavy,13,0.005,2,shot_5712_num_defects,176
heavy,13,0.005,2,shot_5712_phase1_ns,267217
heavy,13,0.005,2,shot_5712_harvest_ns,38062
heavy,13,0.005,2,shot_5712_escalation_ns,161827
heavy,13,0.005,2,shot_5712_stock_ns,161767
heavy,13,0.005,2,shot_5712_total_ns,467537
heavy,13,0.005,2,shot_5712_exact_reference_ns,113835
heavy,13,0.005,2,shot_5712_escalated,1
heavy,13,0.005,2,shot_5712_contaminated,0
heavy,13,0.005,2,shot_5769,0
heavy,13,0.005,2,shot_5769_num_defects,187
heavy,13,0.005,2,shot_5769_phase1_ns,298646
heavy,13,0.005,2,shot_5769_harvest_ns,25669
heavy,13,0.005,2,shot_5769_escalation_ns,170403
heavy,13,0.005,2,shot_5769_stock_ns,170353
heavy,13,0.005,2,shot_5769_total_ns,494959
heavy,13,0.005,2,shot_5769_exact_reference_ns,126029
heavy,13,0.005,2,shot_5769_escalated,1
heavy,13,0.005,2,shot_5769_contaminated,0
heavy,13,0.005,2,shot_5781,0
heavy,13,0.005,2,shot_5781_num_defects,159
heavy,13,0.005,2,shot_5781_phase1_ns,245065
heavy,13,0.005,2,shot_5781_harvest_ns,27632
heavy,13,0.005,2,shot_5781_escalation_ns,135197
heavy,13,0.005,2,shot_5781_stock_ns,135036
heavy,13,0.005,2,shot_5781_total_ns,408154
heavy,13,0.005,2,shot_5781_exact_reference_ns,96033
heavy,13,0.005,2,shot_5781_escalated,1
heavy,13,0.005,2,shot_5781_contaminated,0
heavy,13,0.005,2,shot_5790,0
heavy,13,0.005,2,shot_5790_num_defects,228
heavy,13,0.005,2,shot_5790_phase1_ns,429203
heavy,13,0.005,2,shot_5790_harvest_ns,9819
heavy,13,0.005,2,shot_5790_escalation_ns,0
heavy,13,0.005,2,shot_5790_stock_ns,0
heavy,13,0.005,2,shot_5790_total_ns,439113
heavy,13,0.005,2,shot_5790_exact_reference_ns,163239
heavy,13,0.005,2,shot_5790_escalated,0
heavy,13,0.005,2,shot_5790_contaminated,0
heavy,13,0.005,2,shot_5828,0
heavy,13,0.005,2,shot_5828_num_defects,179
heavy,13,0.005,2,shot_5828_phase1_ns,266587
heavy,13,0.005,2,shot_5828_harvest_ns,38923
heavy,13,0.005,2,shot_5828_escalation_ns,135226
heavy,13,0.005,2,shot_5828_stock_ns,135166
heavy,13,0.005,2,shot_5828_total_ns,440977
heavy,13,0.005,2,shot_5828_exact_reference_ns,103707
heavy,13,0.005,2,shot_5828_escalated,1
heavy,13,0.005,2,shot_5828_contaminated,0
heavy,13,0.005,2,shot_5879,0
heavy,13,0.005,2,shot_5879_num_defects,187
heavy,13,0.005,2,shot_5879_phase1_ns,275904
heavy,13,0.005,2,shot_5879_harvest_ns,29536
heavy,13,0.005,2,shot_5879_escalation_ns,132561
heavy,13,0.005,2,shot_5879_stock_ns,132491
heavy,13,0.005,2,shot_5879_total_ns,438221
heavy,13,0.005,2,shot_5879_exact_reference_ns,82596
heavy,13,0.005,2,shot_5879_escalated,1
heavy,13,0.005,2,shot_5879_contaminated,0
heavy,13,0.005,2,shot_6101,0
heavy,13,0.005,2,shot_6101_num_defects,154
heavy,13,0.005,2,shot_6101_phase1_ns,219747
heavy,13,0.005,2,shot_6101_harvest_ns,31239
heavy,13,0.005,2,shot_6101_escalation_ns,128724
heavy,13,0.005,2,shot_6101_stock_ns,128674
heavy,13,0.005,2,shot_6101_total_ns,379970
heavy,13,0.005,2,shot_6101_exact_reference_ns,79971
heavy,13,0.005,2,shot_6101_escalated,1
heavy,13,0.005,2,shot_6101_contaminated,0
heavy,13,0.005,2,shot_6308,0
heavy,13,0.005,2,shot_6308_num_defects,162
heavy,13,0.005,2,shot_6308_phase1_ns,289120
heavy,13,0.005,2,shot_6308_harvest_ns,41628
heavy,13,0.005,2,shot_6308_escalation_ns,149333
heavy,13,0.005,2,shot_6308_stock_ns,149283
heavy,13,0.005,2,shot_6308_total_ns,480321
heavy,13,0.005,2,shot_6308_exact_reference_ns,75513
heavy,13,0.005,2,shot_6308_escalated,1
heavy,13,0.005,2,shot_6308_contaminated,0
heavy,13,0.005,2,shot_6339,0
heavy,13,0.005,2,shot_6339_num_defects,152
heavy,13,0.005,2,shot_6339_phase1_ns,312904
heavy,13,0.005,2,shot_6339_harvest_ns,36439
heavy,13,0.005,2,shot_6339_escalation_ns,202393
heavy,13,0.005,2,shot_6339_stock_ns,202344
heavy,13,0.005,2,shot_6339_total_ns,552057
heavy,13,0.005,2,shot_6339_exact_reference_ns,125829
heavy,13,0.005,2,shot_6339_escalated,1
heavy,13,0.005,2,shot_6339_contaminated,0
heavy,13,0.005,2,shot_6405,0
heavy,13,0.005,2,shot_6405_num_defects,178
heavy,13,0.005,2,shot_6405_phase1_ns,275413
heavy,13,0.005,2,shot_6405_harvest_ns,27722
heavy,13,0.005,2,shot_6405_escalation_ns,146788
heavy,13,0.005,2,shot_6405_stock_ns,146338
heavy,13,0.005,2,shot_6405_total_ns,450183
heavy,13,0.005,2,shot_6405_exact_reference_ns,106562
heavy,13,0.005,2,shot_6405_escalated,1
heavy,13,0.005,2,shot_6405_contaminated,0
heavy,13,0.005,2,shot_6420,0
heavy,13,0.005,2,shot_6420_num_defects,140
heavy,13,0.005,2,shot_6420_phase1_ns,200600
heavy,13,0.005,2,shot_6420_harvest_ns,33043
heavy,13,0.005,2,shot_6420_escalation_ns,135597
heavy,13,0.005,2,shot_6420_stock_ns,135537
heavy,13,0.005,2,shot_6420_total_ns,369491
heavy,13,0.005,2,shot_6420_exact_reference_ns,94038
heavy,13,0.005,2,shot_6420_escalated,1
heavy,13,0.005,2,shot_6420_contaminated,0
heavy,13,0.005,2,shot_6503,0
heavy,13,0.005,2,shot_6503_num_defects,138
heavy,13,0.005,2,shot_6503_phase1_ns,216401
heavy,13,0.005,2,shot_6503_harvest_ns,38462
heavy,13,0.005,2,shot_6503_escalation_ns,111662
heavy,13,0.005,2,shot_6503_stock_ns,111571
heavy,13,0.005,2,shot_6503_total_ns,366905
heavy,13,0.005,2,shot_6503_exact_reference_ns,65754
heavy,13,0.005,2,shot_6503_escalated,1
heavy,13,0.005,2,shot_6503_contaminated,0
heavy,13,0.005,2,shot_6566,0
heavy,13,0.005,2,shot_6566_num_defects,169
heavy,13,0.005,2,shot_6566_phase1_ns,300129
heavy,13,0.005,2,shot_6566_harvest_ns,41058
heavy,13,0.005,2,shot_6566_escalation_ns,131920
heavy,13,0.005,2,shot_6566_stock_ns,131760
heavy,13,0.005,2,shot_6566_total_ns,473538
heavy,13,0.005,2,shot_6566_exact_reference_ns,78690
heavy,13,0.005,2,shot_6566_escalated,1
heavy,13,0.005,2,shot_6566_contaminated,0
heavy,13,0.005,2,shot_6580,0
heavy,13,0.005,2,shot_6580_num_defects,162
heavy,13,0.005,2,shot_6580_phase1_ns,253941
heavy,13,0.005,2,shot_6580_harvest_ns,31430
heavy,13,0.005,2,shot_6580_escalation_ns,144104
heavy,13,0.005,2,shot_6580_stock_ns,143963
heavy,13,0.005,2,shot_6580_total_ns,430085
heavy,13,0.005,2,shot_6580_exact_reference_ns,94029
heavy,13,0.005,2,shot_6580_escalated,1
heavy,13,0.005,2,shot_6580_contaminated,0
heavy,13,0.005,2,shot_6622,0
heavy,13,0.005,2,shot_6622_num_defects,168
heavy,13,0.005,2,shot_6622_phase1_ns,275623
heavy,13,0.005,2,shot_6622_harvest_ns,41509
heavy,13,0.005,2,shot_6622_escalation_ns,165494
heavy,13,0.005,2,shot_6622_stock_ns,165434
heavy,13,0.005,2,shot_6622_total_ns,482996
heavy,13,0.005,2,shot_6622_exact_reference_ns,107273
heavy,13,0.005,2,shot_6622_escalated,1
heavy,13,0.005,2,shot_6622_contaminated,0
heavy,13,0.005,2,shot_6637,0
heavy,13,0.005,2,shot_6637_num_defects,153
heavy,13,0.005,2,shot_6637_phase1_ns,235718
heavy,13,0.005,2,shot_6637_harvest_ns,29245
heavy,13,0.005,2,shot_6637_escalation_ns,131940
heavy,13,0.005,2,shot_6637_stock_ns,131890
heavy,13,0.005,2,shot_6637_total_ns,397163
heavy,13,0.005,2,shot_6637_exact_reference_ns,84069
heavy,13,0.005,2,shot_6637_escalated,1
heavy,13,0.005,2,shot_6637_contaminated,0
heavy,13,0.005,2,shot_6699,0
heavy,13,0.005,2,shot_6699_num_defects,155
heavy,13,0.005,2,shot_6699_phase1_ns,225457
heavy,13,0.005,2,shot_6699_harvest_ns,31540
heavy,13,0.005,2,shot_6699_escalation_ns,124637
heavy,13,0.005,2,shot_6699_stock_ns,124567
heavy,13,0.005,2,shot_6699_total_ns,381854
heavy,13,0.005,2,shot_6699_exact_reference_ns,86744
heavy,13,0.005,2,shot_6699_escalated,1
heavy,13,0.005,2,shot_6699_contaminated,0
heavy,13,0.005,2,shot_6770,0
heavy,13,0.005,2,shot_6770_num_defects,164
heavy,13,0.005,2,shot_6770_phase1_ns,248792
heavy,13,0.005,2,shot_6770_harvest_ns,31690
heavy,13,0.005,2,shot_6770_escalation_ns,157679
heavy,13,0.005,2,shot_6770_stock_ns,157619
heavy,13,0.005,2,shot_6770_total_ns,438381
heavy,13,0.005,2,shot_6770_exact_reference_ns,114608
heavy,13,0.005,2,shot_6770_escalated,1
heavy,13,0.005,2,shot_6770_contaminated,0
heavy,13,0.005,2,shot_6775,0
heavy,13,0.005,2,shot_6775_num_defects,127
heavy,13,0.005,2,shot_6775_phase1_ns,166285
heavy,13,0.005,2,shot_6775_harvest_ns,26060
heavy,13,0.005,2,shot_6775_escalation_ns,156396
heavy,13,0.005,2,shot_6775_stock_ns,156346
heavy,13,0.005,2,shot_6775_total_ns,348982
heavy,13,0.005,2,shot_6775_exact_reference_ns,82086
heavy,13,0.005,2,shot_6775_escalated,1
heavy,13,0.005,2,shot_6775_contaminated,1
heavy,13,0.005,2,shot_6885,0
heavy,13,0.005,2,shot_6885_num_defects,147
heavy,13,0.005,2,shot_6885_phase1_ns,202123
heavy,13,0.005,2,shot_6885_harvest_ns,33784
heavy,13,0.005,2,shot_6885_escalation_ns,107744
heavy,13,0.005,2,shot_6885_stock_ns,107694
heavy,13,0.005,2,shot_6885_total_ns,344132
heavy,13,0.005,2,shot_6885_exact_reference_ns,73099
heavy,13,0.005,2,shot_6885_escalated,1
heavy,13,0.005,2,shot_6885_contaminated,0
heavy,13,0.005,2,shot_6947,0
heavy,13,0.005,2,shot_6947_num_defects,130
heavy,13,0.005,2,shot_6947_phase1_ns,174030
heavy,13,0.005,2,shot_6947_harvest_ns,38092
heavy,13,0.005,2,shot_6947_escalation_ns,82526
heavy,13,0.005,2,shot_6947_stock_ns,82476
heavy,13,0.005,2,shot_6947_total_ns,294899
heavy,13,0.005,2,shot_6947_exact_reference_ns,51638
heavy,13,0.005,2,shot_6947_escalated,1
heavy,13,0.005,2,shot_6947_contaminated,0
heavy,13,0.005,2,shot_7075,0
heavy,13,0.005,2,shot_7075_num_defects,158
heavy,13,0.005,2,shot_7075_phase1_ns,308895
heavy,13,0.005,2,shot_7075_harvest_ns,39145
heavy,13,0.005,2,shot_7075_escalation_ns,149063
heavy,13,0.005,2,shot_7075_stock_ns,148932
heavy,13,0.005,2,shot_7075_total_ns,497353
heavy,13,0.005,2,shot_7075_exact_reference_ns,86384
heavy,13,0.005,2,shot_7075_escalated,1
heavy,13,0.005,2,shot_7075_contaminated,0
heavy,13,0.005,2,shot_7199,0
heavy,13,0.005,2,shot_7199_num_defects,146
heavy,13,0.005,2,shot_7199_phase1_ns,207093
heavy,13,0.005,2,shot_7199_harvest_ns,29396
heavy,13,0.005,2,shot_7199_escalation_ns,142650
heavy,13,0.005,2,shot_7199_stock_ns,142590
heavy,13,0.005,2,shot_7199_total_ns,379379
heavy,13,0.005,2,shot_7199_exact_reference_ns,159773
heavy,13,0.005,2,shot_7199_escalated,1
heavy,13,0.005,2,shot_7199_contaminated,0
heavy,13,0.005,2,shot_7273,0
heavy,13,0.005,2,shot_7273_num_defects,142
heavy,13,0.005,2,shot_7273_phase1_ns,179140
heavy,13,0.005,2,shot_7273_harvest_ns,34345
heavy,13,0.005,2,shot_7273_escalation_ns,79391
heavy,13,0.005,2,shot_7273_stock_ns,79340
heavy,13,0.005,2,shot_7273_total_ns,293115
heavy,13,0.005,2,shot_7273_exact_reference_ns,47510
heavy,13,0.005,2,shot_7273_escalated,1
heavy,13,0.005,2,shot_7273_contaminated,0
heavy,13,0.005,2,shot_7285,0
heavy,13,0.005,2,shot_7285_num_defects,131
heavy,13,0.005,2,shot_7285_phase1_ns,236147
heavy,13,0.005,2,shot_7285_harvest_ns,24046
heavy,13,0.005,2,shot_7285_escalation_ns,131219
heavy,13,0.005,2,shot_7285_stock_ns,131078
heavy,13,0.005,2,shot_7285_total_ns,392173
heavy,13,0.005,2,shot_7285_exact_reference_ns,92205
heavy,13,0.005,2,shot_7285_escalated,1
heavy,13,0.005,2,shot_7285_contaminated,1
heavy,13,0.005,2,shot_7292,0
heavy,13,0.005,2,shot_7292_num_defects,181
heavy,13,0.005,2,shot_7292_phase1_ns,432901
heavy,13,0.005,2,shot_7292_harvest_ns,37551
heavy,13,0.005,2,shot_7292_escalation_ns,258390
heavy,13,0.005,2,shot_7292_stock_ns,258330
heavy,13,0.005,2,shot_7292_total_ns,729253
heavy,13,0.005,2,shot_7292_exact_reference_ns,170564
heavy,13,0.005,2,shot_7292_escalated,1
heavy,13,0.005,2,shot_7292_contaminated,0
heavy,13,0.005,2,shot_7299,0
heavy,13,0.005,2,shot_7299_num_defects,155
heavy,13,0.005,2,shot_7299_phase1_ns,223224
heavy,13,0.005,2,shot_7299_harvest_ns,20699
heavy,13,0.005,2,shot_7299_escalation_ns,97174
heavy,13,0.005,2,shot_7299_stock_ns,97134
heavy,13,0.005,2,shot_7299_total_ns,341347
heavy,13,0.005,2,shot_7299_exact_reference_ns,62819
heavy,13,0.005,2,shot_7299_escalated,1
heavy,13,0.005,2,shot_7299_contaminated,0
heavy,13,0.005,2,shot_7335,0
heavy,13,0.005,2,shot_7335_num_defects,146
heavy,13,0.005,2,shot_7335_phase1_ns,201071
heavy,13,0.005,2,shot_7335_harvest_ns,30087
heavy,13,0.005,2,shot_7335_escalation_ns,102525
heavy,13,0.005,2,shot_7335_stock_ns,102464
heavy,13,0.005,2,shot_7335_total_ns,333933
heavy,13,0.005,2,shot_7335_exact_reference_ns,68921
heavy,13,0.005,2,shot_7335_escalated,1
heavy,13,0.005,2,shot_7335_contaminated,0
heavy,13,0.005,2,shot_7451,0
heavy,13,0.005,2,shot_7451_num_defects,191
heavy,13,0.005,2,shot_7451_phase1_ns,312412
heavy,13,0.005,2,shot_7451_harvest_ns,33895
heavy,13,0.005,2,shot_7451_escalation_ns,144765
heavy,13,0.005,2,shot_7451_stock_ns,144695
heavy,13,0.005,2,shot_7451_total_ns,491312
heavy,13,0.005,2,shot_7451_exact_reference_ns,102484
heavy,13,0.005,2,shot_7451_escalated,1
heavy,13,0.005,2,shot_7451_contaminated,0
heavy,13,0.005,2,shot_7460,0
heavy,13,0.005,2,shot_7460_num_defects,183
heavy,13,0.005,2,shot_7460_phase1_ns,284029
heavy,13,0.005,2,shot_7460_harvest_ns,22843
heavy,13,0.005,2,shot_7460_escalation_ns,128534
heavy,13,0.005,2,shot_7460_stock_ns,128474
heavy,13,0.005,2,shot_7460_total_ns,435626
heavy,13,0.005,2,shot_7460_exact_reference_ns,95912
heavy,13,0.005,2,shot_7460_escalated,1
heavy,13,0.005,2,shot_7460_contaminated,0
heavy,13,0.005,2,shot_7591,0
heavy,13,0.005,2,shot_7591_num_defects,157
heavy,13,0.005,2,shot_7591_phase1_ns,255235
heavy,13,0.005,2,shot_7591_harvest_ns,34244
heavy,13,0.005,2,shot_7591_escalation_ns,223354
heavy,13,0.005,2,shot_7591_stock_ns,223293
heavy,13,0.005,2,shot_7591_total_ns,513083
heavy,13,0.005,2,shot_7591_exact_reference_ns,176514
heavy,13,0.005,2,shot_7591_escalated,1
heavy,13,0.005,2,shot_7591_contaminated,0
heavy,13,0.005,2,shot_7737,0
heavy,13,0.005,2,shot_7737_num_defects,150
heavy,13,0.005,2,shot_7737_phase1_ns,212783
heavy,13,0.005,2,shot_7737_harvest_ns,44765
heavy,13,0.005,2,shot_7737_escalation_ns,116101
heavy,13,0.005,2,shot_7737_stock_ns,116040
heavy,13,0.005,2,shot_7737_total_ns,373899
heavy,13,0.005,2,shot_7737_exact_reference_ns,79340
heavy,13,0.005,2,shot_7737_escalated,1
heavy,13,0.005,2,shot_7737_contaminated,0
heavy,13,0.005,2,shot_7937,0
heavy,13,0.005,2,shot_7937_num_defects,161
heavy,13,0.005,2,shot_7937_phase1_ns,240647
heavy,13,0.005,2,shot_7937_harvest_ns,34014
heavy,13,0.005,2,shot_7937_escalation_ns,198847
heavy,13,0.005,2,shot_7937_stock_ns,198777
heavy,13,0.005,2,shot_7937_total_ns,473758
heavy,13,0.005,2,shot_7937_exact_reference_ns,165634
heavy,13,0.005,2,shot_7937_escalated,1
heavy,13,0.005,2,shot_7937_contaminated,0
heavy,13,0.005,2,shot_7978,0
heavy,13,0.005,2,shot_7978_num_defects,132
heavy,13,0.005,2,shot_7978_phase1_ns,184179
heavy,13,0.005,2,shot_7978_harvest_ns,27523
heavy,13,0.005,2,shot_7978_escalation_ns,91884
heavy,13,0.005,2,shot_7978_stock_ns,91824
heavy,13,0.005,2,shot_7978_total_ns,303816
heavy,13,0.005,2,shot_7978_exact_reference_ns,57650
heavy,13,0.005,2,shot_7978_escalated,1
heavy,13,0.005,2,shot_7978_contaminated,0
heavy,13,0.005,2,shot_8137,0
heavy,13,0.005,2,shot_8137_num_defects,129
heavy,13,0.005,2,shot_8137_phase1_ns,170954
heavy,13,0.005,2,shot_8137_harvest_ns,37401
heavy,13,0.005,2,shot_8137_escalation_ns,121581
heavy,13,0.005,2,shot_8137_stock_ns,121240
heavy,13,0.005,2,shot_8137_total_ns,330146
heavy,13,0.005,2,shot_8137_exact_reference_ns,71897
heavy,13,0.005,2,shot_8137_escalated,1
heavy,13,0.005,2,shot_8137_contaminated,0
heavy,13,0.005,2,shot_8196,0
heavy,13,0.005,2,shot_8196_num_defects,153
heavy,13,0.005,2,shot_8196_phase1_ns,212442
heavy,13,0.005,2,shot_8196_harvest_ns,34456
heavy,13,0.005,2,shot_8196_escalation_ns,124296
heavy,13,0.005,2,shot_8196_stock_ns,124246
heavy,13,0.005,2,shot_8196_total_ns,371424
heavy,13,0.005,2,shot_8196_exact_reference_ns,87766
heavy,13,0.005,2,shot_8196_escalated,1
heavy,13,0.005,2,shot_8196_contaminated,0
heavy,13,0.005,2,shot_8291,0
heavy,13,0.005,2,shot_8291_num_defects,174
heavy,13,0.005,2,shot_8291_phase1_ns,265494
heavy,13,0.005,2,shot_8291_harvest_ns,30297
heavy,13,0.005,2,shot_8291_escalation_ns,145426
heavy,13,0.005,2,shot_8291_stock_ns,144985
heavy,13,0.005,2,shot_8291_total_ns,441447
heavy,13,0.005,2,shot_8291_exact_reference_ns,103015
heavy,13,0.005,2,shot_8291_escalated,1
heavy,13,0.005,2,shot_8291_contaminated,0
heavy,13,0.005,2,shot_8310,0
heavy,13,0.005,2,shot_8310_num_defects,169
heavy,13,0.005,2,shot_8310_phase1_ns,249353
heavy,13,0.005,2,shot_8310_harvest_ns,27743
heavy,13,0.005,2,shot_8310_escalation_ns,109708
heavy,13,0.005,2,shot_8310_stock_ns,109598
heavy,13,0.005,2,shot_8310_total_ns,387024
heavy,13,0.005,2,shot_8310_exact_reference_ns,73409
heavy,13,0.005,2,shot_8310_escalated,1
heavy,13,0.005,2,shot_8310_contaminated,0
heavy,13,0.005,2,shot_8321,0
heavy,13,0.005,2,shot_8321_num_defects,136
heavy,13,0.005,2,shot_8321_phase1_ns,190501
heavy,13,0.005,2,shot_8321_harvest_ns,25088
heavy,13,0.005,2,shot_8321_escalation_ns,87216
heavy,13,0.005,2,shot_8321_stock_ns,87145
heavy,13,0.005,2,shot_8321_total_ns,303015
heavy,13,0.005,2,shot_8321_exact_reference_ns,57329
heavy,13,0.005,2,shot_8321_escalated,1
heavy,13,0.005,2,shot_8321_contaminated,0
heavy,13,0.005,2,shot_8348,0
heavy,13,0.005,2,shot_8348_num_defects,134
heavy,13,0.005,2,shot_8348_phase1_ns,171586
heavy,13,0.005,2,shot_8348_harvest_ns,31369
heavy,13,0.005,2,shot_8348_escalation_ns,86183
heavy,13,0.005,2,shot_8348_stock_ns,86053
heavy,13,0.005,2,shot_8348_total_ns,289369
heavy,13,0.005,2,shot_8348_exact_reference_ns,54664
heavy,13,0.005,2,shot_8348_escalated,1
heavy,13,0.005,2,shot_8348_contaminated,0
heavy,13,0.005,2,shot_8381,0
heavy,13,0.005,2,shot_8381_num_defects,167
heavy,13,0.005,2,shot_8381_phase1_ns,279219
heavy,13,0.005,2,shot_8381_harvest_ns,36329
heavy,13,0.005,2,shot_8381_escalation_ns,154633
heavy,13,0.005,2,shot_8381_stock_ns,154583
heavy,13,0.005,2,shot_8381_total_ns,470402
heavy,13,0.005,2,shot_8381_exact_reference_ns,98436
heavy,13,0.005,2,shot_8381_escalated,1
heavy,13,0.005,2,shot_8381_contaminated,0
heavy,13,0.005,2,shot_8389,0
heavy,13,0.005,2,shot_8389_num_defects,155
heavy,13,0.005,2,shot_8389_phase1_ns,220188
heavy,13,0.005,2,shot_8389_harvest_ns,28624
heavy,13,0.005,2,shot_8389_escalation_ns,135146
heavy,13,0.005,2,shot_8389_stock_ns,135096
heavy,13,0.005,2,shot_8389_total_ns,384098
heavy,13,0.005,2,shot_8389_exact_reference_ns,94439
heavy,13,0.005,2,shot_8389_escalated,1
heavy,13,0.005,2,shot_8389_contaminated,0
heavy,13,0.005,2,shot_8404,0
heavy,13,0.005,2,shot_8404_num_defects,220
heavy,13,0.005,2,shot_8404_phase1_ns,381725
heavy,13,0.005,2,shot_8404_harvest_ns,8305
heavy,13,0.005,2,shot_8404_escalation_ns,0
heavy,13,0.005,2,shot_8404_stock_ns,0
heavy,13,0.005,2,shot_8404_total_ns,390130
heavy,13,0.005,2,shot_8404_exact_reference_ns,144454
heavy,13,0.005,2,shot_8404_escalated,0
heavy,13,0.005,2,shot_8404_contaminated,0
heavy,13,0.005,2,shot_8436,0
heavy,13,0.005,2,shot_8436_num_defects,156
heavy,13,0.005,2,shot_8436_phase1_ns,229415
heavy,13,0.005,2,shot_8436_harvest_ns,34305
heavy,13,0.005,2,shot_8436_escalation_ns,98226
heavy,13,0.005,2,shot_8436_stock_ns,98176
heavy,13,0.005,2,shot_8436_total_ns,362197
heavy,13,0.005,2,shot_8436_exact_reference_ns,63640
heavy,13,0.005,2,shot_8436_escalated,1
heavy,13,0.005,2,shot_8436_contaminated,0
heavy,13,0.005,2,shot_8450,0
heavy,13,0.005,2,shot_8450_num_defects,174
heavy,13,0.005,2,shot_8450_phase1_ns,273088
heavy,13,0.005,2,shot_8450_harvest_ns,26029
heavy,13,0.005,2,shot_8450_escalation_ns,163319
heavy,13,0.005,2,shot_8450_stock_ns,163269
heavy,13,0.005,2,shot_8450_total_ns,462658
heavy,13,0.005,2,shot_8450_exact_reference_ns,121561
heavy,13,0.005,2,shot_8450_escalated,1
heavy,13,0.005,2,shot_8450_contaminated,0
heavy,13,0.005,2,shot_8470,0
heavy,13,0.005,2,shot_8470_num_defects,148
heavy,13,0.005,2,shot_8470_phase1_ns,216772
heavy,13,0.005,2,shot_8470_harvest_ns,28664
heavy,13,0.005,2,shot_8470_escalation_ns,107704
heavy,13,0.005,2,shot_8470_stock_ns,107654
heavy,13,0.005,2,shot_8470_total_ns,353380
heavy,13,0.005,2,shot_8470_exact_reference_ns,69241
heavy,13,0.005,2,shot_8470_escalated,1
heavy,13,0.005,2,shot_8470_contaminated,0
heavy,13,0.005,2,shot_8488,0
heavy,13,0.005,2,shot_8488_num_defects,138
heavy,13,0.005,2,shot_8488_phase1_ns,227932
heavy,13,0.005,2,shot_8488_harvest_ns,37461
heavy,13,0.005,2,shot_8488_escalation_ns,96623
heavy,13,0.005,2,shot_8488_stock_ns,96573
heavy,13,0.005,2,shot_8488_total_ns,362247
heavy,13,0.005,2,shot_8488_exact_reference_ns,64181
heavy,13,0.005,2,shot_8488_escalated,1
heavy,13,0.005,2,shot_8488_contaminated,0
heavy,13,0.005,2,shot_8515,0
heavy,13,0.005,2,shot_8515_num_defects,169
heavy,13,0.005,2,shot_8515_phase1_ns,278518
heavy,13,0.005,2,shot_8515_harvest_ns,35437
heavy,13,0.005,2,shot_8515_escalation_ns,131289
heavy,13,0.005,2,shot_8515_stock_ns,131229
heavy,13,0.005,2,shot_8515_total_ns,445465
heavy,13,0.005,2,shot_8515_exact_reference_ns,65484
heavy,13,0.005,2,shot_8515_escalated,1
heavy,13,0.005,2,shot_8515_contaminated,0
heavy,13,0.005,2,shot_8671,0
heavy,13,0.005,2,shot_8671_num_defects,146
heavy,13,0.005,2,shot_8671_phase1_ns,213626
heavy,13,0.005,2,shot_8671_harvest_ns,34665
heavy,13,0.005,2,shot_8671_escalation_ns,175673
heavy,13,0.005,2,shot_8671_stock_ns,175613
heavy,13,0.005,2,shot_8671_total_ns,424204
heavy,13,0.005,2,shot_8671_exact_reference_ns,131970
heavy,13,0.005,2,shot_8671_escalated,1
heavy,13,0.005,2,shot_8671_contaminated,0
heavy,13,0.005,2,shot_8682,0
heavy,13,0.005,2,shot_8682_num_defects,152
heavy,13,0.005,2,shot_8682_phase1_ns,225818
heavy,13,0.005,2,shot_8682_harvest_ns,29226
heavy,13,0.005,2,shot_8682_escalation_ns,110690
heavy,13,0.005,2,shot_8682_stock_ns,110559
heavy,13,0.005,2,shot_8682_total_ns,365963
heavy,13,0.005,2,shot_8682_exact_reference_ns,74621
heavy,13,0.005,2,shot_8682_escalated,1
heavy,13,0.005,2,shot_8682_contaminated,0
heavy,13,0.005,2,shot_8713,0
heavy,13,0.005,2,shot_8713_num_defects,132
heavy,13,0.005,2,shot_8713_phase1_ns,193256
heavy,13,0.005,2,shot_8713_harvest_ns,37541
heavy,13,0.005,2,shot_8713_escalation_ns,98477
heavy,13,0.005,2,shot_8713_stock_ns,98426
heavy,13,0.005,2,shot_8713_total_ns,329615
heavy,13,0.005,2,shot_8713_exact_reference_ns,52048
heavy,13,0.005,2,shot_8713_escalated,1
heavy,13,0.005,2,shot_8713_contaminated,0
heavy,13,0.005,2,shot_8728,0
heavy,13,0.005,2,shot_8728_num_defects,223
heavy,13,0.005,2,shot_8728_phase1_ns,384098
heavy,13,0.005,2,shot_8728_harvest_ns,7995
heavy,13,0.005,2,shot_8728_escalation_ns,0
heavy,13,0.005,2,shot_8728_stock_ns,0
heavy,13,0.005,2,shot_8728_total_ns,392203
heavy,13,0.005,2,shot_8728_exact_reference_ns,127452
heavy,13,0.005,2,shot_8728_escalated,0
heavy,13,0.005,2,shot_8728_contaminated,0
heavy,13,0.005,2,shot_8751,0
heavy,13,0.005,2,shot_8751_num_defects,195
heavy,13,0.005,2,shot_8751_phase1_ns,334495
heavy,13,0.005,2,shot_8751_harvest_ns,35868
heavy,13,0.005,2,shot_8751_escalation_ns,154773
heavy,13,0.005,2,shot_8751_stock_ns,154704
heavy,13,0.005,2,shot_8751_total_ns,525316
heavy,13,0.005,2,shot_8751_exact_reference_ns,104598
heavy,13,0.005,2,shot_8751_escalated,1
heavy,13,0.005,2,shot_8751_contaminated,1
heavy,13,0.005,2,shot_8812,0
heavy,13,0.005,2,shot_8812_num_defects,186
heavy,13,0.005,2,shot_8812_phase1_ns,294759
heavy,13,0.005,2,shot_8812_harvest_ns,30648
heavy,13,0.005,2,shot_8812_escalation_ns,140456
heavy,13,0.005,2,shot_8812_stock_ns,140396
heavy,13,0.005,2,shot_8812_total_ns,466154
heavy,13,0.005,2,shot_8812_exact_reference_ns,79762
heavy,13,0.005,2,shot_8812_escalated,1
heavy,13,0.005,2,shot_8812_contaminated,0
heavy,13,0.005,2,shot_8848,0
heavy,13,0.005,2,shot_8848_num_defects,227
heavy,13,0.005,2,shot_8848_phase1_ns,398485
heavy,13,0.005,2,shot_8848_harvest_ns,8637
heavy,13,0.005,2,shot_8848_escalation_ns,0
heavy,13,0.005,2,shot_8848_stock_ns,0
heavy,13,0.005,2,shot_8848_total_ns,407212
heavy,13,0.005,2,shot_8848_exact_reference_ns,137991
heavy,13,0.005,2,shot_8848_escalated,0
heavy,13,0.005,2,shot_8848_contaminated,0
heavy,13,0.005,2,shot_8938,0
heavy,13,0.005,2,shot_8938_num_defects,155
heavy,13,0.005,2,shot_8938_phase1_ns,216040
heavy,13,0.005,2,shot_8938_harvest_ns,39565
heavy,13,0.005,2,shot_8938_escalation_ns,97014
heavy,13,0.005,2,shot_8938_stock_ns,96954
heavy,13,0.005,2,shot_8938_total_ns,352829
heavy,13,0.005,2,shot_8938_exact_reference_ns,60795
heavy,13,0.005,2,shot_8938_escalated,1
heavy,13,0.005,2,shot_8938_contaminated,0
heavy,13,0.005,2,shot_8940,0
heavy,13,0.005,2,shot_8940_num_defects,157
heavy,13,0.005,2,shot_8940_phase1_ns,245336
heavy,13,0.005,2,shot_8940_harvest_ns,17714
heavy,13,0.005,2,shot_8940_escalation_ns,115970
heavy,13,0.005,2,shot_8940_stock_ns,115920
heavy,13,0.005,2,shot_8940_total_ns,379150
heavy,13,0.005,2,shot_8940_exact_reference_ns,75113
heavy,13,0.005,2,shot_8940_escalated,1
heavy,13,0.005,2,shot_8940_contaminated,0
heavy,13,0.005,2,shot_8945,0
heavy,13,0.005,2,shot_8945_num_defects,185
heavy,13,0.005,2,shot_8945_phase1_ns,310309
heavy,13,0.005,2,shot_8945_harvest_ns,26800
heavy,13,0.005,2,shot_8945_escalation_ns,162999
heavy,13,0.005,2,shot_8945_stock_ns,162718
heavy,13,0.005,2,shot_8945_total_ns,500319
heavy,13,0.005,2,shot_8945_exact_reference_ns,118615
heavy,13,0.005,2,shot_8945_escalated,1
heavy,13,0.005,2,shot_8945_contaminated,0
heavy,13,0.005,2,shot_9099,0
heavy,13,0.005,2,shot_9099_num_defects,154
heavy,13,0.005,2,shot_9099_phase1_ns,221169
heavy,13,0.005,2,shot_9099_harvest_ns,34145
heavy,13,0.005,2,shot_9099_escalation_ns,94690
heavy,13,0.005,2,shot_9099_stock_ns,94640
heavy,13,0.005,2,shot_9099_total_ns,350224
heavy,13,0.005,2,shot_9099_exact_reference_ns,60275
heavy,13,0.005,2,shot_9099_escalated,1
heavy,13,0.005,2,shot_9099_contaminated,0
heavy,13,0.005,2,shot_9122,0
heavy,13,0.005,2,shot_9122_num_defects,160
heavy,13,0.005,2,shot_9122_phase1_ns,222823
heavy,13,0.005,2,shot_9122_harvest_ns,29987
heavy,13,0.005,2,shot_9122_escalation_ns,86945
heavy,13,0.005,2,shot_9122_stock_ns,86905
heavy,13,0.005,2,shot_9122_total_ns,339975
heavy,13,0.005,2,shot_9122_exact_reference_ns,51919
heavy,13,0.005,2,shot_9122_escalated,1
heavy,13,0.005,2,shot_9122_contaminated,0
heavy,13,0.005,2,shot_9239,0
heavy,13,0.005,2,shot_9239_num_defects,160
heavy,13,0.005,2,shot_9239_phase1_ns,614676
heavy,13,0.005,2,shot_9239_harvest_ns,106151
heavy,13,0.005,2,shot_9239_escalation_ns,203757
heavy,13,0.005,2,shot_9239_stock_ns,203376
heavy,13,0.005,2,shot_9239_total_ns,924964
heavy,13,0.005,2,shot_9239_exact_reference_ns,54623
heavy,13,0.005,2,shot_9239_escalated,1
heavy,13,0.005,2,shot_9239_contaminated,0
heavy,13,0.005,2,shot_9243,0
heavy,13,0.005,2,shot_9243_num_defects,228
heavy,13,0.005,2,shot_9243_phase1_ns,607432
heavy,13,0.005,2,shot_9243_harvest_ns,17413
heavy,13,0.005,2,shot_9243_escalation_ns,0
heavy,13,0.005,2,shot_9243_stock_ns,0
heavy,13,0.005,2,shot_9243_total_ns,625046
heavy,13,0.005,2,shot_9243_exact_reference_ns,345125
heavy,13,0.005,2,shot_9243_escalated,0
heavy,13,0.005,2,shot_9243_contaminated,0
heavy,13,0.005,2,shot_9331,0
heavy,13,0.005,2,shot_9331_num_defects,178
heavy,13,0.005,2,shot_9331_phase1_ns,270212
heavy,13,0.005,2,shot_9331_harvest_ns,39255
heavy,13,0.005,2,shot_9331_escalation_ns,120047
heavy,13,0.005,2,shot_9331_stock_ns,119987
heavy,13,0.005,2,shot_9331_total_ns,429785
heavy,13,0.005,2,shot_9331_exact_reference_ns,81744
heavy,13,0.005,2,shot_9331_escalated,1
heavy,13,0.005,2,shot_9331_contaminated,0
heavy,13,0.005,2,shot_9377,0
heavy,13,0.005,2,shot_9377_num_defects,127
heavy,13,0.005,2,shot_9377_phase1_ns,166446
heavy,13,0.005,2,shot_9377_harvest_ns,31530
heavy,13,0.005,2,shot_9377_escalation_ns,85512
heavy,13,0.005,2,shot_9377_stock_ns,85452
heavy,13,0.005,2,shot_9377_total_ns,283698
heavy,13,0.005,2,shot_9377_exact_reference_ns,64152
heavy,13,0.005,2,shot_9377_escalated,1
heavy,13,0.005,2,shot_9377_contaminated,0
heavy,13,0.005,2,shot_9495,0
heavy,13,0.005,2,shot_9495_num_defects,175
heavy,13,0.005,2,shot_9495_phase1_ns,259502
heavy,13,0.005,2,shot_9495_harvest_ns,31770
heavy,13,0.005,2,shot_9495_escalation_ns,149924
heavy,13,0.005,2,shot_9495_stock_ns,149783
heavy,13,0.005,2,shot_9495_total_ns,441427
heavy,13,0.005,2,shot_9495_exact_reference_ns,97766
heavy,13,0.005,2,shot_9495_escalated,1
heavy,13,0.005,2,shot_9495_contaminated,0
heavy,13,0.005,2,shot_9522,0
heavy,13,0.005,2,shot_9522_num_defects,146
heavy,13,0.005,2,shot_9522_phase1_ns,244764
heavy,13,0.005,2,shot_9522_harvest_ns,37231
heavy,13,0.005,2,shot_9522_escalation_ns,120789
heavy,13,0.005,2,shot_9522_stock_ns,120739
heavy,13,0.005,2,shot_9522_total_ns,402994
heavy,13,0.005,2,shot_9522_exact_reference_ns,54673
heavy,13,0.005,2,shot_9522_escalated,1
heavy,13,0.005,2,shot_9522_contaminated,0
heavy,13,0.005,2,shot_9545,0
heavy,13,0.005,2,shot_9545_num_defects,174
heavy,13,0.005,2,shot_9545_phase1_ns,403826
heavy,13,0.005,2,shot_9545_harvest_ns,54383
heavy,13,0.005,2,shot_9545_escalation_ns,198968
heavy,13,0.005,2,shot_9545_stock_ns,198906
heavy,13,0.005,2,shot_9545_total_ns,657547
heavy,13,0.005,2,shot_9545_exact_reference_ns,97265
heavy,13,0.005,2,shot_9545_escalated,1
heavy,13,0.005,2,shot_9545_contaminated,0
heavy,13,0.005,2,shot_9601,0
heavy,13,0.005,2,shot_9601_num_defects,145
heavy,13,0.005,2,shot_9601_phase1_ns,212062
heavy,13,0.005,2,shot_9601_harvest_ns,36720
heavy,13,0.005,2,shot_9601_escalation_ns,202064
heavy,13,0.005,2,shot_9601_stock_ns,201912
heavy,13,0.005,2,shot_9601_total_ns,451055
heavy,13,0.005,2,shot_9601_exact_reference_ns,155886
heavy,13,0.005,2,shot_9601_escalated,1
heavy,13,0.005,2,shot_9601_contaminated,0
heavy,13,0.005,2,shot_9628,0
heavy,13,0.005,2,shot_9628_num_defects,174
heavy,13,0.005,2,shot_9628_phase1_ns,292073
heavy,13,0.005,2,shot_9628_harvest_ns,30107
heavy,13,0.005,2,shot_9628_escalation_ns,153701
heavy,13,0.005,2,shot_9628_stock_ns,153571
heavy,13,0.005,2,shot_9628_total_ns,476092
heavy,13,0.005,2,shot_9628_exact_reference_ns,113164
heavy,13,0.005,2,shot_9628_escalated,1
heavy,13,0.005,2,shot_9628_contaminated,0
heavy,13,0.005,2,shot_9688,0
heavy,13,0.005,2,shot_9688_num_defects,134
heavy,13,0.005,2,shot_9688_phase1_ns,201412
heavy,13,0.005,2,shot_9688_harvest_ns,39074
heavy,13,0.005,2,shot_9688_escalation_ns,99990
heavy,13,0.005,2,shot_9688_stock_ns,99849
heavy,13,0.005,2,shot_9688_total_ns,340766
heavy,13,0.005,2,shot_9688_exact_reference_ns,59393
heavy,13,0.005,2,shot_9688_escalated,1
heavy,13,0.005,2,shot_9688_contaminated,0
heavy,13,0.005,2,shot_9774,0
heavy,13,0.005,2,shot_9774_num_defects,166
heavy,13,0.005,2,shot_9774_phase1_ns,278938
heavy,13,0.005,2,shot_9774_harvest_ns,33043
heavy,13,0.005,2,shot_9774_escalation_ns,213394
heavy,13,0.005,2,shot_9774_stock_ns,213334
heavy,13,0.005,2,shot_9774_total_ns,525647
heavy,13,0.005,2,shot_9774_exact_reference_ns,162478
heavy,13,0.005,2,shot_9774_escalated,1
heavy,13,0.005,2,shot_9774_contaminated,1
heavy,13,0.005,2,shot_9909,0
heavy,13,0.005,2,shot_9909_num_defects,165
heavy,13,0.005,2,shot_9909_phase1_ns,269511
heavy,13,0.005,2,shot_9909_harvest_ns,37451
heavy,13,0.005,2,shot_9909_escalation_ns,133032
heavy,13,0.005,2,shot_9909_stock_ns,132892
heavy,13,0.005,2,shot_9909_total_ns,440205
heavy,13,0.005,2,shot_9909_exact_reference_ns,94870
heavy,13,0.005,2,shot_9909_escalated,1
heavy,13,0.005,2,shot_9909_contaminated,0
heavy,13,0.005,2,shot_9954,0
heavy,13,0.005,2,shot_9954_num_defects,130
heavy,13,0.005,2,shot_9954_phase1_ns,363369
heavy,13,0.005,2,shot_9954_harvest_ns,101633
heavy,13,0.005,2,shot_9954_escalation_ns,220298
heavy,13,0.005,2,shot_9954_stock_ns,220208
heavy,13,0.005,2,shot_9954_total_ns,685500
heavy,13,0.005,2,shot_9954_exact_reference_ns,119678
heavy,13,0.005,2,shot_9954_escalated,1
heavy,13,0.005,2,shot_9954_contaminated,0
heavy,13,0.005,2,shot_10015,0
heavy,13,0.005,2,shot_10015_num_defects,223
heavy,13,0.005,2,shot_10015_phase1_ns,391222
heavy,13,0.005,2,shot_10015_harvest_ns,9358
heavy,13,0.005,2,shot_10015_escalation_ns,0
heavy,13,0.005,2,shot_10015_stock_ns,0
heavy,13,0.005,2,shot_10015_total_ns,400700
heavy,13,0.005,2,shot_10015_exact_reference_ns,149453
heavy,13,0.005,2,shot_10015_escalated,0
heavy,13,0.005,2,shot_10015_contaminated,0
heavy,13,0.005,2,shot_10204,0
heavy,13,0.005,2,shot_10204_num_defects,145
heavy,13,0.005,2,shot_10204_phase1_ns,189759
heavy,13,0.005,2,shot_10204_harvest_ns,37572
heavy,13,0.005,2,shot_10204_escalation_ns,106893
heavy,13,0.005,2,shot_10204_stock_ns,106833
heavy,13,0.005,2,shot_10204_total_ns,334464
heavy,13,0.005,2,shot_10204_exact_reference_ns,79200
heavy,13,0.005,2,shot_10204_escalated,1
heavy,13,0.005,2,shot_10204_contaminated,0
heavy,13,0.005,2,shot_10218,0
heavy,13,0.005,2,shot_10218_num_defects,152
heavy,13,0.005,2,shot_10218_phase1_ns,212202
heavy,13,0.005,2,shot_10218_harvest_ns,24447
heavy,13,0.005,2,shot_10218_escalation_ns,110128
heavy,13,0.005,2,shot_10218_stock_ns,110089
heavy,13,0.005,2,shot_10218_total_ns,347018
heavy,13,0.005,2,shot_10218_exact_reference_ns,72317
heavy,13,0.005,2,shot_10218_escalated,1
heavy,13,0.005,2,shot_10218_contaminated,0
heavy,13,0.005,2,shot_10279,0
heavy,13,0.005,2,shot_10279_num_defects,149
heavy,13,0.005,2,shot_10279_phase1_ns,253491
heavy,13,0.005,2,shot_10279_harvest_ns,42550
heavy,13,0.005,2,shot_10279_escalation_ns,132201
heavy,13,0.005,2,shot_10279_stock_ns,132131
heavy,13,0.005,2,shot_10279_total_ns,428753
heavy,13,0.005,2,shot_10279_exact_reference_ns,77497
heavy,13,0.005,2,shot_10279_escalated,1
heavy,13,0.005,2,shot_10279_contaminated,0
heavy,13,0.005,2,shot_10348,0
heavy,13,0.005,2,shot_10348_num_defects,145
heavy,13,0.005,2,shot_10348_phase1_ns,202744
heavy,13,0.005,2,shot_10348_harvest_ns,34526
heavy,13,0.005,2,shot_10348_escalation_ns,138673
heavy,13,0.005,2,shot_10348_stock_ns,138623
heavy,13,0.005,2,shot_10348_total_ns,376243
heavy,13,0.005,2,shot_10348_exact_reference_ns,88428
heavy,13,0.005,2,shot_10348_escalated,1
heavy,13,0.005,2,shot_10348_contaminated,0
heavy,13,0.005,2,shot_10391,0
heavy,13,0.005,2,shot_10391_num_defects,201
heavy,13,0.005,2,shot_10391_phase1_ns,356166
heavy,13,0.005,2,shot_10391_harvest_ns,26780
heavy,13,0.005,2,shot_10391_escalation_ns,195480
heavy,13,0.005,2,shot_10391_stock_ns,195430
heavy,13,0.005,2,shot_10391_total_ns,578617
heavy,13,0.005,2,shot_10391_exact_reference_ns,132962
heavy,13,0.005,2,shot_10391_escalated,1
heavy,13,0.005,2,shot_10391_contaminated,0
heavy,13,0.005,2,shot_10527,0
heavy,13,0.005,2,shot_10527_num_defects,170
heavy,13,0.005,2,shot_10527_phase1_ns,270864
heavy,13,0.005,2,shot_10527_harvest_ns,34305
heavy,13,0.005,2,shot_10527_escalation_ns,196242
heavy,13,0.005,2,shot_10527_stock_ns,196192
heavy,13,0.005,2,shot_10527_total_ns,501661
heavy,13,0.005,2,shot_10527_exact_reference_ns,149563
heavy,13,0.005,2,shot_10527_escalated,1
heavy,13,0.005,2,shot_10527_contaminated,0
heavy,13,0.005,2,shot_10568,0
heavy,13,0.005,2,shot_10568_num_defects,180
heavy,13,0.005,2,shot_10568_phase1_ns,291453
heavy,13,0.005,2,shot_10568_harvest_ns,24176
heavy,13,0.005,2,shot_10568_escalation_ns,182185
heavy,13,0.005,2,shot_10568_stock_ns,181754
heavy,13,0.005,2,shot_10568_total_ns,498044
heavy,13,0.005,2,shot_10568_exact_reference_ns,135627
heavy,13,0.005,2,shot_10568_escalated,1
heavy,13,0.005,2,shot_10568_contaminated,0
heavy,13,0.005,2,shot_10823,0
heavy,13,0.005,2,shot_10823_num_defects,164
heavy,13,0.005,2,shot_10823_phase1_ns,270012
heavy,13,0.005,2,shot_10823_harvest_ns,36469
heavy,13,0.005,2,shot_10823_escalation_ns,137872
heavy,13,0.005,2,shot_10823_stock_ns,137741
heavy,13,0.005,2,shot_10823_total_ns,444623
heavy,13,0.005,2,shot_10823_exact_reference_ns,94439
heavy,13,0.005,2,shot_10823_escalated,1
heavy,13,0.005,2,shot_10823_contaminated,0
heavy,13,0.005,2,shot_10913,0
heavy,13,0.005,2,shot_10913_num_defects,219
heavy,13,0.005,2,shot_10913_phase1_ns,406220
heavy,13,0.005,2,shot_10913_harvest_ns,9969
heavy,13,0.005,2,shot_10913_escalation_ns,0
heavy,13,0.005,2,shot_10913_stock_ns,0
heavy,13,0.005,2,shot_10913_total_ns,416359
heavy,13,0.005,2,shot_10913_exact_reference_ns,163380
heavy,13,0.005,2,shot_10913_escalated,0
heavy,13,0.005,2,shot_10913_contaminated,0
heavy,13,0.005,2,shot_10947,0
heavy,13,0.005,2,shot_10947_num_defects,139
heavy,13,0.005,2,shot_10947_phase1_ns,221289
heavy,13,0.005,2,shot_10947_harvest_ns,46679
heavy,13,0.005,2,shot_10947_escalation_ns,118053
heavy,13,0.005,2,shot_10947_stock_ns,117923
heavy,13,0.005,2,shot_10947_total_ns,386222
heavy,13,0.005,2,shot_10947_exact_reference_ns,63750
heavy,13,0.005,2,shot_10947_escalated,1
heavy,13,0.005,2,shot_10947_contaminated,0
heavy,13,0.005,2,shot_11002,0
heavy,13,0.005,2,shot_11002_num_defects,160
heavy,13,0.005,2,shot_11002_phase1_ns,252118
heavy,13,0.005,2,shot_11002_harvest_ns,33223
heavy,13,0.005,2,shot_11002_escalation_ns,159472
heavy,13,0.005,2,shot_11002_stock_ns,159302
heavy,13,0.005,2,shot_11002_total_ns,445034
heavy,13,0.005,2,shot_11002_exact_reference_ns,96492
heavy,13,0.005,2,shot_11002_escalated,1
heavy,13,0.005,2,shot_11002_contaminated,0
heavy,13,0.005,2,shot_11021,0
heavy,13,0.005,2,shot_11021_num_defects,156
heavy,13,0.005,2,shot_11021_phase1_ns,218504
heavy,13,0.005,2,shot_11021_harvest_ns,30768
heavy,13,0.005,2,shot_11021_escalation_ns,120609
heavy,13,0.005,2,shot_11021_stock_ns,120548
heavy,13,0.005,2,shot_11021_total_ns,370081
heavy,13,0.005,2,shot_11021_exact_reference_ns,83609
heavy,13,0.005,2,shot_11021_escalated,1
heavy,13,0.005,2,shot_11021_contaminated,0
heavy,13,0.005,2,shot_11082,0
heavy,13,0.005,2,shot_11082_num_defects,177
heavy,13,0.005,2,shot_11082_phase1_ns,298686
heavy,13,0.005,2,shot_11082_harvest_ns,34225
heavy,13,0.005,2,shot_11082_escalation_ns,153571
heavy,13,0.005,2,shot_11082_stock_ns,153521
heavy,13,0.005,2,shot_11082_total_ns,486713
heavy,13,0.005,2,shot_11082_exact_reference_ns,108736
heavy,13,0.005,2,shot_11082_escalated,1
heavy,13,0.005,2,shot_11082_contaminated,0
heavy,13,0.005,2,shot_11099,0
heavy,13,0.005,2,shot_11099_num_defects,126
heavy,13,0.005,2,shot_11099_phase1_ns,179801
heavy,13,0.005,2,shot_11099_harvest_ns,28524
heavy,13,0.005,2,shot_11099_escalation_ns,85482
heavy,13,0.005,2,shot_11099_stock_ns,85422
heavy,13,0.005,2,shot_11099_total_ns,294037
heavy,13,0.005,2,shot_11099_exact_reference_ns,55385
heavy,13,0.005,2,shot_11099_escalated,1
heavy,13,0.005,2,shot_11099_contaminated,0
heavy,13,0.005,2,shot_11107,0
heavy,13,0.005,2,shot_11107_num_defects,179
heavy,13,0.005,2,shot_11107_phase1_ns,285242
heavy,13,0.005,2,shot_11107_harvest_ns,28093
heavy,13,0.005,2,shot_11107_escalation_ns,153461
heavy,13,0.005,2,shot_11107_stock_ns,153411
heavy,13,0.005,2,shot_11107_total_ns,467045
heavy,13,0.005,2,shot_11107_exact_reference_ns,108626
heavy,13,0.005,2,shot_11107_escalated,1
heavy,13,0.005,2,shot_11107_contaminated,0
heavy,13,0.005,2,shot_11168,0
heavy,13,0.005,2,shot_11168_num_defects,147
heavy,13,0.005,2,shot_11168_phase1_ns,206150
heavy,13,0.005,2,shot_11168_harvest_ns,36199
heavy,13,0.005,2,shot_11168_escalation_ns,141468
heavy,13,0.005,2,shot_11168_stock_ns,141418
heavy,13,0.005,2,shot_11168_total_ns,384058
heavy,13,0.005,2,shot_11168_exact_reference_ns,102744
heavy,13,0.005,2,shot_11168_escalated,1
heavy,13,0.005,2,shot_11168_contaminated,0
heavy,13,0.005,2,shot_11267,0
heavy,13,0.005,2,shot_11267_num_defects,179
heavy,13,0.005,2,shot_11267_phase1_ns,304077
heavy,13,0.005,2,shot_11267_harvest_ns,35968
heavy,13,0.005,2,shot_11267_escalation_ns,167899
heavy,13,0.005,2,shot_11267_stock_ns,167848
heavy,13,0.005,2,shot_11267_total_ns,508163
heavy,13,0.005,2,shot_11267_exact_reference_ns,100410
heavy,13,0.005,2,shot_11267_escalated,1
heavy,13,0.005,2,shot_11267_contaminated,0
heavy,13,0.005,2,shot_11286,0
heavy,13,0.005,2,shot_11286_num_defects,188
heavy,13,0.005,2,shot_11286_phase1_ns,304177
heavy,13,0.005,2,shot_11286_harvest_ns,29436
heavy,13,0.005,2,shot_11286_escalation_ns,153732
heavy,13,0.005,2,shot_11286_stock_ns,153662
heavy,13,0.005,2,shot_11286_total_ns,487534
heavy,13,0.005,2,shot_11286_exact_reference_ns,109448
heavy,13,0.005,2,shot_11286_escalated,1
heavy,13,0.005,2,shot_11286_contaminated,0
heavy,13,0.005,2,shot_11362,0
heavy,13,0.005,2,shot_11362_num_defects,164
heavy,13,0.005,2,shot_11362_phase1_ns,353831
heavy,13,0.005,2,shot_11362_harvest_ns,33403
heavy,13,0.005,2,shot_11362_escalation_ns,143813
heavy,13,0.005,2,shot_11362_stock_ns,143753
heavy,13,0.005,2,shot_11362_total_ns,531287
heavy,13,0.005,2,shot_11362_exact_reference_ns,98607
heavy,13,0.005,2,shot_11362_escalated,1
heavy,13,0.005,2,shot_11362_contaminated,0
heavy,13,0.005,2,shot_11394,0
heavy,13,0.005,2,shot_11394_num_defects,153
heavy,13,0.005,2,shot_11394_phase1_ns,416330
heavy,13,0.005,2,shot_11394_harvest_ns,76324
heavy,13,0.005,2,shot_11394_escalation_ns,286062
heavy,13,0.005,2,shot_11394_stock_ns,285912
heavy,13,0.005,2,shot_11394_total_ns,779158
heavy,13,0.005,2,shot_11394_exact_reference_ns,109167
heavy,13,0.005,2,shot_11394_escalated,1
heavy,13,0.005,2,shot_11394_contaminated,0
heavy,13,0.005,2,shot_11456,0
heavy,13,0.005,2,shot_11456_num_defects,225
heavy,13,0.005,2,shot_11456_phase1_ns,426258
heavy,13,0.005,2,shot_11456_harvest_ns,8767
heavy,13,0.005,2,shot_11456_escalation_ns,0
heavy,13,0.005,2,shot_11456_stock_ns,0
heavy,13,0.005,2,shot_11456_total_ns,435135
heavy,13,0.005,2,shot_11456_exact_reference_ns,188598
heavy,13,0.005,2,shot_11456_escalated,0
heavy,13,0.005,2,shot_11456_contaminated,0
heavy,13,0.005,2,shot_11520,0
heavy,13,0.005,2,shot_11520_num_defects,126
heavy,13,0.005,2,shot_11520_phase1_ns,165995
heavy,13,0.005,2,shot_11520_harvest_ns,40908
heavy,13,0.005,2,shot_11520_escalation_ns,112313
heavy,13,0.005,2,shot_11520_stock_ns,112263
heavy,13,0.005,2,shot_11520_total_ns,319476
heavy,13,0.005,2,shot_11520_exact_reference_ns,77798
heavy,13,0.005,2,shot_11520_escalated,1
heavy,13,0.005,2,shot_11520_contaminated,0
heavy,13,0.005,2,shot_11637,0
heavy,13,0.005,2,shot_11637_num_defects,154
heavy,13,0.005,2,shot_11637_phase1_ns,258059
heavy,13,0.005,2,shot_11637_harvest_ns,43452
heavy,13,0.005,2,shot_11637_escalation_ns,161165
heavy,13,0.005,2,shot_11637_stock_ns,161005
heavy,13,0.005,2,shot_11637_total_ns,462878
heavy,13,0.005,2,shot_11637_exact_reference_ns,113204
heavy,13,0.005,2,shot_11637_escalated,1
heavy,13,0.005,2,shot_11637_contaminated,0
heavy,13,0.005,2,shot_11703,0
heavy,13,0.005,2,shot_11703_num_defects,151
heavy,13,0.005,2,shot_11703_phase1_ns,211622
heavy,13,0.005,2,shot_11703_harvest_ns,29105
heavy,13,0.005,2,shot_11703_escalation_ns,107905
heavy,13,0.005,2,shot_11703_stock_ns,107855
heavy,13,0.005,2,shot_11703_total_ns,348852
heavy,13,0.005,2,shot_11703_exact_reference_ns,71206
heavy,13,0.005,2,shot_11703_escalated,1
heavy,13,0.005,2,shot_11703_contaminated,0
heavy,13,0.005,2,shot_11754,0
heavy,13,0.005,2,shot_11754_num_defects,151
heavy,13,0.005,2,shot_11754_phase1_ns,229445
heavy,13,0.005,2,shot_11754_harvest_ns,29185
heavy,13,0.005,2,shot_11754_escalation_ns,146157
heavy,13,0.005,2,shot_11754_stock_ns,146096
heavy,13,0.005,2,shot_11754_total_ns,405038
heavy,13,0.005,2,shot_11754_exact_reference_ns,106642
heavy,13,0.005,2,shot_11754_escalated,1
heavy,13,0.005,2,shot_11754_contaminated,0
heavy,13,0.005,2,shot_11774,0
heavy,13,0.005,2,shot_11774_num_defects,165
heavy,13,0.005,2,shot_11774_phase1_ns,240867
heavy,13,0.005,2,shot_11774_harvest_ns,26871
heavy,13,0.005,2,shot_11774_escalation_ns,99810
heavy,13,0.005,2,shot_11774_stock_ns,99749
heavy,13,0.005,2,shot_11774_total_ns,367757
heavy,13,0.005,2,shot_11774_exact_reference_ns,62158
heavy,13,0.005,2,shot_11774_escalated,1
heavy,13,0.005,2,shot_11774_contaminated,0
heavy,13,0.005,2,shot_11785,0
heavy,13,0.005,2,shot_11785_num_defects,165
heavy,13,0.005,2,shot_11785_phase1_ns,255865
heavy,13,0.005,2,shot_11785_harvest_ns,23835
heavy,13,0.005,2,shot_11785_escalation_ns,128704
heavy,13,0.005,2,shot_11785_stock_ns,128665
heavy,13,0.005,2,shot_11785_total_ns,408645
heavy,13,0.005,2,shot_11785_exact_reference_ns,84561
heavy,13,0.005,2,shot_11785_escalated,1
heavy,13,0.005,2,shot_11785_contaminated,0
heavy,13,0.005,2,shot_11794,0
heavy,13,0.005,2,shot_11794_num_defects,143
heavy,13,0.005,2,shot_11794_phase1_ns,204648
heavy,13,0.005,2,shot_11794_harvest_ns,24006
heavy,13,0.005,2,shot_11794_escalation_ns,135907
heavy,13,0.005,2,shot_11794_stock_ns,135777
heavy,13,0.005,2,shot_11794_total_ns,364972
heavy,13,0.005,2,shot_11794_exact_reference_ns,79190
heavy,13,0.005,2,shot_11794_escalated,1
heavy,13,0.005,2,shot_11794_contaminated,0
heavy,13,0.005,2,shot_11830,0
heavy,13,0.005,2,shot_11830_num_defects,139
heavy,13,0.005,2,shot_11830_phase1_ns,196273
heavy,13,0.005,2,shot_11830_harvest_ns,32752
heavy,13,0.005,2,shot_11830_escalation_ns,126850
heavy,13,0.005,2,shot_11830_stock_ns,126810
heavy,13,0.005,2,shot_11830_total_ns,356125
heavy,13,0.005,2,shot_11830_exact_reference_ns,73860
heavy,13,0.005,2,shot_11830_escalated,1
heavy,13,0.005,2,shot_11830_contaminated,0
heavy,13,0.005,2,shot_11931,0
heavy,13,0.005,2,shot_11931_num_defects,148
heavy,13,0.005,2,shot_11931_phase1_ns,208575
heavy,13,0.005,2,shot_11931_harvest_ns,27914
heavy,13,0.005,2,shot_11931_escalation_ns,217332
heavy,13,0.005,2,shot_11931_stock_ns,217182
heavy,13,0.005,2,shot_11931_total_ns,454081
heavy,13,0.005,2,shot_11931_exact_reference_ns,173680
heavy,13,0.005,2,shot_11931_escalated,1
heavy,13,0.005,2,shot_11931_contaminated,0
heavy,13,0.005,2,shot_11962,0
heavy,13,0.005,2,shot_11962_num_defects,179
heavy,13,0.005,2,shot_11962_phase1_ns,278780
heavy,13,0.005,2,shot_11962_harvest_ns,25818
heavy,13,0.005,2,shot_11962_escalation_ns,135026
heavy,13,0.005,2,shot_11962_stock_ns,134976
heavy,13,0.005,2,shot_11962_total_ns,439824
heavy,13,0.005,2,shot_11962_exact_reference_ns,89910
heavy,13,0.005,2,shot_11962_escalated,1
heavy,13,0.005,2,shot_11962_contaminated,0
heavy,13,0.005,2,shot_11997,0
heavy,13,0.005,2,shot_11997_num_defects,186
heavy,13,0.005,2,shot_11997_phase1_ns,313906
heavy,13,0.005,2,shot_11997_harvest_ns,32401
heavy,13,0.005,2,shot_11997_escalation_ns,129997
heavy,13,0.005,2,shot_11997_stock_ns,129545
heavy,13,0.005,2,shot_11997_total_ns,476504
heavy,13,0.005,2,shot_11997_exact_reference_ns,70945
heavy,13,0.005,2,shot_11997_escalated,1
heavy,13,0.005,2,shot_11997_contaminated,0
heavy,13,0.005,2,shot_12005,0
heavy,13,0.005,2,shot_12005_num_defects,168
heavy,13,0.005,2,shot_12005_phase1_ns,235937
heavy,13,0.005,2,shot_12005_harvest_ns,20309
heavy,13,0.005,2,shot_12005_escalation_ns,98046
heavy,13,0.005,2,shot_12005_stock_ns,98006
heavy,13,0.005,2,shot_12005_total_ns,354522
heavy,13,0.005,2,shot_12005_exact_reference_ns,60594
heavy,13,0.005,2,shot_12005_escalated,1
heavy,13,0.005,2,shot_12005_contaminated,0
heavy,13,0.005,2,shot_12069,0
heavy,13,0.005,2,shot_12069_num_defects,176
heavy,13,0.005,2,shot_12069_phase1_ns,274080
heavy,13,0.005,2,shot_12069_harvest_ns,30247
heavy,13,0.005,2,shot_12069_escalation_ns,140436
heavy,13,0.005,2,shot_12069_stock_ns,140386
heavy,13,0.005,2,shot_12069_total_ns,444994
heavy,13,0.005,2,shot_12069_exact_reference_ns,95691
heavy,13,0.005,2,shot_12069_escalated,1
heavy,13,0.005,2,shot_12069_contaminated,0
heavy,13,0.005,2,shot_12146,0
heavy,13,0.005,2,shot_12146_num_defects,154
heavy,13,0.005,2,shot_12146_phase1_ns,318664
heavy,13,0.005,2,shot_12146_harvest_ns,43533
heavy,13,0.005,2,shot_12146_escalation_ns,177918
heavy,13,0.005,2,shot_12146_stock_ns,177747
heavy,13,0.005,2,shot_12146_total_ns,540385
heavy,13,0.005,2,shot_12146_exact_reference_ns,98406
heavy,13,0.005,2,shot_12146_escalated,1
heavy,13,0.005,2,shot_12146_contaminated,0
heavy,13,0.005,2,shot_12179,0
heavy,13,0.005,2,shot_12179_num_defects,225
heavy,13,0.005,2,shot_12179_phase1_ns,540364
heavy,13,0.005,2,shot_12179_harvest_ns,17003
heavy,13,0.005,2,shot_12179_escalation_ns,0
heavy,13,0.005,2,shot_12179_stock_ns,0
heavy,13,0.005,2,shot_12179_total_ns,557778
heavy,13,0.005,2,shot_12179_exact_reference_ns,260654
heavy,13,0.005,2,shot_12179_escalated,0
heavy,13,0.005,2,shot_12179_contaminated,0
heavy,13,0.005,2,shot_12203,0
heavy,13,0.005,2,shot_12203_num_defects,194
heavy,13,0.005,2,shot_12203_phase1_ns,335798
heavy,13,0.005,2,shot_12203_harvest_ns,38312
heavy,13,0.005,2,shot_12203_escalation_ns,152760
heavy,13,0.005,2,shot_12203_stock_ns,152700
heavy,13,0.005,2,shot_12203_total_ns,527120
heavy,13,0.005,2,shot_12203_exact_reference_ns,98066
heavy,13,0.005,2,shot_12203_escalated,1
heavy,13,0.005,2,shot_12203_contaminated,0
heavy,13,0.005,2,shot_12228,0
heavy,13,0.005,2,shot_12228_num_defects,157
heavy,13,0.005,2,shot_12228_phase1_ns,228774
heavy,13,0.005,2,shot_12228_harvest_ns,25879
heavy,13,0.005,2,shot_12228_escalation_ns,117202
heavy,13,0.005,2,shot_12228_stock_ns,117041
heavy,13,0.005,2,shot_12228_total_ns,372255
heavy,13,0.005,2,shot_12228_exact_reference_ns,79201
heavy,13,0.005,2,shot_12228_escalated,1
heavy,13,0.005,2,shot_12228_contaminated,0
heavy,13,0.005,2,shot_12250,0
heavy,13,0.005,2,shot_12250_num_defects,190
heavy,13,0.005,2,shot_12250_phase1_ns,302584
heavy,13,0.005,2,shot_12250_harvest_ns,25047
heavy,13,0.005,2,shot_12250_escalation_ns,180853
heavy,13,0.005,2,shot_12250_stock_ns,180803
heavy,13,0.005,2,shot_12250_total_ns,508755
heavy,13,0.005,2,shot_12250_exact_reference_ns,126941
heavy,13,0.005,2,shot_12250_escalated,1
heavy,13,0.005,2,shot_12250_contaminated,0
heavy,13,0.005,2,shot_12267,0
heavy,13,0.005,2,shot_12267_num_defects,172
heavy,13,0.005,2,shot_12267_phase1_ns,268098
heavy,13,0.005,2,shot_12267_harvest_ns,37912
heavy,13,0.005,2,shot_12267_escalation_ns,148461
heavy,13,0.005,2,shot_12267_stock_ns,148421
heavy,13,0.005,2,shot_12267_total_ns,454762
heavy,13,0.005,2,shot_12267_exact_reference_ns,102665
heavy,13,0.005,2,shot_12267_escalated,1
heavy,13,0.005,2,shot_12267_contaminated,0
heavy,13,0.005,2,shot_12296,0
heavy,13,0.005,2,shot_12296_num_defects,166
heavy,13,0.005,2,shot_12296_phase1_ns,233342
heavy,13,0.005,2,shot_12296_harvest_ns,28234
heavy,13,0.005,2,shot_12296_escalation_ns,137871
heavy,13,0.005,2,shot_12296_stock_ns,137711
heavy,13,0.005,2,shot_12296_total_ns,399548
heavy,13,0.005,2,shot_12296_exact_reference_ns,99269
heavy,13,0.005,2,shot_12296_escalated,1
heavy,13,0.005,2,shot_12296_contaminated,0
heavy,13,0.005,2,shot_12388,0
heavy,13,0.005,2,shot_12388_num_defects,175
heavy,13,0.005,2,shot_12388_phase1_ns,259573
heavy,13,0.005,2,shot_12388_harvest_ns,34836
heavy,13,0.005,2,shot_12388_escalation_ns,203526
heavy,13,0.005,2,shot_12388_stock_ns,203456
heavy,13,0.005,2,shot_12388_total_ns,498265
heavy,13,0.005,2,shot_12388_exact_reference_ns,149634
heavy,13,0.005,2,shot_12388_escalated,1
heavy,13,0.005,2,shot_12388_contaminated,0
heavy,13,0.005,2,shot_12495,0
heavy,13,0.005,2,shot_12495_num_defects,181
heavy,13,0.005,2,shot_12495_phase1_ns,312773
heavy,13,0.005,2,shot_12495_harvest_ns,30367
heavy,13,0.005,2,shot_12495_escalation_ns,185021
heavy,13,0.005,2,shot_12495_stock_ns,184871
heavy,13,0.005,2,shot_12495_total_ns,528382
heavy,13,0.005,2,shot_12495_exact_reference_ns,139545
heavy,13,0.005,2,shot_12495_escalated,1
heavy,13,0.005,2,shot_12495_contaminated,0
heavy,13,0.005,2,shot_12550,0
heavy,13,0.005,2,shot_12550_num_defects,147
heavy,13,0.005,2,shot_12550_phase1_ns,249483
heavy,13,0.005,2,shot_12550_harvest_ns,38103
heavy,13,0.005,2,shot_12550_escalation_ns,188678
heavy,13,0.005,2,shot_12550_stock_ns,188618
heavy,13,0.005,2,shot_12550_total_ns,476484
heavy,13,0.005,2,shot_12550_exact_reference_ns,132301
heavy,13,0.005,2,shot_12550_escalated,1
heavy,13,0.005,2,shot_12550_contaminated,0
heavy,13,0.005,2,shot_12596,0
heavy,13,0.005,2,shot_12596_num_defects,154
heavy,13,0.005,2,shot_12596_phase1_ns,219035
heavy,13,0.005,2,shot_12596_harvest_ns,30718
heavy,13,0.005,2,shot_12596_escalation_ns,128894
heavy,13,0.005,2,shot_12596_stock_ns,128834
heavy,13,0.005,2,shot_12596_total_ns,378858
heavy,13,0.005,2,shot_12596_exact_reference_ns,88979
heavy,13,0.005,2,shot_12596_escalated,1
heavy,13,0.005,2,shot_12596_contaminated,0
heavy,13,0.005,2,shot_12616,0
heavy,13,0.005,2,shot_12616_num_defects,154
heavy,13,0.005,2,shot_12616_phase1_ns,239314
heavy,13,0.005,2,shot_12616_harvest_ns,34024
heavy,13,0.005,2,shot_12616_escalation_ns,115219
heavy,13,0.005,2,shot_12616_stock_ns,115159
heavy,13,0.005,2,shot_12616_total_ns,388787
heavy,13,0.005,2,shot_12616_exact_reference_ns,76505
heavy,13,0.005,2,shot_12616_escalated,1
heavy,13,0.005,2,shot_12616_contaminated,0
heavy,13,0.005,2,shot_12633,0
heavy,13,0.005,2,shot_12633_num_defects,128
heavy,13,0.005,2,shot_12633_phase1_ns,170894
heavy,13,0.005,2,shot_12633_harvest_ns,23565
heavy,13,0.005,2,shot_12633_escalation_ns,86304
heavy,13,0.005,2,shot_12633_stock_ns,86054
heavy,13,0.005,2,shot_12633_total_ns,280973
heavy,13,0.005,2,shot_12633_exact_reference_ns,56448
heavy,13,0.005,2,shot_12633_escalated,1
heavy,13,0.005,2,shot_12633_contaminated,0
heavy,13,0.005,2,shot_12661,0
heavy,13,0.005,2,shot_12661_num_defects,176
heavy,13,0.005,2,shot_12661_phase1_ns,297915
heavy,13,0.005,2,shot_12661_harvest_ns,42210
heavy,13,0.005,2,shot_12661_escalation_ns,174560
heavy,13,0.005,2,shot_12661_stock_ns,174391
heavy,13,0.005,2,shot_12661_total_ns,514956
heavy,13,0.005,2,shot_12661_exact_reference_ns,102294
heavy,13,0.005,2,shot_12661_escalated,1
heavy,13,0.005,2,shot_12661_contaminated,0
heavy,13,0.005,2,shot_12846,0
heavy,13,0.005,2,shot_12846_num_defects,160
heavy,13,0.005,2,shot_12846_phase1_ns,455001
heavy,13,0.005,2,shot_12846_harvest_ns,75414
heavy,13,0.005,2,shot_12846_escalation_ns,218624
heavy,13,0.005,2,shot_12846_stock_ns,218374
heavy,13,0.005,2,shot_12846_total_ns,750653
heavy,13,0.005,2,shot_12846_exact_reference_ns,96844
heavy,13,0.005,2,shot_12846_escalated,1
heavy,13,0.005,2,shot_12846_contaminated,1
heavy,13,0.005,2,shot_12943,0
heavy,13,0.005,2,shot_12943_num_defects,165
heavy,13,0.005,2,shot_12943_phase1_ns,246416
heavy,13,0.005,2,shot_12943_harvest_ns,34376
heavy,13,0.005,2,shot_12943_escalation_ns,122523
heavy,13,0.005,2,shot_12943_stock_ns,122462
heavy,13,0.005,2,shot_12943_total_ns,403555
heavy,13,0.005,2,shot_12943_exact_reference_ns,97314
heavy,13,0.005,2,shot_12943_escalated,1
heavy,13,0.005,2,shot_12943_contaminated,0
heavy,13,0.005,2,shot_12961,0
heavy,13,0.005,2,shot_12961_num_defects,138
heavy,13,0.005,2,shot_12961_phase1_ns,239473
heavy,13,0.005,2,shot_12961_harvest_ns,35809
heavy,13,0.005,2,shot_12961_escalation_ns,139103
heavy,13,0.005,2,shot_12961_stock_ns,139064
heavy,13,0.005,2,shot_12961_total_ns,414957
heavy,13,0.005,2,shot_12961_exact_reference_ns,89229
heavy,13,0.005,2,shot_12961_escalated,1
heavy,13,0.005,2,shot_12961_contaminated,0
heavy,13,0.005,2,shot_12969,0
heavy,13,0.005,2,shot_12969_num_defects,157
heavy,13,0.005,2,shot_12969_phase1_ns,236478
heavy,13,0.005,2,shot_12969_harvest_ns,28775
heavy,13,0.005,2,shot_12969_escalation_ns,109467
heavy,13,0.005,2,shot_12969_stock_ns,109388
heavy,13,0.005,2,shot_12969_total_ns,374931
heavy,13,0.005,2,shot_12969_exact_reference_ns,74431
heavy,13,0.005,2,shot_12969_escalated,1
heavy,13,0.005,2,shot_12969_contaminated,0
heavy,13,0.005,2,shot_13079,0
heavy,13,0.005,2,shot_13079_num_defects,172
heavy,13,0.005,2,shot_13079_phase1_ns,266706
heavy,13,0.005,2,shot_13079_harvest_ns,28644
heavy,13,0.005,2,shot_13079_escalation_ns,166956
heavy,13,0.005,2,shot_13079_stock_ns,166907
heavy,13,0.005,2,shot_13079_total_ns,462557
heavy,13,0.005,2,shot_13079_exact_reference_ns,122863
heavy,13,0.005,2,shot_13079_escalated,1
heavy,13,0.005,2,shot_13079_contaminated,0
heavy,13,0.005,2,shot_13082,0
heavy,13,0.005,2,shot_13082_num_defects,170
heavy,13,0.005,2,shot_13082_phase1_ns,262359
heavy,13,0.005,2,shot_13082_harvest_ns,20839
heavy,13,0.005,2,shot_13082_escalation_ns,194810
heavy,13,0.005,2,shot_13082_stock_ns,194750
heavy,13,0.005,2,shot_13082_total_ns,478377
heavy,13,0.005,2,shot_13082_exact_reference_ns,153391
heavy,13,0.005,2,shot_13082_escalated,1
heavy,13,0.005,2,shot_13082_contaminated,0
heavy,13,0.005,2,shot_13106,0
heavy,13,0.005,2,shot_13106_num_defects,224
heavy,13,0.005,2,shot_13106_phase1_ns,387264
heavy,13,0.005,2,shot_13106_harvest_ns,8767
heavy,13,0.005,2,shot_13106_escalation_ns,0
heavy,13,0.005,2,shot_13106_stock_ns,0
heavy,13,0.005,2,shot_13106_total_ns,396171
heavy,13,0.005,2,shot_13106_exact_reference_ns,159242
heavy,13,0.005,2,shot_13106_escalated,0
heavy,13,0.005,2,shot_13106_contaminated,0
heavy,13,0.005,2,shot_13122,0
heavy,13,0.005,2,shot_13122_num_defects,163
heavy,13,0.005,2,shot_13122_phase1_ns,274000
heavy,13,0.005,2,shot_13122_harvest_ns,39505
heavy,13,0.005,2,shot_13122_escalation_ns,380942
heavy,13,0.005,2,shot_13122_stock_ns,380792
heavy,13,0.005,2,shot_13122_total_ns,694797
heavy,13,0.005,2,shot_13122_exact_reference_ns,310359
heavy,13,0.005,2,shot_13122_escalated,1
heavy,13,0.005,2,shot_13122_contaminated,0
heavy,13,0.005,2,shot_13382,0
heavy,13,0.005,2,shot_13382_num_defects,168
heavy,13,0.005,2,shot_13382_phase1_ns,282056
heavy,13,0.005,2,shot_13382_harvest_ns,34084
heavy,13,0.005,2,shot_13382_escalation_ns,166947
heavy,13,0.005,2,shot_13382_stock_ns,166887
heavy,13,0.005,2,shot_13382_total_ns,483327
heavy,13,0.005,2,shot_13382_exact_reference_ns,123694
heavy,13,0.005,2,shot_13382_escalated,1
heavy,13,0.005,2,shot_13382_contaminated,0
heavy,13,0.005,2,shot_13386,0
heavy,13,0.005,2,shot_13386_num_defects,224
heavy,13,0.005,2,shot_13386_phase1_ns,391823
heavy,13,0.005,2,shot_13386_harvest_ns,9057
heavy,13,0.005,2,shot_13386_escalation_ns,0
heavy,13,0.005,2,shot_13386_stock_ns,0
heavy,13,0.005,2,shot_13386_total_ns,400980
heavy,13,0.005,2,shot_13386_exact_reference_ns,152729
heavy,13,0.005,2,shot_13386_escalated,0
heavy,13,0.005,2,shot_13386_contaminated,0
heavy,13,0.005,2,shot_13393,0
heavy,13,0.005,2,shot_13393_num_defects,181
heavy,13,0.005,2,shot_13393_phase1_ns,313745
heavy,13,0.005,2,shot_13393_harvest_ns,36689
heavy,13,0.005,2,shot_13393_escalation_ns,200691
heavy,13,0.005,2,shot_13393_stock_ns,200640
heavy,13,0.005,2,shot_13393_total_ns,551346
heavy,13,0.005,2,shot_13393_exact_reference_ns,148792
heavy,13,0.005,2,shot_13393_escalated,1
heavy,13,0.005,2,shot_13393_contaminated,0
heavy,13,0.005,2,shot_13394,0
heavy,13,0.005,2,shot_13394_num_defects,169
heavy,13,0.005,2,shot_13394_phase1_ns,289238
heavy,13,0.005,2,shot_13394_harvest_ns,20830
heavy,13,0.005,2,shot_13394_escalation_ns,130106
heavy,13,0.005,2,shot_13394_stock_ns,130057
heavy,13,0.005,2,shot_13394_total_ns,440405
heavy,13,0.005,2,shot_13394_exact_reference_ns,84530
heavy,13,0.005,2,shot_13394_escalated,1
heavy,13,0.005,2,shot_13394_contaminated,0
heavy,13,0.005,2,shot_13539,0
heavy,13,0.005,2,shot_13539_num_defects,131
heavy,13,0.005,2,shot_13539_phase1_ns,455935
heavy,13,0.005,2,shot_13539_harvest_ns,88047
heavy,13,0.005,2,shot_13539_escalation_ns,292735
heavy,13,0.005,2,shot_13539_stock_ns,292665
heavy,13,0.005,2,shot_13539_total_ns,837318
heavy,13,0.005,2,shot_13539_exact_reference_ns,109617
heavy,13,0.005,2,shot_13539_escalated,1
heavy,13,0.005,2,shot_13539_contaminated,0
heavy,13,0.005,2,shot_13587,0
heavy,13,0.005,2,shot_13587_num_defects,156
heavy,13,0.005,2,shot_13587_phase1_ns,294910
heavy,13,0.005,2,shot_13587_harvest_ns,57939
heavy,13,0.005,2,shot_13587_escalation_ns,245536
heavy,13,0.005,2,shot_13587_stock_ns,245216
heavy,13,0.005,2,shot_13587_total_ns,598916
heavy,13,0.005,2,shot_13587_exact_reference_ns,151016
heavy,13,0.005,2,shot_13587_escalated,1
heavy,13,0.005,2,shot_13587_contaminated,0
heavy,13,0.005,2,shot_13618,0
heavy,13,0.005,2,shot_13618_num_defects,136
heavy,13,0.005,2,shot_13618_phase1_ns,224295
heavy,13,0.005,2,shot_13618_harvest_ns,45386
heavy,13,0.005,2,shot_13618_escalation_ns,138112
heavy,13,0.005,2,shot_13618_stock_ns,137952
heavy,13,0.005,2,shot_13618_total_ns,408174
heavy,13,0.005,2,shot_13618_exact_reference_ns,59081
heavy,13,0.005,2,shot_13618_escalated,1
heavy,13,0.005,2,shot_13618_contaminated,0
heavy,13,0.005,2,shot_13714,0
heavy,13,0.005,2,shot_13714_num_defects,179
heavy,13,0.005,2,shot_13714_phase1_ns,296892
heavy,13,0.005,2,shot_13714_harvest_ns,36750
heavy,13,0.005,2,shot_13714_escalation_ns,139695
heavy,13,0.005,2,shot_13714_stock_ns,139615
heavy,13,0.005,2,shot_13714_total_ns,473567
heavy,13,0.005,2,shot_13714_exact_reference_ns,94900
heavy,13,0.005,2,shot_13714_escalated,1
heavy,13,0.005,2,shot_13714_contaminated,0
heavy,13,0.005,2,shot_13829,0
heavy,13,0.005,2,shot_13829_num_defects,167
heavy,13,0.005,2,shot_13829_phase1_ns,267968
heavy,13,0.005,2,shot_13829_harvest_ns,31880
heavy,13,0.005,2,shot_13829_escalation_ns,155395
heavy,13,0.005,2,shot_13829_stock_ns,155305
heavy,13,0.005,2,shot_13829_total_ns,455444
heavy,13,0.005,2,shot_13829_exact_reference_ns,114927
heavy,13,0.005,2,shot_13829_escalated,1
heavy,13,0.005,2,shot_13829_contaminated,0
heavy,13,0.005,2,shot_13855,0
heavy,13,0.005,2,shot_13855_num_defects,183
heavy,13,0.005,2,shot_13855_phase1_ns,411339
heavy,13,0.005,2,shot_13855_harvest_ns,47691
heavy,13,0.005,2,shot_13855_escalation_ns,256046
heavy,13,0.005,2,shot_13855_stock_ns,256005
heavy,13,0.005,2,shot_13855_total_ns,716178
heavy,13,0.005,2,shot_13855_exact_reference_ns,107834
heavy,13,0.005,2,shot_13855_escalated,1
heavy,13,0.005,2,shot_13855_contaminated,0
heavy,13,0.005,2,shot_13978,0
heavy,13,0.005,2,shot_13978_num_defects,163
heavy,13,0.005,2,shot_13978_phase1_ns,252458
heavy,13,0.005,2,shot_13978_harvest_ns,43934
heavy,13,0.005,2,shot_13978_escalation_ns,193216
heavy,13,0.005,2,shot_13978_stock_ns,193066
heavy,13,0.005,2,shot_13978_total_ns,490139
heavy,13,0.005,2,shot_13978_exact_reference_ns,146698
heavy,13,0.005,2,shot_13978_escalated,1
heavy,13,0.005,2,shot_13978_contaminated,0
heavy,13,0.005,2,shot_14028,0
heavy,13,0.005,2,shot_14028_num_defects,156
heavy,13,0.005,2,shot_14028_phase1_ns,221590
heavy,13,0.005,2,shot_14028_harvest_ns,35989
heavy,13,0.005,2,shot_14028_escalation_ns,121841
heavy,13,0.005,2,shot_14028_stock_ns,121671
heavy,13,0.005,2,shot_14028_total_ns,380011
heavy,13,0.005,2,shot_14028_exact_reference_ns,76825
heavy,13,0.005,2,shot_14028_escalated,1
heavy,13,0.005,2,shot_14028_contaminated,0
heavy,13,0.005,2,shot_14124,0
heavy,13,0.005,2,shot_14124_num_defects,140
heavy,13,0.005,2,shot_14124_phase1_ns,199929
heavy,13,0.005,2,shot_14124_harvest_ns,35407
heavy,13,0.005,2,shot_14124_escalation_ns,153892
heavy,13,0.005,2,shot_14124_stock_ns,153821
heavy,13,0.005,2,shot_14124_total_ns,389488
heavy,13,0.005,2,shot_14124_exact_reference_ns,124656
heavy,13,0.005,2,shot_14124_escalated,1
heavy,13,0.005,2,shot_14124_contaminated,0
heavy,13,0.005,2,shot_14178,0
heavy,13,0.005,2,shot_14178_num_defects,169
heavy,13,0.005,2,shot_14178_phase1_ns,370412
heavy,13,0.005,2,shot_14178_harvest_ns,44515
heavy,13,0.005,2,shot_14178_escalation_ns,269802
heavy,13,0.005,2,shot_14178_stock_ns,269652
heavy,13,0.005,2,shot_14178_total_ns,685510
heavy,13,0.005,2,shot_14178_exact_reference_ns,127802
heavy,13,0.005,2,shot_14178_escalated,1
heavy,13,0.005,2,shot_14178_contaminated,1
heavy,13,0.005,2,shot_14305,0
heavy,13,0.005,2,shot_14305_num_defects,208
heavy,13,0.005,2,shot_14305_phase1_ns,384999
heavy,13,0.005,2,shot_14305_harvest_ns,30789
heavy,13,0.005,2,shot_14305_escalation_ns,281323
heavy,13,0.005,2,shot_14305_stock_ns,281253
heavy,13,0.005,2,shot_14305_total_ns,697462
heavy,13,0.005,2,shot_14305_exact_reference_ns,245165
heavy,13,0.005,2,shot_14305_escalated,1
heavy,13,0.005,2,shot_14305_contaminated,0
heavy,13,0.005,2,shot_14339,0
heavy,13,0.005,2,shot_14339_num_defects,165
heavy,13,0.005,2,shot_14339_phase1_ns,239665
heavy,13,0.005,2,shot_14339_harvest_ns,25819
heavy,13,0.005,2,shot_14339_escalation_ns,171856
heavy,13,0.005,2,shot_14339_stock_ns,171796
heavy,13,0.005,2,shot_14339_total_ns,437700
heavy,13,0.005,2,shot_14339_exact_reference_ns,115318
heavy,13,0.005,2,shot_14339_escalated,1
heavy,13,0.005,2,shot_14339_contaminated,0
heavy,13,0.005,2,shot_14341,0
heavy,13,0.005,2,shot_14341_num_defects,172
heavy,13,0.005,2,shot_14341_phase1_ns,258811
heavy,13,0.005,2,shot_14341_harvest_ns,21370
heavy,13,0.005,2,shot_14341_escalation_ns,132231
heavy,13,0.005,2,shot_14341_stock_ns,132171
heavy,13,0.005,2,shot_14341_total_ns,412662
heavy,13,0.005,2,shot_14341_exact_reference_ns,84631
heavy,13,0.005,2,shot_14341_escalated,1
heavy,13,0.005,2,shot_14341_contaminated,0
heavy,13,0.005,2,shot_14346,0
heavy,13,0.005,2,shot_14346_num_defects,146
heavy,13,0.005,2,shot_14346_phase1_ns,209907
heavy,13,0.005,2,shot_14346_harvest_ns,24096
heavy,13,0.005,2,shot_14346_escalation_ns,102364
heavy,13,0.005,2,shot_14346_stock_ns,102314
heavy,13,0.005,2,shot_14346_total_ns,336639
heavy,13,0.005,2,shot_14346_exact_reference_ns,65815
heavy,13,0.005,2,shot_14346_escalated,1
heavy,13,0.005,2,shot_14346_contaminated,0
heavy,13,0.005,2,shot_14414,0
heavy,13,0.005,2,shot_14414_num_defects,144
heavy,13,0.005,2,shot_14414_phase1_ns,204528
heavy,13,0.005,2,shot_14414_harvest_ns,40176
heavy,13,0.005,2,shot_14414_escalation_ns,110639
heavy,13,0.005,2,shot_14414_stock_ns,110579
heavy,13,0.005,2,shot_14414_total_ns,355875
heavy,13,0.005,2,shot_14414_exact_reference_ns,76615
heavy,13,0.005,2,shot_14414_escalated,1
heavy,13,0.005,2,shot_14414_contaminated,0
heavy,13,0.005,2,shot_14460,0
heavy,13,0.005,2,shot_14460_num_defects,189
heavy,13,0.005,2,shot_14460_phase1_ns,318293
heavy,13,0.005,2,shot_14460_harvest_ns,27943
heavy,13,0.005,2,shot_14460_escalation_ns,172978
heavy,13,0.005,2,shot_14460_stock_ns,172928
heavy,13,0.005,2,shot_14460_total_ns,519555
heavy,13,0.005,2,shot_14460_exact_reference_ns,129786
heavy,13,0.005,2,shot_14460_escalated,1
heavy,13,0.005,2,shot_14460_contaminated,0
heavy,13,0.005,2,shot_14559,0
heavy,13,0.005,2,shot_14559_num_defects,172
heavy,13,0.005,2,shot_14559_phase1_ns,251166
heavy,13,0.005,2,shot_14559_harvest_ns,35728
heavy,13,0.005,2,shot_14559_escalation_ns,109318
heavy,13,0.005,2,shot_14559_stock_ns,109147
heavy,13,0.005,2,shot_14559_total_ns,396552
heavy,13,0.005,2,shot_14559_exact_reference_ns,78148
heavy,13,0.005,2,shot_14559_escalated,1
heavy,13,0.005,2,shot_14559_contaminated,0
heavy,13,0.005,2,shot_14672,0
heavy,13,0.005,2,shot_14672_num_defects,159
heavy,13,0.005,2,shot_14672_phase1_ns,251628
heavy,13,0.005,2,shot_14672_harvest_ns,36709
heavy,13,0.005,2,shot_14672_escalation_ns,166436
heavy,13,0.005,2,shot_14672_stock_ns,166306
heavy,13,0.005,2,shot_14672_total_ns,455003
heavy,13,0.005,2,shot_14672_exact_reference_ns,124656
heavy,13,0.005,2,shot_14672_escalated,1
heavy,13,0.005,2,shot_14672_contaminated,0
heavy,13,0.005,2,shot_14798,0
heavy,13,0.005,2,shot_14798_num_defects,141
heavy,13,0.005,2,shot_14798_phase1_ns,221640
heavy,13,0.005,2,shot_14798_harvest_ns,34906
heavy,13,0.005,2,shot_14798_escalation_ns,132512
heavy,13,0.005,2,shot_14798_stock_ns,132321
heavy,13,0.005,2,shot_14798_total_ns,389277
heavy,13,0.005,2,shot_14798_exact_reference_ns,95952
heavy,13,0.005,2,shot_14798_escalated,1
heavy,13,0.005,2,shot_14798_contaminated,0
heavy,13,0.005,2,shot_14810,0
heavy,13,0.005,2,shot_14810_num_defects,181
heavy,13,0.005,2,shot_14810_phase1_ns,380112
heavy,13,0.005,2,shot_14810_harvest_ns,47459
heavy,13,0.005,2,shot_14810_escalation_ns,169311
heavy,13,0.005,2,shot_14810_stock_ns,169151
heavy,13,0.005,2,shot_14810_total_ns,597202
heavy,13,0.005,2,shot_14810_exact_reference_ns,113836
heavy,13,0.005,2,shot_14810_escalated,1
heavy,13,0.005,2,shot_14810_contaminated,0
heavy,13,0.005,2,shot_14841,0
heavy,13,0.005,2,shot_14841_num_defects,162
heavy,13,0.005,2,shot_14841_phase1_ns,249894
heavy,13,0.005,2,shot_14841_harvest_ns,35938
heavy,13,0.005,2,shot_14841_escalation_ns,158972
heavy,13,0.005,2,shot_14841_stock_ns,158911
heavy,13,0.005,2,shot_14841_total_ns,445215
heavy,13,0.005,2,shot_14841_exact_reference_ns,93708
heavy,13,0.005,2,shot_14841_escalated,1
heavy,13,0.005,2,shot_14841_contaminated,0
heavy,13,0.005,2,shot_14881,0
heavy,13,0.005,2,shot_14881_num_defects,179
heavy,13,0.005,2,shot_14881_phase1_ns,327250
heavy,13,0.005,2,shot_14881_harvest_ns,35337
heavy,13,0.005,2,shot_14881_escalation_ns,172818
heavy,13,0.005,2,shot_14881_stock_ns,172647
heavy,13,0.005,2,shot_14881_total_ns,535635
heavy,13,0.005,2,shot_14881_exact_reference_ns,109177
heavy,13,0.005,2,shot_14881_escalated,1
heavy,13,0.005,2,shot_14881_contaminated,0
heavy,13,0.005,2,shot_14909,0
heavy,13,0.005,2,shot_14909_num_defects,184
heavy,13,0.005,2,shot_14909_phase1_ns,424696
heavy,13,0.005,2,shot_14909_harvest_ns,56346
heavy,13,0.005,2,shot_14909_escalation_ns,328954
heavy,13,0.005,2,shot_14909_stock_ns,328903
heavy,13,0.005,2,shot_14909_total_ns,810366
heavy,13,0.005,2,shot_14909_exact_reference_ns,199358
heavy,13,0.005,2,shot_14909_escalated,1
heavy,13,0.005,2,shot_14909_contaminated,0
heavy,13,0.005,2,shot_14973,0
heavy,13,0.005,2,shot_14973_num_defects,159
heavy,13,0.005,2,shot_14973_phase1_ns,218515
heavy,13,0.005,2,shot_14973_harvest_ns,34455
heavy,13,0.005,2,shot_14973_escalation_ns,98707
heavy,13,0.005,2,shot_14973_stock_ns,98637
heavy,13,0.005,2,shot_14973_total_ns,351887
heavy,13,0.005,2,shot_14973_exact_reference_ns,61837
heavy,13,0.005,2,shot_14973_escalated,1
heavy,13,0.005,2,shot_14973_contaminated,0
heavy,13,0.005,2,shot_15016,0
heavy,13,0.005,2,shot_15016_num_defects,127
heavy,13,0.005,2,shot_15016_phase1_ns,167216
heavy,13,0.005,2,shot_15016_harvest_ns,28174
heavy,13,0.005,2,shot_15016_escalation_ns,90833
heavy,13,0.005,2,shot_15016_stock_ns,90782
heavy,13,0.005,2,shot_15016_total_ns,286453
heavy,13,0.005,2,shot_15016_exact_reference_ns,57459
heavy,13,0.005,2,shot_15016_escalated,1
heavy,13,0.005,2,shot_15016_contaminated,0
heavy,13,0.005,2,shot_15126,0
heavy,13,0.005,2,shot_15126_num_defects,143
heavy,13,0.005,2,shot_15126_phase1_ns,238483
heavy,13,0.005,2,shot_15126_harvest_ns,36208
heavy,13,0.005,2,shot_15126_escalation_ns,145636
heavy,13,0.005,2,shot_15126_stock_ns,145586
heavy,13,0.005,2,shot_15126_total_ns,420607
heavy,13,0.005,2,shot_15126_exact_reference_ns,100520
heavy,13,0.005,2,shot_15126_escalated,1
heavy,13,0.005,2,shot_15126_contaminated,1
heavy,13,0.005,2,shot_15139,0
heavy,13,0.005,2,shot_15139_num_defects,175
heavy,13,0.005,2,shot_15139_phase1_ns,275262
heavy,13,0.005,2,shot_15139_harvest_ns,32912
heavy,13,0.005,2,shot_15139_escalation_ns,126009
heavy,13,0.005,2,shot_15139_stock_ns,125879
heavy,13,0.005,2,shot_15139_total_ns,434423
heavy,13,0.005,2,shot_15139_exact_reference_ns,82807
heavy,13,0.005,2,shot_15139_escalated,1
heavy,13,0.005,2,shot_15139_contaminated,0
heavy,13,0.005,2,shot_15175,0
heavy,13,0.005,2,shot_15175_num_defects,192
heavy,13,0.005,2,shot_15175_phase1_ns,337259
heavy,13,0.005,2,shot_15175_harvest_ns,30759
heavy,13,0.005,2,shot_15175_escalation_ns,193547
heavy,13,0.005,2,shot_15175_stock_ns,193366
heavy,13,0.005,2,shot_15175_total_ns,561835
heavy,13,0.005,2,shot_15175_exact_reference_ns,125287
heavy,13,0.005,2,shot_15175_escalated,1
heavy,13,0.005,2,shot_15175_contaminated,0
heavy,13,0.005,2,shot_15279,0
heavy,13,0.005,2,shot_15279_num_defects,159
heavy,13,0.005,2,shot_15279_phase1_ns,239103
heavy,13,0.005,2,shot_15279_harvest_ns,34866
heavy,13,0.005,2,shot_15279_escalation_ns,164082
heavy,13,0.005,2,shot_15279_stock_ns,164021
heavy,13,0.005,2,shot_15279_total_ns,438290
heavy,13,0.005,2,shot_15279_exact_reference_ns,132411
heavy,13,0.005,2,shot_15279_escalated,1
heavy,13,0.005,2,shot_15279_contaminated,0
heavy,13,0.005,2,shot_15362,0
heavy,13,0.005,2,shot_15362_num_defects,168
heavy,13,0.005,2,shot_15362_phase1_ns,265845
heavy,13,0.005,2,shot_15362_harvest_ns,28463
heavy,13,0.005,2,shot_15362_escalation_ns,142380
heavy,13,0.005,2,shot_15362_stock_ns,142189
heavy,13,0.005,2,shot_15362_total_ns,436958
heavy,13,0.005,2,shot_15362_exact_reference_ns,98527
heavy,13,0.005,2,shot_15362_escalated,1
heavy,13,0.005,2,shot_15362_contaminated,1
heavy,13,0.005,2,shot_15863,0
heavy,13,0.005,2,shot_15863_num_defects,222
heavy,13,0.005,2,shot_15863_phase1_ns,380801
heavy,13,0.005,2,shot_15863_harvest_ns,8537
heavy,13,0.005,2,shot_15863_escalation_ns,0
heavy,13,0.005,2,shot_15863_stock_ns,0
heavy,13,0.005,2,shot_15863_total_ns,389458
heavy,13,0.005,2,shot_15863_exact_reference_ns,133362
heavy,13,0.005,2,shot_15863_escalated,0
heavy,13,0.005,2,shot_15863_contaminated,0
heavy,13,0.005,2,shot_15973,0
heavy,13,0.005,2,shot_15973_num_defects,136
heavy,13,0.005,2,shot_15973_phase1_ns,202774
heavy,13,0.005,2,shot_15973_harvest_ns,48973
heavy,13,0.005,2,shot_15973_escalation_ns,174380
heavy,13,0.005,2,shot_15973_stock_ns,174200
heavy,13,0.005,2,shot_15973_total_ns,426438
heavy,13,0.005,2,shot_15973_exact_reference_ns,135367
heavy,13,0.005,2,shot_15973_escalated,1
heavy,13,0.005,2,shot_15973_contaminated,0
heavy,13,0.005,2,shot_15988,0
heavy,13,0.005,2,shot_15988_num_defects,152
heavy,13,0.005,2,shot_15988_phase1_ns,232049
heavy,13,0.005,2,shot_15988_harvest_ns,23625
heavy,13,0.005,2,shot_15988_escalation_ns,134275
heavy,13,0.005,2,shot_15988_stock_ns,134224
heavy,13,0.005,2,shot_15988_total_ns,390200
heavy,13,0.005,2,shot_15988_exact_reference_ns,98056
heavy,13,0.005,2,shot_15988_escalated,1
heavy,13,0.005,2,shot_15988_contaminated,0
heavy,13,0.005,2,shot_16022,0
heavy,13,0.005,2,shot_16022_num_defects,163
heavy,13,0.005,2,shot_16022_phase1_ns,265714
heavy,13,0.005,2,shot_16022_harvest_ns,25498
heavy,13,0.005,2,shot_16022_escalation_ns,178940
heavy,13,0.005,2,shot_16022_stock_ns,178880
heavy,13,0.005,2,shot_16022_total_ns,470392
heavy,13,0.005,2,shot_16022_exact_reference_ns,127913
heavy,13,0.005,2,shot_16022_escalated,1
heavy,13,0.005,2,shot_16022_contaminated,0
heavy,13,0.005,2,shot_16061,0
heavy,13,0.005,2,shot_16061_num_defects,232
heavy,13,0.005,2,shot_16061_phase1_ns,434174
heavy,13,0.005,2,shot_16061_harvest_ns,10650
heavy,13,0.005,2,shot_16061_escalation_ns,0
heavy,13,0.005,2,shot_16061_stock_ns,0
heavy,13,0.005,2,shot_16061_total_ns,445134
heavy,13,0.005,2,shot_16061_exact_reference_ns,185501
heavy,13,0.005,2,shot_16061_escalated,0
heavy,13,0.005,2,shot_16061_contaminated,0
heavy,13,0.005,2,shot_16070,0
heavy,13,0.005,2,shot_16070_num_defects,197
heavy,13,0.005,2,shot_16070_phase1_ns,326830
heavy,13,0.005,2,shot_16070_harvest_ns,37882
heavy,13,0.005,2,shot_16070_escalation_ns,163460
heavy,13,0.005,2,shot_16070_stock_ns,163400
heavy,13,0.005,2,shot_16070_total_ns,528432
heavy,13,0.005,2,shot_16070_exact_reference_ns,110359
heavy,13,0.005,2,shot_16070_escalated,1
heavy,13,0.005,2,shot_16070_contaminated,0
heavy,13,0.005,2,shot_16167,0
heavy,13,0.005,2,shot_16167_num_defects,149
heavy,13,0.005,2,shot_16167_phase1_ns,250635
heavy,13,0.005,2,shot_16167_harvest_ns,41088
heavy,13,0.005,2,shot_16167_escalation_ns,120298
heavy,13,0.005,2,shot_16167_stock_ns,120248
heavy,13,0.005,2,shot_16167_total_ns,412402
heavy,13,0.005,2,shot_16167_exact_reference_ns,75233
heavy,13,0.005,2,shot_16167_escalated,1
heavy,13,0.005,2,shot_16167_contaminated,0
heavy,13,0.005,2,shot_16506,0
heavy,13,0.005,2,shot_16506_num_defects,143
heavy,13,0.005,2,shot_16506_phase1_ns,214778
heavy,13,0.005,2,shot_16506_harvest_ns,33493
heavy,13,0.005,2,shot_16506_escalation_ns,159012
heavy,13,0.005,2,shot_16506_stock_ns,158942
heavy,13,0.005,2,shot_16506_total_ns,407502
heavy,13,0.005,2,shot_16506_exact_reference_ns,106572
heavy,13,0.005,2,shot_16506_escalated,1
heavy,13,0.005,2,shot_16506_contaminated,0
heavy,13,0.005,2,shot_16551,0
heavy,13,0.005,2,shot_16551_num_defects,151
heavy,13,0.005,2,shot_16551_phase1_ns,226769
heavy,13,0.005,2,shot_16551_harvest_ns,36089
heavy,13,0.005,2,shot_16551_escalation_ns,141308
heavy,13,0.005,2,shot_16551_stock_ns,141248
heavy,13,0.005,2,shot_16551_total_ns,404397
heavy,13,0.005,2,shot_16551_exact_reference_ns,99879
heavy,13,0.005,2,shot_16551_escalated,1
heavy,13,0.005,2,shot_16551_contaminated,0
heavy,13,0.005,2,shot_16580,0
heavy,13,0.005,2,shot_16580_num_defects,139
heavy,13,0.005,2,shot_16580_phase1_ns,203987
heavy,13,0.005,2,shot_16580_harvest_ns,28023
heavy,13,0.005,2,shot_16580_escalation_ns,110450
heavy,13,0.005,2,shot_16580_stock_ns,110390
heavy,13,0.005,2,shot_16580_total_ns,342680
heavy,13,0.005,2,shot_16580_exact_reference_ns,87275
heavy,13,0.005,2,shot_16580_escalated,1
heavy,13,0.005,2,shot_16580_contaminated,0
heavy,13,0.005,2,shot_16609,0
heavy,13,0.005,2,shot_16609_num_defects,166
heavy,13,0.005,2,shot_16609_phase1_ns,240977
heavy,13,0.005,2,shot_16609_harvest_ns,29486
heavy,13,0.005,2,shot_16609_escalation_ns,108686
heavy,13,0.005,2,shot_16609_stock_ns,108636
heavy,13,0.005,2,shot_16609_total_ns,379380
heavy,13,0.005,2,shot_16609_exact_reference_ns,68470
heavy,13,0.005,2,shot_16609_escalated,1
heavy,13,0.005,2,shot_16609_contaminated,0
heavy,13,0.005,2,shot_16637,0
heavy,13,0.005,2,shot_16637_num_defects,168
heavy,13,0.005,2,shot_16637_phase1_ns,294698
heavy,13,0.005,2,shot_16637_harvest_ns,28705
heavy,13,0.005,2,shot_16637_escalation_ns,230527
heavy,13,0.005,2,shot_16637_stock_ns,230467
heavy,13,0.005,2,shot_16637_total_ns,554161
heavy,13,0.005,2,shot_16637_exact_reference_ns,173769
heavy,13,0.005,2,shot_16637_escalated,1
heavy,13,0.005,2,shot_16637_contaminated,0
heavy,13,0.005,2,shot_16665,0
heavy,13,0.005,2,shot_16665_num_defects,146
heavy,13,0.005,2,shot_16665_phase1_ns,218334
heavy,13,0.005,2,shot_16665_harvest_ns,32241
heavy,13,0.005,2,shot_16665_escalation_ns,111231
heavy,13,0.005,2,shot_16665_stock_ns,111051
heavy,13,0.005,2,shot_16665_total_ns,362107
heavy,13,0.005,2,shot_16665_exact_reference_ns,71715
heavy,13,0.005,2,shot_16665_escalated,1
heavy,13,0.005,2,shot_16665_contaminated,0
heavy,13,0.005,2,shot_16684,0
heavy,13,0.005,2,shot_16684_num_defects,167
heavy,13,0.005,2,shot_16684_phase1_ns,249965
heavy,13,0.005,2,shot_16684_harvest_ns,28343
heavy,13,0.005,2,shot_16684_escalation_ns,136870
heavy,13,0.005,2,shot_16684_stock_ns,136810
heavy,13,0.005,2,shot_16684_total_ns,415498
heavy,13,0.005,2,shot_16684_exact_reference_ns,105130
heavy,13,0.005,2,shot_16684_escalated,1
heavy,13,0.005,2,shot_16684_contaminated,0
heavy,13,0.005,2,shot_16728,0
heavy,13,0.005,2,shot_16728_num_defects,166
heavy,13,0.005,2,shot_16728_phase1_ns,287124
heavy,13,0.005,2,shot_16728_harvest_ns,34446
heavy,13,0.005,2,shot_16728_escalation_ns,163550
heavy,13,0.005,2,shot_16728_stock_ns,163490
heavy,13,0.005,2,shot_16728_total_ns,485560
heavy,13,0.005,2,shot_16728_exact_reference_ns,104227
heavy,13,0.005,2,shot_16728_escalated,1
heavy,13,0.005,2,shot_16728_contaminated,0
heavy,13,0.005,2,shot_16806,0
heavy,13,0.005,2,shot_16806_num_defects,186
heavy,13,0.005,2,shot_16806_phase1_ns,312322
heavy,13,0.005,2,shot_16806_harvest_ns,37571
heavy,13,0.005,2,shot_16806_escalation_ns,169341
heavy,13,0.005,2,shot_16806_stock_ns,169271
heavy,13,0.005,2,shot_16806_total_ns,519455
heavy,13,0.005,2,shot_16806_exact_reference_ns,123675
heavy,13,0.005,2,shot_16806_escalated,1
heavy,13,0.005,2,shot_16806_contaminated,0
heavy,13,0.005,2,shot_16940,0
heavy,13,0.005,2,shot_16940_num_defects,225
heavy,13,0.005,2,shot_16940_phase1_ns,417202
heavy,13,0.005,2,shot_16940_harvest_ns,11361
heavy,13,0.005,2,shot_16940_escalation_ns,0
heavy,13,0.005,2,shot_16940_stock_ns,0
heavy,13,0.005,2,shot_16940_total_ns,428713
heavy,13,0.005,2,shot_16940_exact_reference_ns,161436
heavy,13,0.005,2,shot_16940_escalated,0
heavy,13,0.005,2,shot_16940_contaminated,0
heavy,13,0.005,2,shot_16947,0
heavy,13,0.005,2,shot_16947_num_defects,154
heavy,13,0.005,2,shot_16947_phase1_ns,214828
heavy,13,0.005,2,shot_16947_harvest_ns,47149
heavy,13,0.005,2,shot_16947_escalation_ns,146378
heavy,13,0.005,2,shot_16947_stock_ns,146317
heavy,13,0.005,2,shot_16947_total_ns,408625
heavy,13,0.005,2,shot_16947_exact_reference_ns,103657
heavy,13,0.005,2,shot_16947_escalated,1
heavy,13,0.005,2,shot_16947_contaminated,0
heavy,13,0.005,2,shot_16989,0
heavy,13,0.005,2,shot_16989_num_defects,183
heavy,13,0.005,2,shot_16989_phase1_ns,311110
heavy,13,0.005,2,shot_16989_harvest_ns,28674
heavy,13,0.005,2,shot_16989_escalation_ns,164922
heavy,13,0.005,2,shot_16989_stock_ns,164863
heavy,13,0.005,2,shot_16989_total_ns,505117
heavy,13,0.005,2,shot_16989_exact_reference_ns,128354
heavy,13,0.005,2,shot_16989_escalated,1
heavy,13,0.005,2,shot_16989_contaminated,0
heavy,13,0.005,2,shot_17110,0
heavy,13,0.005,2,shot_17110_num_defects,148
heavy,13,0.005,2,shot_17110_phase1_ns,270853
heavy,13,0.005,2,shot_17110_harvest_ns,48743
heavy,13,0.005,2,shot_17110_escalation_ns,182025
heavy,13,0.005,2,shot_17110_stock_ns,181965
heavy,13,0.005,2,shot_17110_total_ns,501922
heavy,13,0.005,2,shot_17110_exact_reference_ns,98507
heavy,13,0.005,2,shot_17110_escalated,1
heavy,13,0.005,2,shot_17110_contaminated,0
heavy,13,0.005,2,shot_17171,0
heavy,13,0.005,2,shot_17171_num_defects,169
heavy,13,0.005,2,shot_17171_phase1_ns,307574
heavy,13,0.005,2,shot_17171_harvest_ns,42400
heavy,13,0.005,2,shot_17171_escalation_ns,179841
heavy,13,0.005,2,shot_17171_stock_ns,179771
heavy,13,0.005,2,shot_17171_total_ns,530035
heavy,13,0.005,2,shot_17171_exact_reference_ns,105200
heavy,13,0.005,2,shot_17171_escalated,1
heavy,13,0.005,2,shot_17171_contaminated,0
heavy,13,0.005,2,shot_17180,0
heavy,13,0.005,2,shot_17180_num_defects,184
heavy,13,0.005,2,shot_17180_phase1_ns,287526
heavy,13,0.005,2,shot_17180_harvest_ns,27782
heavy,13,0.005,2,shot_17180_escalation_ns,121200
heavy,13,0.005,2,shot_17180_stock_ns,121040
heavy,13,0.005,2,shot_17180_total_ns,437169
heavy,13,0.005,2,shot_17180_exact_reference_ns,74972
heavy,13,0.005,2,shot_17180_escalated,1
heavy,13,0.005,2,shot_17180_contaminated,0
heavy,13,0.005,2,shot_17242,0
heavy,13,0.005,2,shot_17242_num_defects,143
heavy,13,0.005,2,shot_17242_phase1_ns,209637
heavy,13,0.005,2,shot_17242_harvest_ns,27042
heavy,13,0.005,2,shot_17242_escalation_ns,99589
heavy,13,0.005,2,shot_17242_stock_ns,99468
heavy,13,0.005,2,shot_17242_total_ns,336518
heavy,13,0.005,2,shot_17242_exact_reference_ns,67317
heavy,13,0.005,2,shot_17242_escalated,1
heavy,13,0.005,2,shot_17242_contaminated,0
heavy,13,0.005,2,shot_17294,0
heavy,13,0.005,2,shot_17294_num_defects,162
heavy,13,0.005,2,shot_17294_phase1_ns,232230
heavy,13,0.005,2,shot_17294_harvest_ns,30598
heavy,13,0.005,2,shot_17294_escalation_ns,136970
heavy,13,0.005,2,shot_17294_stock_ns,136929
heavy,13,0.005,2,shot_17294_total_ns,400058
heavy,13,0.005,2,shot_17294_exact_reference_ns,94910
heavy,13,0.005,2,shot_17294_escalated,1
heavy,13,0.005,2,shot_17294_contaminated,0
heavy,13,0.005,2,shot_17325,0
heavy,13,0.005,2,shot_17325_num_defects,152
heavy,13,0.005,2,shot_17325_phase1_ns,227461
heavy,13,0.005,2,shot_17325_harvest_ns,37491
heavy,13,0.005,2,shot_17325_escalation_ns,161096
heavy,13,0.005,2,shot_17325_stock_ns,161036
heavy,13,0.005,2,shot_17325_total_ns,426279
heavy,13,0.005,2,shot_17325_exact_reference_ns,123044
heavy,13,0.005,2,shot_17325_escalated,1
heavy,13,0.005,2,shot_17325_contaminated,0
heavy,13,0.005,2,shot_17398,0
heavy,13,0.005,2,shot_17398_num_defects,181
heavy,13,0.005,2,shot_17398_phase1_ns,314146
heavy,13,0.005,2,shot_17398_harvest_ns,33734
heavy,13,0.005,2,shot_17398_escalation_ns,183028
heavy,13,0.005,2,shot_17398_stock_ns,182977
heavy,13,0.005,2,shot_17398_total_ns,531217
heavy,13,0.005,2,shot_17398_exact_reference_ns,118375
heavy,13,0.005,2,shot_17398_escalated,1
heavy,13,0.005,2,shot_17398_contaminated,0
heavy,13,0.005,2,shot_17582,0
heavy,13,0.005,2,shot_17582_num_defects,127
heavy,13,0.005,2,shot_17582_phase1_ns,176014
heavy,13,0.005,2,shot_17582_harvest_ns,34836
heavy,13,0.005,2,shot_17582_escalation_ns,128294
heavy,13,0.005,2,shot_17582_stock_ns,128183
heavy,13,0.005,2,shot_17582_total_ns,339384
heavy,13,0.005,2,shot_17582_exact_reference_ns,90822
heavy,13,0.005,2,shot_17582_escalated,1
heavy,13,0.005,2,shot_17582_contaminated,0
heavy,13,0.005,2,shot_17596,0
heavy,13,0.005,2,shot_17596_num_defects,179
heavy,13,0.005,2,shot_17596_phase1_ns,315428
heavy,13,0.005,2,shot_17596_harvest_ns,33534
heavy,13,0.005,2,shot_17596_escalation_ns,175764
heavy,13,0.005,2,shot_17596_stock_ns,175704
heavy,13,0.005,2,shot_17596_total_ns,524926
heavy,13,0.005,2,shot_17596_exact_reference_ns,126099
heavy,13,0.005,2,shot_17596_escalated,1
heavy,13,0.005,2,shot_17596_contaminated,0
heavy,13,0.005,2,shot_17616,0
heavy,13,0.005,2,shot_17616_num_defects,171
heavy,13,0.005,2,shot_17616_phase1_ns,258240
heavy,13,0.005,2,shot_17616_harvest_ns,23675
heavy,13,0.005,2,shot_17616_escalation_ns,129025
heavy,13,0.005,2,shot_17616_stock_ns,128975
heavy,13,0.005,2,shot_17616_total_ns,411170
heavy,13,0.005,2,shot_17616_exact_reference_ns,88447
heavy,13,0.005,2,shot_17616_escalated,1
heavy,13,0.005,2,shot_17616_contaminated,0
heavy,13,0.005,2,shot_17815,0
heavy,13,0.005,2,shot_17815_num_defects,174
heavy,13,0.005,2,shot_17815_phase1_ns,435005
heavy,13,0.005,2,shot_17815_harvest_ns,62158
heavy,13,0.005,2,shot_17815_escalation_ns,185211
heavy,13,0.005,2,shot_17815_stock_ns,184910
heavy,13,0.005,2,shot_17815_total_ns,683035
heavy,13,0.005,2,shot_17815_exact_reference_ns,67679
heavy,13,0.005,2,shot_17815_escalated,1
heavy,13,0.005,2,shot_17815_contaminated,0
heavy,13,0.005,2,shot_17819,0
heavy,13,0.005,2,shot_17819_num_defects,171
heavy,13,0.005,2,shot_17819_phase1_ns,374782
heavy,13,0.005,2,shot_17819_harvest_ns,64291
heavy,13,0.005,2,shot_17819_escalation_ns,520156
heavy,13,0.005,2,shot_17819_stock_ns,520096
heavy,13,0.005,2,shot_17819_total_ns,959900
heavy,13,0.005,2,shot_17819_exact_reference_ns,103376
heavy,13,0.005,2,shot_17819_escalated,1
heavy,13,0.005,2,shot_17819_contaminated,1
heavy,13,0.005,2,shot_17913,0
heavy,13,0.005,2,shot_17913_num_defects,136
heavy,13,0.005,2,shot_17913_phase1_ns,212343
heavy,13,0.005,2,shot_17913_harvest_ns,28724
heavy,13,0.005,2,shot_17913_escalation_ns,117723
heavy,13,0.005,2,shot_17913_stock_ns,117673
heavy,13,0.005,2,shot_17913_total_ns,359010
heavy,13,0.005,2,shot_17913_exact_reference_ns,83649
heavy,13,0.005,2,shot_17913_escalated,1
heavy,13,0.005,2,shot_17913_contaminated,0
heavy,13,0.005,2,shot_17935,0
heavy,13,0.005,2,shot_17935_num_defects,138
heavy,13,0.005,2,shot_17935_phase1_ns,209006
heavy,13,0.005,2,shot_17935_harvest_ns,33434
heavy,13,0.005,2,shot_17935_escalation_ns,128504
heavy,13,0.005,2,shot_17935_stock_ns,128444
heavy,13,0.005,2,shot_17935_total_ns,371154
heavy,13,0.005,2,shot_17935_exact_reference_ns,89450
heavy,13,0.005,2,shot_17935_escalated,1
heavy,13,0.005,2,shot_17935_contaminated,0
heavy,13,0.005,2,shot_18084,0
heavy,13,0.005,2,shot_18084_num_defects,154
heavy,13,0.005,2,shot_18084_phase1_ns,228303
heavy,13,0.005,2,shot_18084_harvest_ns,38032
heavy,13,0.005,2,shot_18084_escalation_ns,118395
heavy,13,0.005,2,shot_18084_stock_ns,118325
heavy,13,0.005,2,shot_18084_total_ns,384950
heavy,13,0.005,2,shot_18084_exact_reference_ns,71666
heavy,13,0.005,2,shot_18084_escalated,1
heavy,13,0.005,2,shot_18084_contaminated,0
heavy,13,0.005,2,shot_18094,0
heavy,13,0.005,2,shot_18094_num_defects,200
heavy,13,0.005,2,shot_18094_phase1_ns,337480
heavy,13,0.005,2,shot_18094_harvest_ns,26911
heavy,13,0.005,2,shot_18094_escalation_ns,139905
heavy,13,0.005,2,shot_18094_stock_ns,139845
heavy,13,0.005,2,shot_18094_total_ns,504547
heavy,13,0.005,2,shot_18094_exact_reference_ns,89971
heavy,13,0.005,2,shot_18094_escalated,1
heavy,13,0.005,2,shot_18094_contaminated,1
heavy,13,0.005,2,shot_18104,0
heavy,13,0.005,2,shot_18104_num_defects,183
heavy,13,0.005,2,shot_18104_phase1_ns,295420
heavy,13,0.005,2,shot_18104_harvest_ns,23605
heavy,13,0.005,2,shot_18104_escalation_ns,153722
heavy,13,0.005,2,shot_18104_stock_ns,153591
heavy,13,0.005,2,shot_18104_total_ns,472977
heavy,13,0.005,2,shot_18104_exact_reference_ns,108686
heavy,13,0.005,2,shot_18104_escalated,1
heavy,13,0.005,2,shot_18104_contaminated,0
heavy,13,0.005,2,shot_18184,0
heavy,13,0.005,2,shot_18184_num_defects,157
heavy,13,0.005,2,shot_18184_phase1_ns,232931
heavy,13,0.005,2,shot_18184_harvest_ns,30919
heavy,13,0.005,2,shot_18184_escalation_ns,197755
heavy,13,0.005,2,shot_18184_stock_ns,197694
heavy,13,0.005,2,shot_18184_total_ns,461855
heavy,13,0.005,2,shot_18184_exact_reference_ns,151327
heavy,13,0.005,2,shot_18184_escalated,1
heavy,13,0.005,2,shot_18184_contaminated,0
heavy,13,0.005,2,shot_18462,0
heavy,13,0.005,2,shot_18462_num_defects,151
heavy,13,0.005,2,shot_18462_phase1_ns,231850
heavy,13,0.005,2,shot_18462_harvest_ns,42070
heavy,13,0.005,2,shot_18462_escalation_ns,111451
heavy,13,0.005,2,shot_18462_stock_ns,111341
heavy,13,0.005,2,shot_18462_total_ns,385561
heavy,13,0.005,2,shot_18462_exact_reference_ns,67568
heavy,13,0.005,2,shot_18462_escalated,1
heavy,13,0.005,2,shot_18462_contaminated,0
heavy,13,0.005,2,shot_18476,0
heavy,13,0.005,2,shot_18476_num_defects,151
heavy,13,0.005,2,shot_18476_phase1_ns,215187
heavy,13,0.005,2,shot_18476_harvest_ns,29116
heavy,13,0.005,2,shot_18476_escalation_ns,98927
heavy,13,0.005,2,shot_18476_stock_ns,98868
heavy,13,0.005,2,shot_18476_total_ns,343471
heavy,13,0.005,2,shot_18476_exact_reference_ns,60655
heavy,13,0.005,2,shot_18476_escalated,1
heavy,13,0.005,2,shot_18476_contaminated,0
heavy,13,0.005,2,shot_18585,0
heavy,13,0.005,2,shot_18585_num_defects,139
heavy,13,0.005,2,shot_18585_phase1_ns,259752
heavy,13,0.005,2,shot_18585_harvest_ns,40497
heavy,13,0.005,2,shot_18585_escalation_ns,241878
heavy,13,0.005,2,shot_18585_stock_ns,241699
heavy,13,0.005,2,shot_18585_total_ns,542348
heavy,13,0.005,2,shot_18585_exact_reference_ns,167227
heavy,13,0.005,2,shot_18585_escalated,1
heavy,13,0.005,2,shot_18585_contaminated,0
heavy,13,0.005,2,shot_18653,0
heavy,13,0.005,2,shot_18653_num_defects,146
heavy,13,0.005,2,shot_18653_phase1_ns,207072
heavy,13,0.005,2,shot_18653_harvest_ns,30548
heavy,13,0.005,2,shot_18653_escalation_ns,99739
heavy,13,0.005,2,shot_18653_stock_ns,99689
heavy,13,0.005,2,shot_18653_total_ns,337611
heavy,13,0.005,2,shot_18653_exact_reference_ns,65875
heavy,13,0.005,2,shot_18653_escalated,1
heavy,13,0.005,2,shot_18653_contaminated,0
heavy,13,0.005,2,shot_18832,0
heavy,13,0.005,2,shot_18832_num_defects,149
heavy,13,0.005,2,shot_18832_phase1_ns,216980
heavy,13,0.005,2,shot_18832_harvest_ns,37302
heavy,13,0.005,2,shot_18832_escalation_ns,198376
heavy,13,0.005,2,shot_18832_stock_ns,198316
heavy,13,0.005,2,shot_18832_total_ns,453169
heavy,13,0.005,2,shot_18832_exact_reference_ns,154322
heavy,13,0.005,2,shot_18832_escalated,1
heavy,13,0.005,2,shot_18832_contaminated,0
heavy,13,0.005,2,shot_18925,0
heavy,13,0.005,2,shot_18925_num_defects,154
heavy,13,0.005,2,shot_18925_phase1_ns,216360
heavy,13,0.005,2,shot_18925_harvest_ns,29717
heavy,13,0.005,2,shot_18925_escalation_ns,99940
heavy,13,0.005,2,shot_18925_stock_ns,99779
heavy,13,0.005,2,shot_18925_total_ns,346227
heavy,13,0.005,2,shot_18925_exact_reference_ns,61817
heavy,13,0.005,2,shot_18925_escalated,1
heavy,13,0.005,2,shot_18925_contaminated,0
heavy,13,0.005,2,shot_19150,0
heavy,13,0.005,2,shot_19150_num_defects,133
heavy,13,0.005,2,shot_19150_phase1_ns,188568
heavy,13,0.005,2,shot_19150_harvest_ns,32652
heavy,13,0.005,2,shot_19150_escalation_ns,115209
heavy,13,0.005,2,shot_19150_stock_ns,115149
heavy,13,0.005,2,shot_19150_total_ns,336689
heavy,13,0.005,2,shot_19150_exact_reference_ns,77998
heavy,13,0.005,2,shot_19150_escalated,1
heavy,13,0.005,2,shot_19150_contaminated,0
heavy,13,0.005,2,shot_19234,0
heavy,13,0.005,2,shot_19234_num_defects,184
heavy,13,0.005,2,shot_19234_phase1_ns,271424
heavy,13,0.005,2,shot_19234_harvest_ns,35347
heavy,13,0.005,2,shot_19234_escalation_ns,150916
heavy,13,0.005,2,shot_19234_stock_ns,150856
heavy,13,0.005,2,shot_19234_total_ns,457918
heavy,13,0.005,2,shot_19234_exact_reference_ns,100881
heavy,13,0.005,2,shot_19234_escalated,1
heavy,13,0.005,2,shot_19234_contaminated,0
heavy,13,0.005,2,shot_19246,0
heavy,13,0.005,2,shot_19246_num_defects,138
heavy,13,0.005,2,shot_19246_phase1_ns,198757
heavy,13,0.005,2,shot_19246_harvest_ns,35006
heavy,13,0.005,2,shot_19246_escalation_ns,174971
heavy,13,0.005,2,shot_19246_stock_ns,174921
heavy,13,0.005,2,shot_19246_total_ns,408976
heavy,13,0.005,2,shot_19246_exact_reference_ns,130297
heavy,13,0.005,2,shot_19246_escalated,1
heavy,13,0.005,2,shot_19246_contaminated,0
heavy,13,0.005,2,shot_19254,0
heavy,13,0.005,2,shot_19254_num_defects,154
heavy,13,0.005,2,shot_19254_phase1_ns,213274
heavy,13,0.005,2,shot_19254_harvest_ns,26170
heavy,13,0.005,2,shot_19254_escalation_ns,129907
heavy,13,0.005,2,shot_19254_stock_ns,129856
heavy,13,0.005,2,shot_19254_total_ns,369591
heavy,13,0.005,2,shot_19254_exact_reference_ns,63069
heavy,13,0.005,2,shot_19254_escalated,1
heavy,13,0.005,2,shot_19254_contaminated,1
heavy,13,0.005,2,shot_19311,0
heavy,13,0.005,2,shot_19311_num_defects,176
heavy,13,0.005,2,shot_19311_phase1_ns,308485
heavy,13,0.005,2,shot_19311_harvest_ns,41248
heavy,13,0.005,2,shot_19311_escalation_ns,191844
heavy,13,0.005,2,shot_19311_stock_ns,191784
heavy,13,0.005,2,shot_19311_total_ns,541807
heavy,13,0.005,2,shot_19311_exact_reference_ns,102114
heavy,13,0.005,2,shot_19311_escalated,1
heavy,13,0.005,2,shot_19311_contaminated,0
heavy,13,0.005,2,shot_19312,0
heavy,13,0.005,2,shot_19312_num_defects,172
heavy,13,0.005,2,shot_19312_phase1_ns,742348
heavy,13,0.005,2,shot_19312_harvest_ns,45927
heavy,13,0.005,2,shot_19312_escalation_ns,235827
heavy,13,0.005,2,shot_19312_stock_ns,235767
heavy,13,0.005,2,shot_19312_total_ns,1.02437e+06
heavy,13,0.005,2,shot_19312_exact_reference_ns,113425
heavy,13,0.005,2,shot_19312_escalated,1
heavy,13,0.005,2,shot_19312_contaminated,0
heavy,13,0.005,2,shot_19369,0
heavy,13,0.005,2,shot_19369_num_defects,153
heavy,13,0.005,2,shot_19369_phase1_ns,221609
heavy,13,0.005,2,shot_19369_harvest_ns,42521
heavy,13,0.005,2,shot_19369_escalation_ns,132942
heavy,13,0.005,2,shot_19369_stock_ns,132872
heavy,13,0.005,2,shot_19369_total_ns,397353
heavy,13,0.005,2,shot_19369_exact_reference_ns,95220
heavy,13,0.005,2,shot_19369_escalated,1
heavy,13,0.005,2,shot_19369_contaminated,0
heavy,13,0.005,2,shot_19489,0
heavy,13,0.005,2,shot_19489_num_defects,175
heavy,13,0.005,2,shot_19489_phase1_ns,266575
heavy,13,0.005,2,shot_19489_harvest_ns,37041
heavy,13,0.005,2,shot_19489_escalation_ns,152729
heavy,13,0.005,2,shot_19489_stock_ns,152689
heavy,13,0.005,2,shot_19489_total_ns,456586
heavy,13,0.005,2,shot_19489_exact_reference_ns,107253
heavy,13,0.005,2,shot_19489_escalated,1
heavy,13,0.005,2,shot_19489_contaminated,0
heavy,13,0.005,2,shot_19524,0
heavy,13,0.005,2,shot_19524_num_defects,144
heavy,13,0.005,2,shot_19524_phase1_ns,218274
heavy,13,0.005,2,shot_19524_harvest_ns,25709
heavy,13,0.005,2,shot_19524_escalation_ns,102584
heavy,13,0.005,2,shot_19524_stock_ns,102494
heavy,13,0.005,2,shot_19524_total_ns,346828
heavy,13,0.005,2,shot_19524_exact_reference_ns,65073
heavy,13,0.005,2,shot_19524_escalated,1
heavy,13,0.005,2,shot_19524_contaminated,0
heavy,13,0.005,2,shot_19553,0
heavy,13,0.005,2,shot_19553_num_defects,186
heavy,13,0.005,2,shot_19553_phase1_ns,277066
heavy,13,0.005,2,shot_19553_harvest_ns,26720
heavy,13,0.005,2,shot_19553_escalation_ns,149824
heavy,13,0.005,2,shot_19553_stock_ns,149693
heavy,13,0.005,2,shot_19553_total_ns,453840
heavy,13,0.005,2,shot_19553_exact_reference_ns,101092
heavy,13,0.005,2,shot_19553_escalated,1
heavy,13,0.005,2,shot_19553_contaminated,0
heavy,13,0.005,2,shot_19707,0
heavy,13,0.005,2,shot_19707_num_defects,181
heavy,13,0.005,2,shot_19707_phase1_ns,290522
heavy,13,0.005,2,shot_19707_harvest_ns,36158
heavy,13,0.005,2,shot_19707_escalation_ns,129034
heavy,13,0.005,2,shot_19707_stock_ns,128774
heavy,13,0.005,2,shot_19707_total_ns,456035
heavy,13,0.005,2,shot_19707_exact_reference_ns,92926
heavy,13,0.005,2,shot_19707_escalated,1
heavy,13,0.005,2,shot_19707_contaminated,0
